2026-04-13 19:09:28.953 [restartedMain] DEBUG c.q.clinic.clinicserver.ClinicServerApplication - Running with Spring Boot v3.4.5, Spring v6.2.6
2026-04-13 19:09:28.953 [restartedMain] DEBUG org.springframework.boot.SpringApplication - Loading source class com.qkplm.clinic.clinicserver.ClinicServerApplication
2026-04-13 19:09:29.050 [restartedMain] DEBUG o.s.boot.devtools.restart.ChangeableUrls - Matching URLs for reloading : [file:/D:/Wcke/000SourceCode/IDEAProjects/Clinic-Server/target/classes/]
2026-04-13 19:09:29.051 [restartedMain] DEBUG o.s.boot.devtools.settings.DevToolsSettings - Included patterns for restart : [/mybatis-plus-[\w-]+.jar]
2026-04-13 19:09:29.051 [restartedMain] DEBUG o.s.boot.devtools.settings.DevToolsSettings - Excluded patterns for restart : [/spring-boot-starter-[\w-]+/, /spring-boot/(bin|build|out)/, /spring-boot-starter/(bin|build|out)/, /spring-boot-devtools/(bin|build|out)/, /spring-boot-actuator/(bin|build|out)/, /spring-boot-autoconfigure/(bin|build|out)/]
2026-04-13 19:09:29.052 [restartedMain] DEBUG o.s.b.w.s.c.AnnotationConfigServletWebServerApplicationContext - Refreshing org.springframework.boot.web.servlet.context.AnnotationConfigServletWebServerApplicationContext@3621edd
2026-04-13 19:09:29.073 [restartedMain] DEBUG o.s.b.factory.support.DefaultListableBeanFactory - Creating shared instance of singleton bean 'org.springframework.context.annotation.internalConfigurationAnnotationProcessor'
2026-04-13 19:09:29.084 [restartedMain] DEBUG o.s.b.factory.support.DefaultListableBeanFactory - Creating shared instance of singleton bean 'org.springframework.boot.autoconfigure.internalCachingMetadataReaderFactory'
2026-04-13 19:09:29.154 [restartedMain] DEBUG o.s.c.annotation.ClassPathBeanDefinitionScanner - Identified candidate component class: file [D:\Wcke\000SourceCode\IDEAProjects\Clinic-Server\target\classes\com\qkplm\clinic\libcommon\config\BQApiExceptionHandler.class]
2026-04-13 19:09:29.155 [restartedMain] DEBUG o.s.c.annotation.ClassPathBeanDefinitionScanner - Identified candidate component class: file [D:\Wcke\000SourceCode\IDEAProjects\Clinic-Server\target\classes\com\qkplm\clinic\libcommon\config\BQApplicationContext.class]
2026-04-13 19:09:29.155 [restartedMain] DEBUG o.s.c.annotation.ClassPathBeanDefinitionScanner - Identified candidate component class: file [D:\Wcke\000SourceCode\IDEAProjects\Clinic-Server\target\classes\com\qkplm\clinic\libcommon\config\BQJwtConfig.class]
2026-04-13 19:09:29.157 [restartedMain] DEBUG o.s.c.annotation.ClassPathBeanDefinitionScanner - Identified candidate component class: file [D:\Wcke\000SourceCode\IDEAProjects\Clinic-Server\target\classes\com\qkplm\clinic\libcommon\config\BQMybatisPlusConfig.class]
2026-04-13 19:09:29.162 [restartedMain] DEBUG o.s.c.annotation.ClassPathBeanDefinitionScanner - Identified candidate component class: file [D:\Wcke\000SourceCode\IDEAProjects\Clinic-Server\target\classes\com\qkplm\clinic\libcommon\config\BQRestResponseAdvice.class]
2026-04-13 19:09:29.165 [restartedMain] DEBUG o.s.c.annotation.ClassPathBeanDefinitionScanner - Identified candidate component class: file [D:\Wcke\000SourceCode\IDEAProjects\Clinic-Server\target\classes\com\qkplm\clinic\libcommon\config\BQSecurityBaseConfig.class]
2026-04-13 19:09:29.186 [restartedMain] DEBUG o.s.c.annotation.ClassPathBeanDefinitionScanner - Identified candidate component class: file [D:\Wcke\000SourceCode\IDEAProjects\Clinic-Server\target\classes\com\qkplm\clinic\libcommon\mybatis\BQMyBatisPlusMetaObjectHandler.class]
2026-04-13 19:09:29.187 [restartedMain] DEBUG o.s.c.annotation.ClassPathBeanDefinitionScanner - Identified candidate component class: file [D:\Wcke\000SourceCode\IDEAProjects\Clinic-Server\target\classes\com\qkplm\clinic\libcommon\mybatis\BQTenantHandler.class]
2026-04-13 19:09:29.190 [restartedMain] DEBUG o.s.c.annotation.ClassPathBeanDefinitionScanner - Identified candidate component class: file [D:\Wcke\000SourceCode\IDEAProjects\Clinic-Server\target\classes\com\qkplm\clinic\libcommon\security\BQAuthenticationFilter.class]
2026-04-13 19:09:29.209 [restartedMain] DEBUG o.s.c.annotation.ClassPathBeanDefinitionScanner - Identified candidate component class: file [D:\Wcke\000SourceCode\IDEAProjects\Clinic-Server\target\classes\com\qkplm\clinic\clinicserver\aop\BQLogAspect.class]
2026-04-13 19:09:29.209 [restartedMain] DEBUG o.s.c.annotation.ClassPathBeanDefinitionScanner - Identified candidate component class: file [D:\Wcke\000SourceCode\IDEAProjects\Clinic-Server\target\classes\com\qkplm\clinic\clinicserver\config\BQWebConfig.class]
2026-04-13 19:09:29.231 [restartedMain] DEBUG o.s.c.annotation.ClassPathBeanDefinitionScanner - Identified candidate component class: file [D:\Wcke\000SourceCode\IDEAProjects\Clinic-Server\target\classes\com\qkplm\clinic\clinicserver\config\security\BQWebSecurityConfig.class]
2026-04-13 19:09:29.243 [restartedMain] DEBUG o.s.c.annotation.ClassPathBeanDefinitionScanner - Identified candidate component class: file [D:\Wcke\000SourceCode\IDEAProjects\Clinic-Server\target\classes\com\qkplm\clinic\clinicserver\consumer\BQFullTextConsumer.class]
2026-04-13 19:09:29.244 [restartedMain] DEBUG o.s.c.annotation.ClassPathBeanDefinitionScanner - Identified candidate component class: file [D:\Wcke\000SourceCode\IDEAProjects\Clinic-Server\target\classes\com\qkplm\clinic\clinicserver\consumer\BQOcrConsumer.class]
2026-04-13 19:09:29.245 [restartedMain] DEBUG o.s.c.annotation.ClassPathBeanDefinitionScanner - Identified candidate component class: file [D:\Wcke\000SourceCode\IDEAProjects\Clinic-Server\target\classes\com\qkplm\clinic\clinicserver\consumer\BQOplogConsumer.class]
2026-04-13 19:09:29.252 [restartedMain] DEBUG o.s.c.annotation.ClassPathBeanDefinitionScanner - Identified candidate component class: file [D:\Wcke\000SourceCode\IDEAProjects\Clinic-Server\target\classes\com\qkplm\clinic\clinicserver\controller\BqEnumItemController.class]
2026-04-13 19:09:29.253 [restartedMain] DEBUG o.s.c.annotation.ClassPathBeanDefinitionScanner - Identified candidate component class: file [D:\Wcke\000SourceCode\IDEAProjects\Clinic-Server\target\classes\com\qkplm\clinic\clinicserver\controller\BqLogController.class]
2026-04-13 19:09:29.254 [restartedMain] DEBUG o.s.c.annotation.ClassPathBeanDefinitionScanner - Identified candidate component class: file [D:\Wcke\000SourceCode\IDEAProjects\Clinic-Server\target\classes\com\qkplm\clinic\clinicserver\controller\BQLoginController.class]
2026-04-13 19:09:29.255 [restartedMain] DEBUG o.s.c.annotation.ClassPathBeanDefinitionScanner - Identified candidate component class: file [D:\Wcke\000SourceCode\IDEAProjects\Clinic-Server\target\classes\com\qkplm\clinic\clinicserver\controller\BqParamDataController.class]
2026-04-13 19:09:29.256 [restartedMain] DEBUG o.s.c.annotation.ClassPathBeanDefinitionScanner - Identified candidate component class: file [D:\Wcke\000SourceCode\IDEAProjects\Clinic-Server\target\classes\com\qkplm\clinic\clinicserver\controller\BqParamGroupController.class]
2026-04-13 19:09:29.256 [restartedMain] DEBUG o.s.c.annotation.ClassPathBeanDefinitionScanner - Identified candidate component class: file [D:\Wcke\000SourceCode\IDEAProjects\Clinic-Server\target\classes\com\qkplm\clinic\clinicserver\controller\BqParamItemController.class]
2026-04-13 19:09:29.257 [restartedMain] DEBUG o.s.c.annotation.ClassPathBeanDefinitionScanner - Identified candidate component class: file [D:\Wcke\000SourceCode\IDEAProjects\Clinic-Server\target\classes\com\qkplm\clinic\clinicserver\controller\BqPatientController.class]
2026-04-13 19:09:29.258 [restartedMain] DEBUG o.s.c.annotation.ClassPathBeanDefinitionScanner - Identified candidate component class: file [D:\Wcke\000SourceCode\IDEAProjects\Clinic-Server\target\classes\com\qkplm\clinic\clinicserver\controller\BqRegistrationController.class]
2026-04-13 19:09:29.259 [restartedMain] DEBUG o.s.c.annotation.ClassPathBeanDefinitionScanner - Identified candidate component class: file [D:\Wcke\000SourceCode\IDEAProjects\Clinic-Server\target\classes\com\qkplm\clinic\clinicserver\controller\mvc\BQDownloadController.class]
2026-04-13 19:09:29.261 [restartedMain] DEBUG o.s.c.annotation.ClassPathBeanDefinitionScanner - Identified candidate component class: file [D:\Wcke\000SourceCode\IDEAProjects\Clinic-Server\target\classes\com\qkplm\clinic\clinicserver\controller\mvc\BQErrorController.class]
2026-04-13 19:09:29.261 [restartedMain] DEBUG o.s.c.annotation.ClassPathBeanDefinitionScanner - Identified candidate component class: file [D:\Wcke\000SourceCode\IDEAProjects\Clinic-Server\target\classes\com\qkplm\clinic\clinicserver\controller\TbAnnotationController.class]
2026-04-13 19:09:29.263 [restartedMain] DEBUG o.s.c.annotation.ClassPathBeanDefinitionScanner - Identified candidate component class: file [D:\Wcke\000SourceCode\IDEAProjects\Clinic-Server\target\classes\com\qkplm\clinic\clinicserver\controller\TbAttachmentController.class]
2026-04-13 19:09:29.263 [restartedMain] DEBUG o.s.c.annotation.ClassPathBeanDefinitionScanner - Identified candidate component class: file [D:\Wcke\000SourceCode\IDEAProjects\Clinic-Server\target\classes\com\qkplm\clinic\clinicserver\controller\TbBbsController.class]
2026-04-13 19:09:29.264 [restartedMain] DEBUG o.s.c.annotation.ClassPathBeanDefinitionScanner - Identified candidate component class: file [D:\Wcke\000SourceCode\IDEAProjects\Clinic-Server\target\classes\com\qkplm\clinic\clinicserver\controller\TbCategoryMappingController.class]
2026-04-13 19:09:29.264 [restartedMain] DEBUG o.s.c.annotation.ClassPathBeanDefinitionScanner - Identified candidate component class: file [D:\Wcke\000SourceCode\IDEAProjects\Clinic-Server\target\classes\com\qkplm\clinic\clinicserver\controller\TbCheckItemController.class]
2026-04-13 19:09:29.265 [restartedMain] DEBUG o.s.c.annotation.ClassPathBeanDefinitionScanner - Identified candidate component class: file [D:\Wcke\000SourceCode\IDEAProjects\Clinic-Server\target\classes\com\qkplm\clinic\clinicserver\controller\TbCollectorController.class]
2026-04-13 19:09:29.265 [restartedMain] DEBUG o.s.c.annotation.ClassPathBeanDefinitionScanner - Identified candidate component class: file [D:\Wcke\000SourceCode\IDEAProjects\Clinic-Server\target\classes\com\qkplm\clinic\clinicserver\controller\TbCustomerController.class]
2026-04-13 19:09:29.266 [restartedMain] DEBUG o.s.c.annotation.ClassPathBeanDefinitionScanner - Identified candidate component class: file [D:\Wcke\000SourceCode\IDEAProjects\Clinic-Server\target\classes\com\qkplm\clinic\clinicserver\controller\TbDeptController.class]
2026-04-13 19:09:29.266 [restartedMain] DEBUG o.s.c.annotation.ClassPathBeanDefinitionScanner - Identified candidate component class: file [D:\Wcke\000SourceCode\IDEAProjects\Clinic-Server\target\classes\com\qkplm\clinic\clinicserver\controller\TbDiagnosisDictController.class]
2026-04-13 19:09:29.267 [restartedMain] DEBUG o.s.c.annotation.ClassPathBeanDefinitionScanner - Identified candidate component class: file [D:\Wcke\000SourceCode\IDEAProjects\Clinic-Server\target\classes\com\qkplm\clinic\clinicserver\controller\TbDrugController.class]
2026-04-13 19:09:29.267 [restartedMain] DEBUG o.s.c.annotation.ClassPathBeanDefinitionScanner - Identified candidate component class: file [D:\Wcke\000SourceCode\IDEAProjects\Clinic-Server\target\classes\com\qkplm\clinic\clinicserver\controller\TbEnumHeaderController.class]
2026-04-13 19:09:29.268 [restartedMain] DEBUG o.s.c.annotation.ClassPathBeanDefinitionScanner - Identified candidate component class: file [D:\Wcke\000SourceCode\IDEAProjects\Clinic-Server\target\classes\com\qkplm\clinic\clinicserver\controller\TbFeeController.class]
2026-04-13 19:09:29.268 [restartedMain] DEBUG o.s.c.annotation.ClassPathBeanDefinitionScanner - Identified candidate component class: file [D:\Wcke\000SourceCode\IDEAProjects\Clinic-Server\target\classes\com\qkplm\clinic\clinicserver\controller\TbFeeItemController.class]
2026-04-13 19:09:29.269 [restartedMain] DEBUG o.s.c.annotation.ClassPathBeanDefinitionScanner - Identified candidate component class: file [D:\Wcke\000SourceCode\IDEAProjects\Clinic-Server\target\classes\com\qkplm\clinic\clinicserver\controller\TbFieldAliasController.class]
2026-04-13 19:09:29.269 [restartedMain] DEBUG o.s.c.annotation.ClassPathBeanDefinitionScanner - Identified candidate component class: file [D:\Wcke\000SourceCode\IDEAProjects\Clinic-Server\target\classes\com\qkplm\clinic\clinicserver\controller\TbFlowController.class]
2026-04-13 19:09:29.270 [restartedMain] DEBUG o.s.c.annotation.ClassPathBeanDefinitionScanner - Identified candidate component class: file [D:\Wcke\000SourceCode\IDEAProjects\Clinic-Server\target\classes\com\qkplm\clinic\clinicserver\controller\TbGroupController.class]
2026-04-13 19:09:29.270 [restartedMain] DEBUG o.s.c.annotation.ClassPathBeanDefinitionScanner - Identified candidate component class: file [D:\Wcke\000SourceCode\IDEAProjects\Clinic-Server\target\classes\com\qkplm\clinic\clinicserver\controller\TbHolidayController.class]
2026-04-13 19:09:29.271 [restartedMain] DEBUG o.s.c.annotation.ClassPathBeanDefinitionScanner - Identified candidate component class: file [D:\Wcke\000SourceCode\IDEAProjects\Clinic-Server\target\classes\com\qkplm\clinic\clinicserver\controller\TbKindController.class]
2026-04-13 19:09:29.271 [restartedMain] DEBUG o.s.c.annotation.ClassPathBeanDefinitionScanner - Identified candidate component class: file [D:\Wcke\000SourceCode\IDEAProjects\Clinic-Server\target\classes\com\qkplm\clinic\clinicserver\controller\TbKindTemplateController.class]
2026-04-13 19:09:29.272 [restartedMain] DEBUG o.s.c.annotation.ClassPathBeanDefinitionScanner - Identified candidate component class: file [D:\Wcke\000SourceCode\IDEAProjects\Clinic-Server\target\classes\com\qkplm\clinic\clinicserver\controller\TbMedicalRecordController.class]
2026-04-13 19:09:29.272 [restartedMain] DEBUG o.s.c.annotation.ClassPathBeanDefinitionScanner - Identified candidate component class: file [D:\Wcke\000SourceCode\IDEAProjects\Clinic-Server\target\classes\com\qkplm\clinic\clinicserver\controller\TbMenuController.class]
2026-04-13 19:09:29.273 [restartedMain] DEBUG o.s.c.annotation.ClassPathBeanDefinitionScanner - Identified candidate component class: file [D:\Wcke\000SourceCode\IDEAProjects\Clinic-Server\target\classes\com\qkplm\clinic\clinicserver\controller\TbPatientController.class]
2026-04-13 19:09:29.273 [restartedMain] DEBUG o.s.c.annotation.ClassPathBeanDefinitionScanner - Identified candidate component class: file [D:\Wcke\000SourceCode\IDEAProjects\Clinic-Server\target\classes\com\qkplm\clinic\clinicserver\controller\TbPrescriptionController.class]
2026-04-13 19:09:29.273 [restartedMain] DEBUG o.s.c.annotation.ClassPathBeanDefinitionScanner - Identified candidate component class: file [D:\Wcke\000SourceCode\IDEAProjects\Clinic-Server\target\classes\com\qkplm\clinic\clinicserver\controller\TbPrescriptionItemController.class]
2026-04-13 19:09:29.274 [restartedMain] DEBUG o.s.c.annotation.ClassPathBeanDefinitionScanner - Identified candidate component class: file [D:\Wcke\000SourceCode\IDEAProjects\Clinic-Server\target\classes\com\qkplm\clinic\clinicserver\controller\TbRecordController.class]
2026-04-13 19:09:29.274 [restartedMain] DEBUG o.s.c.annotation.ClassPathBeanDefinitionScanner - Identified candidate component class: file [D:\Wcke\000SourceCode\IDEAProjects\Clinic-Server\target\classes\com\qkplm\clinic\clinicserver\controller\TbRecordQualityControlController.class]
2026-04-13 19:09:29.275 [restartedMain] DEBUG o.s.c.annotation.ClassPathBeanDefinitionScanner - Identified candidate component class: file [D:\Wcke\000SourceCode\IDEAProjects\Clinic-Server\target\classes\com\qkplm\clinic\clinicserver\controller\TbRecordTrackController.class]
2026-04-13 19:09:29.275 [restartedMain] DEBUG o.s.c.annotation.ClassPathBeanDefinitionScanner - Identified candidate component class: file [D:\Wcke\000SourceCode\IDEAProjects\Clinic-Server\target\classes\com\qkplm\clinic\clinicserver\controller\TbRegistrationController.class]
2026-04-13 19:09:29.276 [restartedMain] DEBUG o.s.c.annotation.ClassPathBeanDefinitionScanner - Identified candidate component class: file [D:\Wcke\000SourceCode\IDEAProjects\Clinic-Server\target\classes\com\qkplm\clinic\clinicserver\controller\TbRoleController.class]
2026-04-13 19:09:29.276 [restartedMain] DEBUG o.s.c.annotation.ClassPathBeanDefinitionScanner - Identified candidate component class: file [D:\Wcke\000SourceCode\IDEAProjects\Clinic-Server\target\classes\com\qkplm\clinic\clinicserver\controller\TbSpecialDictController.class]
2026-04-13 19:09:29.277 [restartedMain] DEBUG o.s.c.annotation.ClassPathBeanDefinitionScanner - Identified candidate component class: file [D:\Wcke\000SourceCode\IDEAProjects\Clinic-Server\target\classes\com\qkplm\clinic\clinicserver\controller\TbTenantController.class]
2026-04-13 19:09:29.277 [restartedMain] DEBUG o.s.c.annotation.ClassPathBeanDefinitionScanner - Identified candidate component class: file [D:\Wcke\000SourceCode\IDEAProjects\Clinic-Server\target\classes\com\qkplm\clinic\clinicserver\controller\TbTreatItemController.class]
2026-04-13 19:09:29.277 [restartedMain] DEBUG o.s.c.annotation.ClassPathBeanDefinitionScanner - Identified candidate component class: file [D:\Wcke\000SourceCode\IDEAProjects\Clinic-Server\target\classes\com\qkplm\clinic\clinicserver\controller\TbUserController.class]
2026-04-13 19:09:29.278 [restartedMain] DEBUG o.s.c.annotation.ClassPathBeanDefinitionScanner - Identified candidate component class: file [D:\Wcke\000SourceCode\IDEAProjects\Clinic-Server\target\classes\com\qkplm\clinic\clinicserver\controller\TbWatermarkController.class]
2026-04-13 19:09:29.309 [restartedMain] DEBUG o.s.c.annotation.ClassPathBeanDefinitionScanner - Identified candidate component class: file [D:\Wcke\000SourceCode\IDEAProjects\Clinic-Server\target\classes\com\qkplm\clinic\clinicserver\service\impl\BqEnumItemServiceImpl.class]
2026-04-13 19:09:29.310 [restartedMain] DEBUG o.s.c.annotation.ClassPathBeanDefinitionScanner - Identified candidate component class: file [D:\Wcke\000SourceCode\IDEAProjects\Clinic-Server\target\classes\com\qkplm\clinic\clinicserver\service\impl\BqFullTextServiceImpl.class]
2026-04-13 19:09:29.310 [restartedMain] DEBUG o.s.c.annotation.ClassPathBeanDefinitionScanner - Identified candidate component class: file [D:\Wcke\000SourceCode\IDEAProjects\Clinic-Server\target\classes\com\qkplm\clinic\clinicserver\service\impl\BqLogServiceImpl.class]
2026-04-13 19:09:29.310 [restartedMain] DEBUG o.s.c.annotation.ClassPathBeanDefinitionScanner - Identified candidate component class: file [D:\Wcke\000SourceCode\IDEAProjects\Clinic-Server\target\classes\com\qkplm\clinic\clinicserver\service\impl\BqParamDataServiceImpl.class]
2026-04-13 19:09:29.311 [restartedMain] DEBUG o.s.c.annotation.ClassPathBeanDefinitionScanner - Identified candidate component class: file [D:\Wcke\000SourceCode\IDEAProjects\Clinic-Server\target\classes\com\qkplm\clinic\clinicserver\service\impl\BqParamGroupServiceImpl.class]
2026-04-13 19:09:29.311 [restartedMain] DEBUG o.s.c.annotation.ClassPathBeanDefinitionScanner - Identified candidate component class: file [D:\Wcke\000SourceCode\IDEAProjects\Clinic-Server\target\classes\com\qkplm\clinic\clinicserver\service\impl\BqParamItemServiceImpl.class]
2026-04-13 19:09:29.311 [restartedMain] DEBUG o.s.c.annotation.ClassPathBeanDefinitionScanner - Identified candidate component class: file [D:\Wcke\000SourceCode\IDEAProjects\Clinic-Server\target\classes\com\qkplm\clinic\clinicserver\service\impl\BqPatientServiceImpl.class]
2026-04-13 19:09:29.311 [restartedMain] DEBUG o.s.c.annotation.ClassPathBeanDefinitionScanner - Identified candidate component class: file [D:\Wcke\000SourceCode\IDEAProjects\Clinic-Server\target\classes\com\qkplm\clinic\clinicserver\service\impl\BqRegistrationServiceImpl.class]
2026-04-13 19:09:29.312 [restartedMain] DEBUG o.s.c.annotation.ClassPathBeanDefinitionScanner - Identified candidate component class: file [D:\Wcke\000SourceCode\IDEAProjects\Clinic-Server\target\classes\com\qkplm\clinic\clinicserver\service\impl\security\BQSecurityUserDetailsService.class]
2026-04-13 19:09:29.312 [restartedMain] DEBUG o.s.c.annotation.ClassPathBeanDefinitionScanner - Identified candidate component class: file [D:\Wcke\000SourceCode\IDEAProjects\Clinic-Server\target\classes\com\qkplm\clinic\clinicserver\service\impl\TbAnnotationServiceImpl.class]
2026-04-13 19:09:29.312 [restartedMain] DEBUG o.s.c.annotation.ClassPathBeanDefinitionScanner - Identified candidate component class: file [D:\Wcke\000SourceCode\IDEAProjects\Clinic-Server\target\classes\com\qkplm\clinic\clinicserver\service\impl\TbAttachmentServiceImpl.class]
2026-04-13 19:09:29.313 [restartedMain] DEBUG o.s.c.annotation.ClassPathBeanDefinitionScanner - Identified candidate component class: file [D:\Wcke\000SourceCode\IDEAProjects\Clinic-Server\target\classes\com\qkplm\clinic\clinicserver\service\impl\TbBbsServiceImpl.class]
2026-04-13 19:09:29.313 [restartedMain] DEBUG o.s.c.annotation.ClassPathBeanDefinitionScanner - Identified candidate component class: file [D:\Wcke\000SourceCode\IDEAProjects\Clinic-Server\target\classes\com\qkplm\clinic\clinicserver\service\impl\TbCategoryMappingServiceImpl.class]
2026-04-13 19:09:29.313 [restartedMain] DEBUG o.s.c.annotation.ClassPathBeanDefinitionScanner - Identified candidate component class: file [D:\Wcke\000SourceCode\IDEAProjects\Clinic-Server\target\classes\com\qkplm\clinic\clinicserver\service\impl\TbCheckItemServiceImpl.class]
2026-04-13 19:09:29.314 [restartedMain] DEBUG o.s.c.annotation.ClassPathBeanDefinitionScanner - Identified candidate component class: file [D:\Wcke\000SourceCode\IDEAProjects\Clinic-Server\target\classes\com\qkplm\clinic\clinicserver\service\impl\TbCollectorServiceImpl.class]
2026-04-13 19:09:29.314 [restartedMain] DEBUG o.s.c.annotation.ClassPathBeanDefinitionScanner - Identified candidate component class: file [D:\Wcke\000SourceCode\IDEAProjects\Clinic-Server\target\classes\com\qkplm\clinic\clinicserver\service\impl\TbCustomerServiceImpl.class]
2026-04-13 19:09:29.314 [restartedMain] DEBUG o.s.c.annotation.ClassPathBeanDefinitionScanner - Identified candidate component class: file [D:\Wcke\000SourceCode\IDEAProjects\Clinic-Server\target\classes\com\qkplm\clinic\clinicserver\service\impl\TbDeptServiceImpl.class]
2026-04-13 19:09:29.314 [restartedMain] DEBUG o.s.c.annotation.ClassPathBeanDefinitionScanner - Identified candidate component class: file [D:\Wcke\000SourceCode\IDEAProjects\Clinic-Server\target\classes\com\qkplm\clinic\clinicserver\service\impl\TbDiagnosisDictServiceImpl.class]
2026-04-13 19:09:29.315 [restartedMain] DEBUG o.s.c.annotation.ClassPathBeanDefinitionScanner - Identified candidate component class: file [D:\Wcke\000SourceCode\IDEAProjects\Clinic-Server\target\classes\com\qkplm\clinic\clinicserver\service\impl\TbDrugServiceImpl.class]
2026-04-13 19:09:29.315 [restartedMain] DEBUG o.s.c.annotation.ClassPathBeanDefinitionScanner - Identified candidate component class: file [D:\Wcke\000SourceCode\IDEAProjects\Clinic-Server\target\classes\com\qkplm\clinic\clinicserver\service\impl\TbEnumHeaderServiceImpl.class]
2026-04-13 19:09:29.315 [restartedMain] DEBUG o.s.c.annotation.ClassPathBeanDefinitionScanner - Identified candidate component class: file [D:\Wcke\000SourceCode\IDEAProjects\Clinic-Server\target\classes\com\qkplm\clinic\clinicserver\service\impl\TbFeeItemServiceImpl.class]
2026-04-13 19:09:29.315 [restartedMain] DEBUG o.s.c.annotation.ClassPathBeanDefinitionScanner - Identified candidate component class: file [D:\Wcke\000SourceCode\IDEAProjects\Clinic-Server\target\classes\com\qkplm\clinic\clinicserver\service\impl\TbFeeServiceImpl.class]
2026-04-13 19:09:29.316 [restartedMain] DEBUG o.s.c.annotation.ClassPathBeanDefinitionScanner - Identified candidate component class: file [D:\Wcke\000SourceCode\IDEAProjects\Clinic-Server\target\classes\com\qkplm\clinic\clinicserver\service\impl\TbFieldAliasServiceImpl.class]
2026-04-13 19:09:29.316 [restartedMain] DEBUG o.s.c.annotation.ClassPathBeanDefinitionScanner - Identified candidate component class: file [D:\Wcke\000SourceCode\IDEAProjects\Clinic-Server\target\classes\com\qkplm\clinic\clinicserver\service\impl\TbFlowServiceImpl.class]
2026-04-13 19:09:29.316 [restartedMain] DEBUG o.s.c.annotation.ClassPathBeanDefinitionScanner - Identified candidate component class: file [D:\Wcke\000SourceCode\IDEAProjects\Clinic-Server\target\classes\com\qkplm\clinic\clinicserver\service\impl\TbGroupServiceImpl.class]
2026-04-13 19:09:29.316 [restartedMain] DEBUG o.s.c.annotation.ClassPathBeanDefinitionScanner - Identified candidate component class: file [D:\Wcke\000SourceCode\IDEAProjects\Clinic-Server\target\classes\com\qkplm\clinic\clinicserver\service\impl\TbHolidayServiceImpl.class]
2026-04-13 19:09:29.317 [restartedMain] DEBUG o.s.c.annotation.ClassPathBeanDefinitionScanner - Identified candidate component class: file [D:\Wcke\000SourceCode\IDEAProjects\Clinic-Server\target\classes\com\qkplm\clinic\clinicserver\service\impl\TbKindServiceImpl.class]
2026-04-13 19:09:29.317 [restartedMain] DEBUG o.s.c.annotation.ClassPathBeanDefinitionScanner - Identified candidate component class: file [D:\Wcke\000SourceCode\IDEAProjects\Clinic-Server\target\classes\com\qkplm\clinic\clinicserver\service\impl\TbKindTemplateServiceImpl.class]
2026-04-13 19:09:29.317 [restartedMain] DEBUG o.s.c.annotation.ClassPathBeanDefinitionScanner - Identified candidate component class: file [D:\Wcke\000SourceCode\IDEAProjects\Clinic-Server\target\classes\com\qkplm\clinic\clinicserver\service\impl\TbMedicalRecordServiceImpl.class]
2026-04-13 19:09:29.318 [restartedMain] DEBUG o.s.c.annotation.ClassPathBeanDefinitionScanner - Identified candidate component class: file [D:\Wcke\000SourceCode\IDEAProjects\Clinic-Server\target\classes\com\qkplm\clinic\clinicserver\service\impl\TbMenuServiceImpl.class]
2026-04-13 19:09:29.318 [restartedMain] DEBUG o.s.c.annotation.ClassPathBeanDefinitionScanner - Identified candidate component class: file [D:\Wcke\000SourceCode\IDEAProjects\Clinic-Server\target\classes\com\qkplm\clinic\clinicserver\service\impl\TbPatientServiceImpl.class]
2026-04-13 19:09:29.318 [restartedMain] DEBUG o.s.c.annotation.ClassPathBeanDefinitionScanner - Identified candidate component class: file [D:\Wcke\000SourceCode\IDEAProjects\Clinic-Server\target\classes\com\qkplm\clinic\clinicserver\service\impl\TbPrescriptionItemServiceImpl.class]
2026-04-13 19:09:29.319 [restartedMain] DEBUG o.s.c.annotation.ClassPathBeanDefinitionScanner - Identified candidate component class: file [D:\Wcke\000SourceCode\IDEAProjects\Clinic-Server\target\classes\com\qkplm\clinic\clinicserver\service\impl\TbPrescriptionServiceImpl.class]
2026-04-13 19:09:29.319 [restartedMain] DEBUG o.s.c.annotation.ClassPathBeanDefinitionScanner - Identified candidate component class: file [D:\Wcke\000SourceCode\IDEAProjects\Clinic-Server\target\classes\com\qkplm\clinic\clinicserver\service\impl\TbRecordQualityControlServiceImpl.class]
2026-04-13 19:09:29.319 [restartedMain] DEBUG o.s.c.annotation.ClassPathBeanDefinitionScanner - Identified candidate component class: file [D:\Wcke\000SourceCode\IDEAProjects\Clinic-Server\target\classes\com\qkplm\clinic\clinicserver\service\impl\TbRecordServiceImpl.class]
2026-04-13 19:09:29.320 [restartedMain] DEBUG o.s.c.annotation.ClassPathBeanDefinitionScanner - Identified candidate component class: file [D:\Wcke\000SourceCode\IDEAProjects\Clinic-Server\target\classes\com\qkplm\clinic\clinicserver\service\impl\TbRecordTrackServiceImpl.class]
2026-04-13 19:09:29.320 [restartedMain] DEBUG o.s.c.annotation.ClassPathBeanDefinitionScanner - Identified candidate component class: file [D:\Wcke\000SourceCode\IDEAProjects\Clinic-Server\target\classes\com\qkplm\clinic\clinicserver\service\impl\TbRegistrationServiceImpl.class]
2026-04-13 19:09:29.320 [restartedMain] DEBUG o.s.c.annotation.ClassPathBeanDefinitionScanner - Identified candidate component class: file [D:\Wcke\000SourceCode\IDEAProjects\Clinic-Server\target\classes\com\qkplm\clinic\clinicserver\service\impl\TbRoleServiceImpl.class]
2026-04-13 19:09:29.320 [restartedMain] DEBUG o.s.c.annotation.ClassPathBeanDefinitionScanner - Identified candidate component class: file [D:\Wcke\000SourceCode\IDEAProjects\Clinic-Server\target\classes\com\qkplm\clinic\clinicserver\service\impl\TbSpecialDictServiceImpl.class]
2026-04-13 19:09:29.320 [restartedMain] DEBUG o.s.c.annotation.ClassPathBeanDefinitionScanner - Identified candidate component class: file [D:\Wcke\000SourceCode\IDEAProjects\Clinic-Server\target\classes\com\qkplm\clinic\clinicserver\service\impl\TbTenantServiceImpl.class]
2026-04-13 19:09:29.321 [restartedMain] DEBUG o.s.c.annotation.ClassPathBeanDefinitionScanner - Identified candidate component class: file [D:\Wcke\000SourceCode\IDEAProjects\Clinic-Server\target\classes\com\qkplm\clinic\clinicserver\service\impl\TbTreatItemServiceImpl.class]
2026-04-13 19:09:29.321 [restartedMain] DEBUG o.s.c.annotation.ClassPathBeanDefinitionScanner - Identified candidate component class: file [D:\Wcke\000SourceCode\IDEAProjects\Clinic-Server\target\classes\com\qkplm\clinic\clinicserver\service\impl\TbUserServiceImpl.class]
2026-04-13 19:09:29.321 [restartedMain] DEBUG o.s.c.annotation.ClassPathBeanDefinitionScanner - Identified candidate component class: file [D:\Wcke\000SourceCode\IDEAProjects\Clinic-Server\target\classes\com\qkplm\clinic\clinicserver\service\impl\TbWatermarkServiceImpl.class]
2026-04-13 19:09:29.321 [restartedMain] DEBUG o.s.c.annotation.ClassPathBeanDefinitionScanner - Identified candidate component class: file [D:\Wcke\000SourceCode\IDEAProjects\Clinic-Server\target\classes\com\qkplm\clinic\clinicserver\service\impl\ViewDiseaseFullServiceImpl.class]
2026-04-13 19:09:29.321 [restartedMain] DEBUG o.s.c.annotation.ClassPathBeanDefinitionScanner - Identified candidate component class: file [D:\Wcke\000SourceCode\IDEAProjects\Clinic-Server\target\classes\com\qkplm\clinic\clinicserver\service\impl\ViewPrescriptionFullServiceImpl.class]
2026-04-13 19:09:29.322 [restartedMain] DEBUG o.s.c.annotation.ClassPathBeanDefinitionScanner - Identified candidate component class: file [D:\Wcke\000SourceCode\IDEAProjects\Clinic-Server\target\classes\com\qkplm\clinic\clinicserver\service\impl\ViewQcrServiceImpl.class]
2026-04-13 19:09:29.987 [restartedMain] DEBUG o.s.b.factory.support.DefaultListableBeanFactory - Creating shared instance of singleton bean 'org.springframework.boot.autoconfigure.AutoConfigurationPackages'
2026-04-13 19:09:29.994 [restartedMain] DEBUG o.s.boot.autoconfigure.AutoConfigurationPackages - @EnableAutoConfiguration was declared on a class in the package 'com.qkplm.clinic.clinicserver'. Automatic @Repository and @Entity scanning is enabled.
2026-04-13 19:09:29.995 [restartedMain] DEBUG c.b.m.autoconfigure.MybatisPlusAutoConfiguration - Searching for mappers annotated with @Mapper
2026-04-13 19:09:29.996 [restartedMain] DEBUG c.b.m.autoconfigure.MybatisPlusAutoConfiguration - Using auto-configuration base package 'com.qkplm.clinic.clinicserver'
2026-04-13 19:09:30.076 [restartedMain] DEBUG o.s.d.r.config.RepositoryConfigurationDelegate - Scanning for Elasticsearch repositories in packages com.qkplm.clinic.clinicserver.
2026-04-13 19:09:30.123 [restartedMain] DEBUG o.s.d.r.config.RepositoryConfigurationDelegate - Scanning for Reactive Elasticsearch repositories in packages com.qkplm.clinic.clinicserver.
2026-04-13 19:09:30.161 [restartedMain] DEBUG o.s.d.r.config.RepositoryConfigurationDelegate - Scanning for Redis repositories in packages com.qkplm.clinic.clinicserver.
2026-04-13 19:09:30.309 [restartedMain] DEBUG o.s.b.factory.support.DefaultListableBeanFactory - Creating shared instance of singleton bean 'springSecurityHandlerMappingIntrospectorBeanDefinitionRegistryPostProcessor'
2026-04-13 19:09:30.309 [restartedMain] DEBUG o.s.b.factory.support.DefaultListableBeanFactory - Creating shared instance of singleton bean 'org.mybatis.spring.mapper.MapperScannerConfigurer'
2026-04-13 19:09:30.309 [restartedMain] DEBUG o.s.b.factory.support.DefaultListableBeanFactory - Creating shared instance of singleton bean 'propertySourcesPlaceholderConfigurer'
2026-04-13 19:09:30.309 [restartedMain] DEBUG org.apache.ibatis.logging.LogFactory - Logging initialized using 'class org.apache.ibatis.logging.slf4j.Slf4jImpl' adapter.
2026-04-13 19:09:30.329 [restartedMain] DEBUG org.mybatis.spring.mapper.ClassPathMapperScanner - Identified candidate component class: file [D:\Wcke\000SourceCode\IDEAProjects\Clinic-Server\target\classes\com\qkplm\clinic\clinicserver\mapper\BqEnumItemMapper.class]
2026-04-13 19:09:30.330 [restartedMain] DEBUG org.mybatis.spring.mapper.ClassPathMapperScanner - Identified candidate component class: file [D:\Wcke\000SourceCode\IDEAProjects\Clinic-Server\target\classes\com\qkplm\clinic\clinicserver\mapper\BqLogMapper.class]
2026-04-13 19:09:30.330 [restartedMain] DEBUG org.mybatis.spring.mapper.ClassPathMapperScanner - Identified candidate component class: file [D:\Wcke\000SourceCode\IDEAProjects\Clinic-Server\target\classes\com\qkplm\clinic\clinicserver\mapper\BqParamDataMapper.class]
2026-04-13 19:09:30.330 [restartedMain] DEBUG org.mybatis.spring.mapper.ClassPathMapperScanner - Identified candidate component class: file [D:\Wcke\000SourceCode\IDEAProjects\Clinic-Server\target\classes\com\qkplm\clinic\clinicserver\mapper\BqParamGroupMapper.class]
2026-04-13 19:09:30.330 [restartedMain] DEBUG org.mybatis.spring.mapper.ClassPathMapperScanner - Identified candidate component class: file [D:\Wcke\000SourceCode\IDEAProjects\Clinic-Server\target\classes\com\qkplm\clinic\clinicserver\mapper\BqParamItemMapper.class]
2026-04-13 19:09:30.330 [restartedMain] DEBUG org.mybatis.spring.mapper.ClassPathMapperScanner - Identified candidate component class: file [D:\Wcke\000SourceCode\IDEAProjects\Clinic-Server\target\classes\com\qkplm\clinic\clinicserver\mapper\BqPatientMapper.class]
2026-04-13 19:09:30.330 [restartedMain] DEBUG org.mybatis.spring.mapper.ClassPathMapperScanner - Identified candidate component class: file [D:\Wcke\000SourceCode\IDEAProjects\Clinic-Server\target\classes\com\qkplm\clinic\clinicserver\mapper\BqRegistrationMapper.class]
2026-04-13 19:09:30.330 [restartedMain] DEBUG org.mybatis.spring.mapper.ClassPathMapperScanner - Identified candidate component class: file [D:\Wcke\000SourceCode\IDEAProjects\Clinic-Server\target\classes\com\qkplm\clinic\clinicserver\mapper\SysRegionMapper.class]
2026-04-13 19:09:30.330 [restartedMain] DEBUG org.mybatis.spring.mapper.ClassPathMapperScanner - Identified candidate component class: file [D:\Wcke\000SourceCode\IDEAProjects\Clinic-Server\target\classes\com\qkplm\clinic\clinicserver\mapper\SysTcmDeptMapper.class]
2026-04-13 19:09:30.330 [restartedMain] DEBUG org.mybatis.spring.mapper.ClassPathMapperScanner - Identified candidate component class: file [D:\Wcke\000SourceCode\IDEAProjects\Clinic-Server\target\classes\com\qkplm\clinic\clinicserver\mapper\SysTcmDiseaseMapper.class]
2026-04-13 19:09:30.330 [restartedMain] DEBUG org.mybatis.spring.mapper.ClassPathMapperScanner - Identified candidate component class: file [D:\Wcke\000SourceCode\IDEAProjects\Clinic-Server\target\classes\com\qkplm\clinic\clinicserver\mapper\SysTcmExpertPrescriptionMapper.class]
2026-04-13 19:09:30.330 [restartedMain] DEBUG org.mybatis.spring.mapper.ClassPathMapperScanner - Identified candidate component class: file [D:\Wcke\000SourceCode\IDEAProjects\Clinic-Server\target\classes\com\qkplm\clinic\clinicserver\mapper\SysTcmPrescriptionMapper.class]
2026-04-13 19:09:30.330 [restartedMain] DEBUG org.mybatis.spring.mapper.ClassPathMapperScanner - Identified candidate component class: file [D:\Wcke\000SourceCode\IDEAProjects\Clinic-Server\target\classes\com\qkplm\clinic\clinicserver\mapper\SysTcmSyndromeMapper.class]
2026-04-13 19:09:30.330 [restartedMain] DEBUG org.mybatis.spring.mapper.ClassPathMapperScanner - Identified candidate component class: file [D:\Wcke\000SourceCode\IDEAProjects\Clinic-Server\target\classes\com\qkplm\clinic\clinicserver\mapper\TbAnnotationMapper.class]
2026-04-13 19:09:30.330 [restartedMain] DEBUG org.mybatis.spring.mapper.ClassPathMapperScanner - Identified candidate component class: file [D:\Wcke\000SourceCode\IDEAProjects\Clinic-Server\target\classes\com\qkplm\clinic\clinicserver\mapper\TbAttachmentMapper.class]
2026-04-13 19:09:30.330 [restartedMain] DEBUG org.mybatis.spring.mapper.ClassPathMapperScanner - Identified candidate component class: file [D:\Wcke\000SourceCode\IDEAProjects\Clinic-Server\target\classes\com\qkplm\clinic\clinicserver\mapper\TbBbsMapper.class]
2026-04-13 19:09:30.330 [restartedMain] DEBUG org.mybatis.spring.mapper.ClassPathMapperScanner - Identified candidate component class: file [D:\Wcke\000SourceCode\IDEAProjects\Clinic-Server\target\classes\com\qkplm\clinic\clinicserver\mapper\TbCategoryMappingMapper.class]
2026-04-13 19:09:30.330 [restartedMain] DEBUG org.mybatis.spring.mapper.ClassPathMapperScanner - Identified candidate component class: file [D:\Wcke\000SourceCode\IDEAProjects\Clinic-Server\target\classes\com\qkplm\clinic\clinicserver\mapper\TbCheckItemMapper.class]
2026-04-13 19:09:30.330 [restartedMain] DEBUG org.mybatis.spring.mapper.ClassPathMapperScanner - Identified candidate component class: file [D:\Wcke\000SourceCode\IDEAProjects\Clinic-Server\target\classes\com\qkplm\clinic\clinicserver\mapper\TbCollectorMapper.class]
2026-04-13 19:09:30.330 [restartedMain] DEBUG org.mybatis.spring.mapper.ClassPathMapperScanner - Identified candidate component class: file [D:\Wcke\000SourceCode\IDEAProjects\Clinic-Server\target\classes\com\qkplm\clinic\clinicserver\mapper\TbCustomerMapper.class]
2026-04-13 19:09:30.330 [restartedMain] DEBUG org.mybatis.spring.mapper.ClassPathMapperScanner - Identified candidate component class: file [D:\Wcke\000SourceCode\IDEAProjects\Clinic-Server\target\classes\com\qkplm\clinic\clinicserver\mapper\TbDeptMapper.class]
2026-04-13 19:09:30.330 [restartedMain] DEBUG org.mybatis.spring.mapper.ClassPathMapperScanner - Identified candidate component class: file [D:\Wcke\000SourceCode\IDEAProjects\Clinic-Server\target\classes\com\qkplm\clinic\clinicserver\mapper\TbDiagnosisDictMapper.class]
2026-04-13 19:09:30.330 [restartedMain] DEBUG org.mybatis.spring.mapper.ClassPathMapperScanner - Identified candidate component class: file [D:\Wcke\000SourceCode\IDEAProjects\Clinic-Server\target\classes\com\qkplm\clinic\clinicserver\mapper\TbDrugMapper.class]
2026-04-13 19:09:30.330 [restartedMain] DEBUG org.mybatis.spring.mapper.ClassPathMapperScanner - Identified candidate component class: file [D:\Wcke\000SourceCode\IDEAProjects\Clinic-Server\target\classes\com\qkplm\clinic\clinicserver\mapper\TbEnumHeaderMapper.class]
2026-04-13 19:09:30.330 [restartedMain] DEBUG org.mybatis.spring.mapper.ClassPathMapperScanner - Identified candidate component class: file [D:\Wcke\000SourceCode\IDEAProjects\Clinic-Server\target\classes\com\qkplm\clinic\clinicserver\mapper\TbFeeItemMapper.class]
2026-04-13 19:09:30.330 [restartedMain] DEBUG org.mybatis.spring.mapper.ClassPathMapperScanner - Identified candidate component class: file [D:\Wcke\000SourceCode\IDEAProjects\Clinic-Server\target\classes\com\qkplm\clinic\clinicserver\mapper\TbFeeMapper.class]
2026-04-13 19:09:30.330 [restartedMain] DEBUG org.mybatis.spring.mapper.ClassPathMapperScanner - Identified candidate component class: file [D:\Wcke\000SourceCode\IDEAProjects\Clinic-Server\target\classes\com\qkplm\clinic\clinicserver\mapper\TbFieldAliasMapper.class]
2026-04-13 19:09:30.330 [restartedMain] DEBUG org.mybatis.spring.mapper.ClassPathMapperScanner - Identified candidate component class: file [D:\Wcke\000SourceCode\IDEAProjects\Clinic-Server\target\classes\com\qkplm\clinic\clinicserver\mapper\TbFlowMapper.class]
2026-04-13 19:09:30.330 [restartedMain] DEBUG org.mybatis.spring.mapper.ClassPathMapperScanner - Identified candidate component class: file [D:\Wcke\000SourceCode\IDEAProjects\Clinic-Server\target\classes\com\qkplm\clinic\clinicserver\mapper\TbGroupMapper.class]
2026-04-13 19:09:30.330 [restartedMain] DEBUG org.mybatis.spring.mapper.ClassPathMapperScanner - Identified candidate component class: file [D:\Wcke\000SourceCode\IDEAProjects\Clinic-Server\target\classes\com\qkplm\clinic\clinicserver\mapper\TbHolidayMapper.class]
2026-04-13 19:09:30.331 [restartedMain] DEBUG org.mybatis.spring.mapper.ClassPathMapperScanner - Identified candidate component class: file [D:\Wcke\000SourceCode\IDEAProjects\Clinic-Server\target\classes\com\qkplm\clinic\clinicserver\mapper\TbKindMapper.class]
2026-04-13 19:09:30.331 [restartedMain] DEBUG org.mybatis.spring.mapper.ClassPathMapperScanner - Identified candidate component class: file [D:\Wcke\000SourceCode\IDEAProjects\Clinic-Server\target\classes\com\qkplm\clinic\clinicserver\mapper\TbKindTemplateMapper.class]
2026-04-13 19:09:30.331 [restartedMain] DEBUG org.mybatis.spring.mapper.ClassPathMapperScanner - Identified candidate component class: file [D:\Wcke\000SourceCode\IDEAProjects\Clinic-Server\target\classes\com\qkplm\clinic\clinicserver\mapper\TbMedicalRecordMapper.class]
2026-04-13 19:09:30.331 [restartedMain] DEBUG org.mybatis.spring.mapper.ClassPathMapperScanner - Identified candidate component class: file [D:\Wcke\000SourceCode\IDEAProjects\Clinic-Server\target\classes\com\qkplm\clinic\clinicserver\mapper\TbMenuMapper.class]
2026-04-13 19:09:30.331 [restartedMain] DEBUG org.mybatis.spring.mapper.ClassPathMapperScanner - Identified candidate component class: file [D:\Wcke\000SourceCode\IDEAProjects\Clinic-Server\target\classes\com\qkplm\clinic\clinicserver\mapper\TbPatientMapper.class]
2026-04-13 19:09:30.331 [restartedMain] DEBUG org.mybatis.spring.mapper.ClassPathMapperScanner - Identified candidate component class: file [D:\Wcke\000SourceCode\IDEAProjects\Clinic-Server\target\classes\com\qkplm\clinic\clinicserver\mapper\TbPrescriptionItemMapper.class]
2026-04-13 19:09:30.331 [restartedMain] DEBUG org.mybatis.spring.mapper.ClassPathMapperScanner - Identified candidate component class: file [D:\Wcke\000SourceCode\IDEAProjects\Clinic-Server\target\classes\com\qkplm\clinic\clinicserver\mapper\TbPrescriptionMapper.class]
2026-04-13 19:09:30.331 [restartedMain] DEBUG org.mybatis.spring.mapper.ClassPathMapperScanner - Identified candidate component class: file [D:\Wcke\000SourceCode\IDEAProjects\Clinic-Server\target\classes\com\qkplm\clinic\clinicserver\mapper\TbRecordMapper.class]
2026-04-13 19:09:30.331 [restartedMain] DEBUG org.mybatis.spring.mapper.ClassPathMapperScanner - Identified candidate component class: file [D:\Wcke\000SourceCode\IDEAProjects\Clinic-Server\target\classes\com\qkplm\clinic\clinicserver\mapper\TbRecordQualityControlMapper.class]
2026-04-13 19:09:30.331 [restartedMain] DEBUG org.mybatis.spring.mapper.ClassPathMapperScanner - Identified candidate component class: file [D:\Wcke\000SourceCode\IDEAProjects\Clinic-Server\target\classes\com\qkplm\clinic\clinicserver\mapper\TbRecordTrackMapper.class]
2026-04-13 19:09:30.331 [restartedMain] DEBUG org.mybatis.spring.mapper.ClassPathMapperScanner - Identified candidate component class: file [D:\Wcke\000SourceCode\IDEAProjects\Clinic-Server\target\classes\com\qkplm\clinic\clinicserver\mapper\TbRegistrationMapper.class]
2026-04-13 19:09:30.331 [restartedMain] DEBUG org.mybatis.spring.mapper.ClassPathMapperScanner - Identified candidate component class: file [D:\Wcke\000SourceCode\IDEAProjects\Clinic-Server\target\classes\com\qkplm\clinic\clinicserver\mapper\TbRoleMapper.class]
2026-04-13 19:09:30.331 [restartedMain] DEBUG org.mybatis.spring.mapper.ClassPathMapperScanner - Identified candidate component class: file [D:\Wcke\000SourceCode\IDEAProjects\Clinic-Server\target\classes\com\qkplm\clinic\clinicserver\mapper\TbSpecialDictMapper.class]
2026-04-13 19:09:30.331 [restartedMain] DEBUG org.mybatis.spring.mapper.ClassPathMapperScanner - Identified candidate component class: file [D:\Wcke\000SourceCode\IDEAProjects\Clinic-Server\target\classes\com\qkplm\clinic\clinicserver\mapper\TbTenantMapper.class]
2026-04-13 19:09:30.331 [restartedMain] DEBUG org.mybatis.spring.mapper.ClassPathMapperScanner - Identified candidate component class: file [D:\Wcke\000SourceCode\IDEAProjects\Clinic-Server\target\classes\com\qkplm\clinic\clinicserver\mapper\TbTreatItemMapper.class]
2026-04-13 19:09:30.331 [restartedMain] DEBUG org.mybatis.spring.mapper.ClassPathMapperScanner - Identified candidate component class: file [D:\Wcke\000SourceCode\IDEAProjects\Clinic-Server\target\classes\com\qkplm\clinic\clinicserver\mapper\TbUserMapper.class]
2026-04-13 19:09:30.331 [restartedMain] DEBUG org.mybatis.spring.mapper.ClassPathMapperScanner - Identified candidate component class: file [D:\Wcke\000SourceCode\IDEAProjects\Clinic-Server\target\classes\com\qkplm\clinic\clinicserver\mapper\TbWatermarkMapper.class]
2026-04-13 19:09:30.331 [restartedMain] DEBUG org.mybatis.spring.mapper.ClassPathMapperScanner - Identified candidate component class: file [D:\Wcke\000SourceCode\IDEAProjects\Clinic-Server\target\classes\com\qkplm\clinic\clinicserver\mapper\ViewDiseaseFullMapper.class]
2026-04-13 19:09:30.331 [restartedMain] DEBUG org.mybatis.spring.mapper.ClassPathMapperScanner - Identified candidate component class: file [D:\Wcke\000SourceCode\IDEAProjects\Clinic-Server\target\classes\com\qkplm\clinic\clinicserver\mapper\ViewPrescriptionFullMapper.class]
2026-04-13 19:09:30.331 [restartedMain] DEBUG org.mybatis.spring.mapper.ClassPathMapperScanner - Identified candidate component class: file [D:\Wcke\000SourceCode\IDEAProjects\Clinic-Server\target\classes\com\qkplm\clinic\clinicserver\mapper\ViewQcrMapper.class]
2026-04-13 19:09:30.334 [restartedMain] DEBUG org.mybatis.spring.mapper.ClassPathMapperScanner - Creating MapperFactoryBean with name 'bqEnumItemMapper' and 'com.qkplm.clinic.clinicserver.mapper.BqEnumItemMapper' mapperInterface
2026-04-13 19:09:30.336 [restartedMain] DEBUG org.mybatis.spring.mapper.ClassPathMapperScanner - Creating MapperFactoryBean with name 'bqLogMapper' and 'com.qkplm.clinic.clinicserver.mapper.BqLogMapper' mapperInterface
2026-04-13 19:09:30.337 [restartedMain] DEBUG org.mybatis.spring.mapper.ClassPathMapperScanner - Creating MapperFactoryBean with name 'bqParamDataMapper' and 'com.qkplm.clinic.clinicserver.mapper.BqParamDataMapper' mapperInterface
2026-04-13 19:09:30.338 [restartedMain] DEBUG org.mybatis.spring.mapper.ClassPathMapperScanner - Creating MapperFactoryBean with name 'bqParamGroupMapper' and 'com.qkplm.clinic.clinicserver.mapper.BqParamGroupMapper' mapperInterface
2026-04-13 19:09:30.338 [restartedMain] DEBUG org.mybatis.spring.mapper.ClassPathMapperScanner - Creating MapperFactoryBean with name 'bqParamItemMapper' and 'com.qkplm.clinic.clinicserver.mapper.BqParamItemMapper' mapperInterface
2026-04-13 19:09:30.338 [restartedMain] DEBUG org.mybatis.spring.mapper.ClassPathMapperScanner - Creating MapperFactoryBean with name 'bqPatientMapper' and 'com.qkplm.clinic.clinicserver.mapper.BqPatientMapper' mapperInterface
2026-04-13 19:09:30.339 [restartedMain] DEBUG org.mybatis.spring.mapper.ClassPathMapperScanner - Creating MapperFactoryBean with name 'bqRegistrationMapper' and 'com.qkplm.clinic.clinicserver.mapper.BqRegistrationMapper' mapperInterface
2026-04-13 19:09:30.339 [restartedMain] DEBUG org.mybatis.spring.mapper.ClassPathMapperScanner - Creating MapperFactoryBean with name 'sysRegionMapper' and 'com.qkplm.clinic.clinicserver.mapper.SysRegionMapper' mapperInterface
2026-04-13 19:09:30.339 [restartedMain] DEBUG org.mybatis.spring.mapper.ClassPathMapperScanner - Creating MapperFactoryBean with name 'sysTcmDeptMapper' and 'com.qkplm.clinic.clinicserver.mapper.SysTcmDeptMapper' mapperInterface
2026-04-13 19:09:30.340 [restartedMain] DEBUG org.mybatis.spring.mapper.ClassPathMapperScanner - Creating MapperFactoryBean with name 'sysTcmDiseaseMapper' and 'com.qkplm.clinic.clinicserver.mapper.SysTcmDiseaseMapper' mapperInterface
2026-04-13 19:09:30.340 [restartedMain] DEBUG org.mybatis.spring.mapper.ClassPathMapperScanner - Creating MapperFactoryBean with name 'sysTcmExpertPrescriptionMapper' and 'com.qkplm.clinic.clinicserver.mapper.SysTcmExpertPrescriptionMapper' mapperInterface
2026-04-13 19:09:30.341 [restartedMain] DEBUG org.mybatis.spring.mapper.ClassPathMapperScanner - Creating MapperFactoryBean with name 'sysTcmPrescriptionMapper' and 'com.qkplm.clinic.clinicserver.mapper.SysTcmPrescriptionMapper' mapperInterface
2026-04-13 19:09:30.341 [restartedMain] DEBUG org.mybatis.spring.mapper.ClassPathMapperScanner - Creating MapperFactoryBean with name 'sysTcmSyndromeMapper' and 'com.qkplm.clinic.clinicserver.mapper.SysTcmSyndromeMapper' mapperInterface
2026-04-13 19:09:30.341 [restartedMain] DEBUG org.mybatis.spring.mapper.ClassPathMapperScanner - Creating MapperFactoryBean with name 'tbAnnotationMapper' and 'com.qkplm.clinic.clinicserver.mapper.TbAnnotationMapper' mapperInterface
2026-04-13 19:09:30.342 [restartedMain] DEBUG org.mybatis.spring.mapper.ClassPathMapperScanner - Creating MapperFactoryBean with name 'tbAttachmentMapper' and 'com.qkplm.clinic.clinicserver.mapper.TbAttachmentMapper' mapperInterface
2026-04-13 19:09:30.342 [restartedMain] DEBUG org.mybatis.spring.mapper.ClassPathMapperScanner - Creating MapperFactoryBean with name 'tbBbsMapper' and 'com.qkplm.clinic.clinicserver.mapper.TbBbsMapper' mapperInterface
2026-04-13 19:09:30.342 [restartedMain] DEBUG org.mybatis.spring.mapper.ClassPathMapperScanner - Creating MapperFactoryBean with name 'tbCategoryMappingMapper' and 'com.qkplm.clinic.clinicserver.mapper.TbCategoryMappingMapper' mapperInterface
2026-04-13 19:09:30.343 [restartedMain] DEBUG org.mybatis.spring.mapper.ClassPathMapperScanner - Creating MapperFactoryBean with name 'tbCheckItemMapper' and 'com.qkplm.clinic.clinicserver.mapper.TbCheckItemMapper' mapperInterface
2026-04-13 19:09:30.343 [restartedMain] DEBUG org.mybatis.spring.mapper.ClassPathMapperScanner - Creating MapperFactoryBean with name 'tbCollectorMapper' and 'com.qkplm.clinic.clinicserver.mapper.TbCollectorMapper' mapperInterface
2026-04-13 19:09:30.343 [restartedMain] DEBUG org.mybatis.spring.mapper.ClassPathMapperScanner - Creating MapperFactoryBean with name 'tbCustomerMapper' and 'com.qkplm.clinic.clinicserver.mapper.TbCustomerMapper' mapperInterface
2026-04-13 19:09:30.344 [restartedMain] DEBUG org.mybatis.spring.mapper.ClassPathMapperScanner - Creating MapperFactoryBean with name 'tbDeptMapper' and 'com.qkplm.clinic.clinicserver.mapper.TbDeptMapper' mapperInterface
2026-04-13 19:09:30.344 [restartedMain] DEBUG org.mybatis.spring.mapper.ClassPathMapperScanner - Creating MapperFactoryBean with name 'tbDiagnosisDictMapper' and 'com.qkplm.clinic.clinicserver.mapper.TbDiagnosisDictMapper' mapperInterface
2026-04-13 19:09:30.345 [restartedMain] DEBUG org.mybatis.spring.mapper.ClassPathMapperScanner - Creating MapperFactoryBean with name 'tbDrugMapper' and 'com.qkplm.clinic.clinicserver.mapper.TbDrugMapper' mapperInterface
2026-04-13 19:09:30.345 [restartedMain] DEBUG org.mybatis.spring.mapper.ClassPathMapperScanner - Creating MapperFactoryBean with name 'tbEnumHeaderMapper' and 'com.qkplm.clinic.clinicserver.mapper.TbEnumHeaderMapper' mapperInterface
2026-04-13 19:09:30.345 [restartedMain] DEBUG org.mybatis.spring.mapper.ClassPathMapperScanner - Creating MapperFactoryBean with name 'tbFeeItemMapper' and 'com.qkplm.clinic.clinicserver.mapper.TbFeeItemMapper' mapperInterface
2026-04-13 19:09:30.346 [restartedMain] DEBUG org.mybatis.spring.mapper.ClassPathMapperScanner - Creating MapperFactoryBean with name 'tbFeeMapper' and 'com.qkplm.clinic.clinicserver.mapper.TbFeeMapper' mapperInterface
2026-04-13 19:09:30.346 [restartedMain] DEBUG org.mybatis.spring.mapper.ClassPathMapperScanner - Creating MapperFactoryBean with name 'tbFieldAliasMapper' and 'com.qkplm.clinic.clinicserver.mapper.TbFieldAliasMapper' mapperInterface
2026-04-13 19:09:30.346 [restartedMain] DEBUG org.mybatis.spring.mapper.ClassPathMapperScanner - Creating MapperFactoryBean with name 'tbFlowMapper' and 'com.qkplm.clinic.clinicserver.mapper.TbFlowMapper' mapperInterface
2026-04-13 19:09:30.347 [restartedMain] DEBUG org.mybatis.spring.mapper.ClassPathMapperScanner - Creating MapperFactoryBean with name 'tbGroupMapper' and 'com.qkplm.clinic.clinicserver.mapper.TbGroupMapper' mapperInterface
2026-04-13 19:09:30.347 [restartedMain] DEBUG org.mybatis.spring.mapper.ClassPathMapperScanner - Creating MapperFactoryBean with name 'tbHolidayMapper' and 'com.qkplm.clinic.clinicserver.mapper.TbHolidayMapper' mapperInterface
2026-04-13 19:09:30.347 [restartedMain] DEBUG org.mybatis.spring.mapper.ClassPathMapperScanner - Creating MapperFactoryBean with name 'tbKindMapper' and 'com.qkplm.clinic.clinicserver.mapper.TbKindMapper' mapperInterface
2026-04-13 19:09:30.348 [restartedMain] DEBUG org.mybatis.spring.mapper.ClassPathMapperScanner - Creating MapperFactoryBean with name 'tbKindTemplateMapper' and 'com.qkplm.clinic.clinicserver.mapper.TbKindTemplateMapper' mapperInterface
2026-04-13 19:09:30.348 [restartedMain] DEBUG org.mybatis.spring.mapper.ClassPathMapperScanner - Creating MapperFactoryBean with name 'tbMedicalRecordMapper' and 'com.qkplm.clinic.clinicserver.mapper.TbMedicalRecordMapper' mapperInterface
2026-04-13 19:09:30.348 [restartedMain] DEBUG org.mybatis.spring.mapper.ClassPathMapperScanner - Creating MapperFactoryBean with name 'tbMenuMapper' and 'com.qkplm.clinic.clinicserver.mapper.TbMenuMapper' mapperInterface
2026-04-13 19:09:30.349 [restartedMain] DEBUG org.mybatis.spring.mapper.ClassPathMapperScanner - Creating MapperFactoryBean with name 'tbPatientMapper' and 'com.qkplm.clinic.clinicserver.mapper.TbPatientMapper' mapperInterface
2026-04-13 19:09:30.349 [restartedMain] DEBUG org.mybatis.spring.mapper.ClassPathMapperScanner - Creating MapperFactoryBean with name 'tbPrescriptionItemMapper' and 'com.qkplm.clinic.clinicserver.mapper.TbPrescriptionItemMapper' mapperInterface
2026-04-13 19:09:30.349 [restartedMain] DEBUG org.mybatis.spring.mapper.ClassPathMapperScanner - Creating MapperFactoryBean with name 'tbPrescriptionMapper' and 'com.qkplm.clinic.clinicserver.mapper.TbPrescriptionMapper' mapperInterface
2026-04-13 19:09:30.349 [restartedMain] DEBUG org.mybatis.spring.mapper.ClassPathMapperScanner - Creating MapperFactoryBean with name 'tbRecordMapper' and 'com.qkplm.clinic.clinicserver.mapper.TbRecordMapper' mapperInterface
2026-04-13 19:09:30.349 [restartedMain] DEBUG org.mybatis.spring.mapper.ClassPathMapperScanner - Creating MapperFactoryBean with name 'tbRecordQualityControlMapper' and 'com.qkplm.clinic.clinicserver.mapper.TbRecordQualityControlMapper' mapperInterface
2026-04-13 19:09:30.351 [restartedMain] DEBUG org.mybatis.spring.mapper.ClassPathMapperScanner - Creating MapperFactoryBean with name 'tbRecordTrackMapper' and 'com.qkplm.clinic.clinicserver.mapper.TbRecordTrackMapper' mapperInterface
2026-04-13 19:09:30.351 [restartedMain] DEBUG org.mybatis.spring.mapper.ClassPathMapperScanner - Creating MapperFactoryBean with name 'tbRegistrationMapper' and 'com.qkplm.clinic.clinicserver.mapper.TbRegistrationMapper' mapperInterface
2026-04-13 19:09:30.351 [restartedMain] DEBUG org.mybatis.spring.mapper.ClassPathMapperScanner - Creating MapperFactoryBean with name 'tbRoleMapper' and 'com.qkplm.clinic.clinicserver.mapper.TbRoleMapper' mapperInterface
2026-04-13 19:09:30.352 [restartedMain] DEBUG org.mybatis.spring.mapper.ClassPathMapperScanner - Creating MapperFactoryBean with name 'tbSpecialDictMapper' and 'com.qkplm.clinic.clinicserver.mapper.TbSpecialDictMapper' mapperInterface
2026-04-13 19:09:30.352 [restartedMain] DEBUG org.mybatis.spring.mapper.ClassPathMapperScanner - Creating MapperFactoryBean with name 'tbTenantMapper' and 'com.qkplm.clinic.clinicserver.mapper.TbTenantMapper' mapperInterface
2026-04-13 19:09:30.352 [restartedMain] DEBUG org.mybatis.spring.mapper.ClassPathMapperScanner - Creating MapperFactoryBean with name 'tbTreatItemMapper' and 'com.qkplm.clinic.clinicserver.mapper.TbTreatItemMapper' mapperInterface
2026-04-13 19:09:30.353 [restartedMain] DEBUG org.mybatis.spring.mapper.ClassPathMapperScanner - Creating MapperFactoryBean with name 'tbUserMapper' and 'com.qkplm.clinic.clinicserver.mapper.TbUserMapper' mapperInterface
2026-04-13 19:09:30.353 [restartedMain] DEBUG org.mybatis.spring.mapper.ClassPathMapperScanner - Creating MapperFactoryBean with name 'tbWatermarkMapper' and 'com.qkplm.clinic.clinicserver.mapper.TbWatermarkMapper' mapperInterface
2026-04-13 19:09:30.353 [restartedMain] DEBUG org.mybatis.spring.mapper.ClassPathMapperScanner - Creating MapperFactoryBean with name 'viewDiseaseFullMapper' and 'com.qkplm.clinic.clinicserver.mapper.ViewDiseaseFullMapper' mapperInterface
2026-04-13 19:09:30.354 [restartedMain] DEBUG org.mybatis.spring.mapper.ClassPathMapperScanner - Creating MapperFactoryBean with name 'viewPrescriptionFullMapper' and 'com.qkplm.clinic.clinicserver.mapper.ViewPrescriptionFullMapper' mapperInterface
2026-04-13 19:09:30.354 [restartedMain] DEBUG org.mybatis.spring.mapper.ClassPathMapperScanner - Creating MapperFactoryBean with name 'viewQcrMapper' and 'com.qkplm.clinic.clinicserver.mapper.ViewQcrMapper' mapperInterface
2026-04-13 19:09:30.439 [restartedMain] DEBUG o.s.b.factory.support.DefaultListableBeanFactory - Creating shared instance of singleton bean 'org.springframework.boot.sql.init.dependency.DatabaseInitializationDependencyConfigurer$DependsOnDatabaseInitializationPostProcessor'
2026-04-13 19:09:30.473 [restartedMain] DEBUG o.s.b.factory.support.DefaultListableBeanFactory - Creating shared instance of singleton bean 'org.springframework.context.event.internalEventListenerProcessor'
2026-04-13 19:09:30.476 [restartedMain] DEBUG o.s.b.factory.support.DefaultListableBeanFactory - Creating shared instance of singleton bean 'conversionServicePostProcessor'
2026-04-13 19:09:30.482 [restartedMain] DEBUG o.s.b.factory.support.DefaultListableBeanFactory - Creating shared instance of singleton bean 'preserveErrorControllerTargetClassPostProcessor'
2026-04-13 19:09:30.482 [restartedMain] DEBUG o.s.b.factory.support.DefaultListableBeanFactory - Creating shared instance of singleton bean 'org.springframework.context.event.internalEventListenerFactory'
2026-04-13 19:09:30.482 [restartedMain] DEBUG o.s.b.factory.support.DefaultListableBeanFactory - Creating shared instance of singleton bean 'org.springframework.transaction.config.internalTransactionalEventListenerFactory'
2026-04-13 19:09:30.482 [restartedMain] DEBUG o.s.b.factory.support.DefaultListableBeanFactory - Creating shared instance of singleton bean 'org.springframework.context.annotation.internalAutowiredAnnotationProcessor'
2026-04-13 19:09:30.482 [restartedMain] DEBUG o.s.b.factory.support.DefaultListableBeanFactory - Creating shared instance of singleton bean 'org.springframework.context.annotation.internalCommonAnnotationProcessor'
2026-04-13 19:09:30.497 [restartedMain] DEBUG o.s.b.factory.support.DefaultListableBeanFactory - Creating shared instance of singleton bean 'org.springframework.boot.context.properties.ConfigurationPropertiesBindingPostProcessor'
2026-04-13 19:09:30.497 [restartedMain] DEBUG o.s.b.factory.support.DefaultListableBeanFactory - Creating shared instance of singleton bean 'org.springframework.boot.context.internalConfigurationPropertiesBinder'
2026-04-13 19:09:30.497 [restartedMain] DEBUG o.s.b.factory.support.DefaultListableBeanFactory - Creating shared instance of singleton bean 'jdbcConnectionDetailsHikariBeanPostProcessor'
2026-04-13 19:09:30.497 [restartedMain] DEBUG o.s.b.factory.support.DefaultListableBeanFactory - Creating shared instance of singleton bean 'org.springframework.aop.config.internalAutoProxyCreator'
2026-04-13 19:09:30.526 [restartedMain] DEBUG o.s.b.factory.support.DefaultListableBeanFactory - Creating shared instance of singleton bean 'persistenceExceptionTranslationPostProcessor'
2026-04-13 19:09:30.527 [restartedMain] DEBUG o.s.b.factory.support.DefaultListableBeanFactory - Autowiring by type from bean name 'persistenceExceptionTranslationPostProcessor' via factory method to bean named 'environment'
2026-04-13 19:09:30.530 [restartedMain] DEBUG o.s.b.factory.support.DefaultListableBeanFactory - Creating shared instance of singleton bean 'webServerFactoryCustomizerBeanPostProcessor'
2026-04-13 19:09:30.531 [restartedMain] DEBUG o.s.b.factory.support.DefaultListableBeanFactory - Creating shared instance of singleton bean 'errorPageRegistrarBeanPostProcessor'
2026-04-13 19:09:30.532 [restartedMain] DEBUG o.s.b.factory.support.DefaultListableBeanFactory - Creating shared instance of singleton bean 'projectingArgumentResolverBeanPostProcessor'
2026-04-13 19:09:30.533 [restartedMain] DEBUG o.s.b.factory.support.DefaultListableBeanFactory - Creating shared instance of singleton bean 'org.springframework.transaction.config.internalTransactionAdvisor'
2026-04-13 19:09:30.533 [restartedMain] DEBUG o.s.b.factory.support.DefaultListableBeanFactory - Creating shared instance of singleton bean 'org.springframework.transaction.annotation.ProxyTransactionManagementConfiguration'
2026-04-13 19:09:30.547 [restartedMain] DEBUG o.s.a.a.annotation.ReflectiveAspectJAdvisorFactory - Found AspectJ method: public java.lang.Object com.qkplm.clinic.clinicserver.aop.BQLogAspect.around(org.aspectj.lang.ProceedingJoinPoint) throws java.lang.Throwable
2026-04-13 19:09:30.547 [restartedMain] DEBUG o.s.a.a.annotation.ReflectiveAspectJAdvisorFactory - Found AspectJ method: public void com.qkplm.clinic.clinicserver.aop.BQLogAspect.afterReturning(com.qkplm.clinic.libcommon.annotation.BQLogMark,java.lang.Object)
2026-04-13 19:09:30.658 [restartedMain] DEBUG o.s.b.factory.support.DefaultListableBeanFactory - Creating shared instance of singleton bean 'transactionAttributeSource'
2026-04-13 19:09:30.664 [restartedMain] DEBUG o.s.b.factory.support.DefaultListableBeanFactory - Creating shared instance of singleton bean 'transactionInterceptor'
2026-04-13 19:09:30.664 [restartedMain] DEBUG o.s.b.factory.support.DefaultListableBeanFactory - Autowiring by type from bean name 'transactionInterceptor' via factory method to bean named 'transactionAttributeSource'
2026-04-13 19:09:30.735 [restartedMain] DEBUG o.s.b.factory.support.DefaultListableBeanFactory - Autowiring by type from bean name 'org.springframework.transaction.config.internalTransactionAdvisor' via factory method to bean named 'transactionAttributeSource'
2026-04-13 19:09:30.736 [restartedMain] DEBUG o.s.b.factory.support.DefaultListableBeanFactory - Autowiring by type from bean name 'org.springframework.transaction.config.internalTransactionAdvisor' via factory method to bean named 'transactionInterceptor'
2026-04-13 19:09:30.752 [restartedMain] DEBUG o.s.ui.context.support.UiApplicationContextUtils - Unable to locate ThemeSource with name 'themeSource': using default [org.springframework.ui.context.support.ResourceBundleThemeSource@1433acdf]
2026-04-13 19:09:30.752 [restartedMain] DEBUG o.s.b.factory.support.DefaultListableBeanFactory - Creating shared instance of singleton bean 'tomcatEmbedded'
2026-04-13 19:09:30.752 [restartedMain] DEBUG o.s.b.factory.support.DefaultListableBeanFactory - Creating shared instance of singleton bean 'BQRestResponseAdvice'
2026-04-13 19:09:30.770 [restartedMain] DEBUG o.s.b.factory.support.DefaultListableBeanFactory - Creating shared instance of singleton bean 'websocketServletWebServerCustomizer'
2026-04-13 19:09:30.770 [restartedMain] DEBUG o.s.b.factory.support.DefaultListableBeanFactory - Creating shared instance of singleton bean 'org.springframework.boot.autoconfigure.websocket.servlet.WebSocketServletAutoConfiguration$TomcatWebSocketConfiguration'
2026-04-13 19:09:30.772 [restartedMain] DEBUG o.s.b.factory.support.DefaultListableBeanFactory - Creating shared instance of singleton bean 'servletWebServerFactoryCustomizer'
2026-04-13 19:09:30.772 [restartedMain] DEBUG o.s.b.factory.support.DefaultListableBeanFactory - Creating shared instance of singleton bean 'org.springframework.boot.autoconfigure.web.servlet.ServletWebServerFactoryAutoConfiguration'
2026-04-13 19:09:30.774 [restartedMain] DEBUG o.s.b.factory.support.DefaultListableBeanFactory - Creating shared instance of singleton bean 'server-org.springframework.boot.autoconfigure.web.ServerProperties'
2026-04-13 19:09:30.780 [restartedMain] DEBUG o.s.b.factory.support.DefaultListableBeanFactory - Creating shared instance of singleton bean 'org.springframework.boot.context.properties.BoundConfigurationProperties'
2026-04-13 19:09:30.811 [restartedMain] DEBUG o.s.b.factory.support.DefaultListableBeanFactory - Autowiring by type from bean name 'servletWebServerFactoryCustomizer' via factory method to bean named 'server-org.springframework.boot.autoconfigure.web.ServerProperties'
2026-04-13 19:09:30.827 [restartedMain] DEBUG o.s.b.factory.support.DefaultListableBeanFactory - Creating shared instance of singleton bean 'sslBundleRegistry'
2026-04-13 19:09:30.827 [restartedMain] DEBUG o.s.b.factory.support.DefaultListableBeanFactory - Creating shared instance of singleton bean 'org.springframework.boot.autoconfigure.ssl.SslAutoConfiguration'
2026-04-13 19:09:30.829 [restartedMain] DEBUG o.s.b.factory.support.DefaultListableBeanFactory - Creating shared instance of singleton bean 'spring.ssl-org.springframework.boot.autoconfigure.ssl.SslProperties'
2026-04-13 19:09:30.832 [restartedMain] DEBUG o.s.b.factory.support.DefaultListableBeanFactory - Autowiring by type from bean name 'org.springframework.boot.autoconfigure.ssl.SslAutoConfiguration' via constructor to bean named 'org.springframework.boot.web.servlet.context.AnnotationConfigServletWebServerApplicationContext@3621edd'
2026-04-13 19:09:30.832 [restartedMain] DEBUG o.s.b.factory.support.DefaultListableBeanFactory - Autowiring by type from bean name 'org.springframework.boot.autoconfigure.ssl.SslAutoConfiguration' via constructor to bean named 'spring.ssl-org.springframework.boot.autoconfigure.ssl.SslProperties'
2026-04-13 19:09:30.838 [restartedMain] DEBUG o.s.b.factory.support.DefaultListableBeanFactory - Creating shared instance of singleton bean 'sslPropertiesSslBundleRegistrar'
2026-04-13 19:09:30.838 [restartedMain] DEBUG o.s.b.factory.support.DefaultListableBeanFactory - Creating shared instance of singleton bean 'fileWatcher'
2026-04-13 19:09:30.842 [restartedMain] DEBUG o.s.b.factory.support.DefaultListableBeanFactory - Autowiring by type from bean name 'sslPropertiesSslBundleRegistrar' via factory method to bean named 'fileWatcher'
2026-04-13 19:09:30.859 [restartedMain] DEBUG o.s.b.factory.support.DefaultListableBeanFactory - Creating shared instance of singleton bean 'tomcatServletWebServerFactoryCustomizer'
2026-04-13 19:09:30.859 [restartedMain] DEBUG o.s.b.factory.support.DefaultListableBeanFactory - Autowiring by type from bean name 'tomcatServletWebServerFactoryCustomizer' via factory method to bean named 'server-org.springframework.boot.autoconfigure.web.ServerProperties'
2026-04-13 19:09:30.859 [restartedMain] DEBUG o.s.b.factory.support.DefaultListableBeanFactory - Creating shared instance of singleton bean 'tomcatWebServerFactoryCustomizer'
2026-04-13 19:09:30.859 [restartedMain] DEBUG o.s.b.factory.support.DefaultListableBeanFactory - Creating shared instance of singleton bean 'org.springframework.boot.autoconfigure.web.embedded.EmbeddedWebServerFactoryCustomizerAutoConfiguration$TomcatWebServerFactoryCustomizerConfiguration'
2026-04-13 19:09:30.859 [restartedMain] DEBUG o.s.b.factory.support.DefaultListableBeanFactory - Autowiring by type from bean name 'tomcatWebServerFactoryCustomizer' via factory method to bean named 'environment'
2026-04-13 19:09:30.859 [restartedMain] DEBUG o.s.b.factory.support.DefaultListableBeanFactory - Autowiring by type from bean name 'tomcatWebServerFactoryCustomizer' via factory method to bean named 'server-org.springframework.boot.autoconfigure.web.ServerProperties'
2026-04-13 19:09:30.875 [restartedMain] DEBUG o.s.b.factory.support.DefaultListableBeanFactory - Creating shared instance of singleton bean 'localeCharsetMappingsCustomizer'
2026-04-13 19:09:30.875 [restartedMain] DEBUG o.s.b.factory.support.DefaultListableBeanFactory - Creating shared instance of singleton bean 'org.springframework.boot.autoconfigure.web.servlet.HttpEncodingAutoConfiguration'
2026-04-13 19:09:30.875 [restartedMain] DEBUG o.s.b.factory.support.DefaultListableBeanFactory - Autowiring by type from bean name 'org.springframework.boot.autoconfigure.web.servlet.HttpEncodingAutoConfiguration' via constructor to bean named 'server-org.springframework.boot.autoconfigure.web.ServerProperties'
2026-04-13 19:09:30.966 [restartedMain] DEBUG o.s.b.factory.support.DefaultListableBeanFactory - Creating shared instance of singleton bean 'errorPageCustomizer'
2026-04-13 19:09:30.966 [restartedMain] DEBUG o.s.b.factory.support.DefaultListableBeanFactory - Creating shared instance of singleton bean 'org.springframework.boot.autoconfigure.web.servlet.error.ErrorMvcAutoConfiguration'
2026-04-13 19:09:30.967 [restartedMain] DEBUG o.s.b.factory.support.DefaultListableBeanFactory - Autowiring by type from bean name 'org.springframework.boot.autoconfigure.web.servlet.error.ErrorMvcAutoConfiguration' via constructor to bean named 'server-org.springframework.boot.autoconfigure.web.ServerProperties'
2026-04-13 19:09:30.971 [restartedMain] DEBUG o.s.b.factory.support.DefaultListableBeanFactory - Creating shared instance of singleton bean 'dispatcherServletRegistration'
2026-04-13 19:09:30.971 [restartedMain] DEBUG o.s.b.factory.support.DefaultListableBeanFactory - Creating shared instance of singleton bean 'org.springframework.boot.autoconfigure.web.servlet.DispatcherServletAutoConfiguration$DispatcherServletRegistrationConfiguration'
2026-04-13 19:09:30.973 [restartedMain] DEBUG o.s.b.factory.support.DefaultListableBeanFactory - Creating shared instance of singleton bean 'dispatcherServlet'
2026-04-13 19:09:30.973 [restartedMain] DEBUG o.s.b.factory.support.DefaultListableBeanFactory - Creating shared instance of singleton bean 'org.springframework.boot.autoconfigure.web.servlet.DispatcherServletAutoConfiguration$DispatcherServletConfiguration'
2026-04-13 19:09:30.974 [restartedMain] DEBUG o.s.b.factory.support.DefaultListableBeanFactory - Creating shared instance of singleton bean 'spring.mvc-org.springframework.boot.autoconfigure.web.servlet.WebMvcProperties'
2026-04-13 19:09:30.980 [restartedMain] DEBUG o.s.b.factory.support.DefaultListableBeanFactory - Autowiring by type from bean name 'dispatcherServlet' via factory method to bean named 'spring.mvc-org.springframework.boot.autoconfigure.web.servlet.WebMvcProperties'
2026-04-13 19:09:31.018 [restartedMain] DEBUG o.s.b.factory.support.DefaultListableBeanFactory - Autowiring by type from bean name 'dispatcherServletRegistration' via factory method to bean named 'dispatcherServlet'
2026-04-13 19:09:31.019 [restartedMain] DEBUG o.s.b.factory.support.DefaultListableBeanFactory - Autowiring by type from bean name 'dispatcherServletRegistration' via factory method to bean named 'spring.mvc-org.springframework.boot.autoconfigure.web.servlet.WebMvcProperties'
2026-04-13 19:09:31.022 [restartedMain] DEBUG o.s.b.factory.support.DefaultListableBeanFactory - Creating shared instance of singleton bean 'multipartConfigElement'
2026-04-13 19:09:31.023 [restartedMain] DEBUG o.s.b.factory.support.DefaultListableBeanFactory - Creating shared instance of singleton bean 'org.springframework.boot.autoconfigure.web.servlet.MultipartAutoConfiguration'
2026-04-13 19:09:31.023 [restartedMain] DEBUG o.s.b.factory.support.DefaultListableBeanFactory - Creating shared instance of singleton bean 'spring.servlet.multipart-org.springframework.boot.autoconfigure.web.servlet.MultipartProperties'
2026-04-13 19:09:31.034 [restartedMain] DEBUG o.s.b.factory.support.DefaultListableBeanFactory - Autowiring by type from bean name 'org.springframework.boot.autoconfigure.web.servlet.MultipartAutoConfiguration' via constructor to bean named 'spring.servlet.multipart-org.springframework.boot.autoconfigure.web.servlet.MultipartProperties'
2026-04-13 19:09:31.047 [restartedMain] DEBUG o.s.b.factory.support.DefaultListableBeanFactory - Autowiring by type from bean name 'errorPageCustomizer' via factory method to bean named 'dispatcherServletRegistration'
2026-04-13 19:09:31.157 [restartedMain] DEBUG o.s.b.w.e.tomcat.TomcatServletWebServerFactory - Code archive: C:\Users\Wcke\.m2\repository\org\springframework\boot\spring-boot\3.4.5\spring-boot-3.4.5.jar
2026-04-13 19:09:31.158 [restartedMain] DEBUG o.s.b.w.e.tomcat.TomcatServletWebServerFactory - Code archive: C:\Users\Wcke\.m2\repository\org\springframework\boot\spring-boot\3.4.5\spring-boot-3.4.5.jar
2026-04-13 19:09:31.158 [restartedMain] DEBUG o.s.b.w.e.tomcat.TomcatServletWebServerFactory - Document root: D:\Wcke\000SourceCode\IDEAProjects\Clinic-Client\public
2026-04-13 19:09:31.291 [restartedMain] DEBUG o.s.b.w.s.c.ServletWebServerApplicationContext - Published root WebApplicationContext as ServletContext attribute with name [org.springframework.web.context.WebApplicationContext.ROOT]
2026-04-13 19:09:31.295 [restartedMain] DEBUG o.s.b.factory.support.DefaultListableBeanFactory - Creating shared instance of singleton bean 'securityFilterChainRegistration'
2026-04-13 19:09:31.295 [restartedMain] DEBUG o.s.b.factory.support.DefaultListableBeanFactory - Creating shared instance of singleton bean 'org.springframework.boot.autoconfigure.security.servlet.SecurityFilterAutoConfiguration'
2026-04-13 19:09:31.300 [restartedMain] DEBUG o.s.b.factory.support.DefaultListableBeanFactory - Creating shared instance of singleton bean 'spring.security-org.springframework.boot.autoconfigure.security.SecurityProperties'
2026-04-13 19:09:31.304 [restartedMain] DEBUG o.s.b.factory.support.DefaultListableBeanFactory - Autowiring by type from bean name 'securityFilterChainRegistration' via factory method to bean named 'spring.security-org.springframework.boot.autoconfigure.security.SecurityProperties'
2026-04-13 19:09:31.311 [restartedMain] DEBUG o.s.b.factory.support.DefaultListableBeanFactory - Creating shared instance of singleton bean 'BQAuthenticationFilter'
2026-04-13 19:09:31.320 [restartedMain] DEBUG o.s.b.factory.support.DefaultListableBeanFactory - Creating shared instance of singleton bean 'handlerExceptionResolver'
2026-04-13 19:09:31.320 [restartedMain] DEBUG o.s.b.factory.support.DefaultListableBeanFactory - Creating shared instance of singleton bean 'org.springframework.boot.autoconfigure.web.servlet.WebMvcAutoConfiguration$EnableWebMvcConfiguration'
2026-04-13 19:09:31.320 [restartedMain] DEBUG o.s.b.factory.support.DefaultListableBeanFactory - Creating shared instance of singleton bean 'spring.web-org.springframework.boot.autoconfigure.web.WebProperties'
2026-04-13 19:09:31.335 [restartedMain] DEBUG o.s.b.factory.support.DefaultListableBeanFactory - Autowiring by type from bean name 'org.springframework.boot.autoconfigure.web.servlet.WebMvcAutoConfiguration$EnableWebMvcConfiguration' via constructor to bean named 'spring.mvc-org.springframework.boot.autoconfigure.web.servlet.WebMvcProperties'
2026-04-13 19:09:31.335 [restartedMain] DEBUG o.s.b.factory.support.DefaultListableBeanFactory - Autowiring by type from bean name 'org.springframework.boot.autoconfigure.web.servlet.WebMvcAutoConfiguration$EnableWebMvcConfiguration' via constructor to bean named 'spring.web-org.springframework.boot.autoconfigure.web.WebProperties'
2026-04-13 19:09:31.335 [restartedMain] DEBUG o.s.b.factory.support.DefaultListableBeanFactory - Autowiring by type from bean name 'org.springframework.boot.autoconfigure.web.servlet.WebMvcAutoConfiguration$EnableWebMvcConfiguration' via constructor to bean named 'org.springframework.beans.factory.support.DefaultListableBeanFactory@26636e76'
2026-04-13 19:09:31.343 [restartedMain] DEBUG o.s.b.factory.support.DefaultListableBeanFactory - Creating shared instance of singleton bean 'BQWebConfig'
2026-04-13 19:09:31.346 [restartedMain] DEBUG o.s.b.factory.support.DefaultListableBeanFactory - Creating shared instance of singleton bean 'org.springframework.security.config.annotation.web.configuration.WebMvcSecurityConfiguration'
2026-04-13 19:09:31.348 [restartedMain] DEBUG o.s.b.factory.support.DefaultListableBeanFactory - Creating shared instance of singleton bean 'org.springframework.boot.autoconfigure.web.servlet.WebMvcAutoConfiguration$WebMvcAutoConfigurationAdapter'
2026-04-13 19:09:31.350 [restartedMain] DEBUG o.s.b.factory.support.DefaultListableBeanFactory - Autowiring by type from bean name 'org.springframework.boot.autoconfigure.web.servlet.WebMvcAutoConfiguration$WebMvcAutoConfigurationAdapter' via constructor to bean named 'spring.web-org.springframework.boot.autoconfigure.web.WebProperties'
2026-04-13 19:09:31.350 [restartedMain] DEBUG o.s.b.factory.support.DefaultListableBeanFactory - Autowiring by type from bean name 'org.springframework.boot.autoconfigure.web.servlet.WebMvcAutoConfiguration$WebMvcAutoConfigurationAdapter' via constructor to bean named 'spring.mvc-org.springframework.boot.autoconfigure.web.servlet.WebMvcProperties'
2026-04-13 19:09:31.350 [restartedMain] DEBUG o.s.b.factory.support.DefaultListableBeanFactory - Autowiring by type from bean name 'org.springframework.boot.autoconfigure.web.servlet.WebMvcAutoConfiguration$WebMvcAutoConfigurationAdapter' via constructor to bean named 'org.springframework.beans.factory.support.DefaultListableBeanFactory@26636e76'
2026-04-13 19:09:31.354 [restartedMain] DEBUG o.s.b.factory.support.DefaultListableBeanFactory - Creating shared instance of singleton bean 'org.springframework.data.web.config.SpringDataWebConfiguration'
2026-04-13 19:09:31.357 [restartedMain] DEBUG o.s.b.factory.support.DefaultListableBeanFactory - Autowiring by type from bean name 'org.springframework.data.web.config.SpringDataWebConfiguration' via constructor to bean named 'org.springframework.boot.web.servlet.context.AnnotationConfigServletWebServerApplicationContext@3621edd'
2026-04-13 19:09:31.373 [restartedMain] DEBUG o.s.b.factory.support.DefaultListableBeanFactory - Creating shared instance of singleton bean 'mvcContentNegotiationManager'
2026-04-13 19:09:31.393 [restartedMain] DEBUG o.s.b.factory.support.DefaultListableBeanFactory - Autowiring by type from bean name 'handlerExceptionResolver' via factory method to bean named 'mvcContentNegotiationManager'
2026-04-13 19:09:31.397 [restartedMain] DEBUG o.s.b.factory.support.DefaultListableBeanFactory - Creating shared instance of singleton bean 'messageConverters'
2026-04-13 19:09:31.397 [restartedMain] DEBUG o.s.b.factory.support.DefaultListableBeanFactory - Creating shared instance of singleton bean 'org.springframework.boot.autoconfigure.http.HttpMessageConvertersAutoConfiguration'
2026-04-13 19:09:31.403 [restartedMain] DEBUG o.s.b.factory.support.DefaultListableBeanFactory - Creating shared instance of singleton bean 'mappingJackson2HttpMessageConverter'
2026-04-13 19:09:31.435 [restartedMain] DEBUG o.s.b.factory.support.DefaultListableBeanFactory - Creating shared instance of singleton bean 'stringHttpMessageConverter'
2026-04-13 19:09:31.435 [restartedMain] DEBUG o.s.b.factory.support.DefaultListableBeanFactory - Creating shared instance of singleton bean 'org.springframework.boot.autoconfigure.http.HttpMessageConvertersAutoConfiguration$StringHttpMessageConverterConfiguration'
2026-04-13 19:09:31.435 [restartedMain] DEBUG o.s.b.factory.support.DefaultListableBeanFactory - Autowiring by type from bean name 'stringHttpMessageConverter' via factory method to bean named 'environment'
2026-04-13 19:09:31.460 [restartedMain] DEBUG o.s.b.factory.support.DefaultListableBeanFactory - Creating shared instance of singleton bean 'sortResolver'
2026-04-13 19:09:31.465 [restartedMain] DEBUG o.s.b.factory.support.DefaultListableBeanFactory - Creating shared instance of singleton bean 'sortCustomizer'
2026-04-13 19:09:31.466 [restartedMain] DEBUG o.s.b.factory.support.DefaultListableBeanFactory - Creating shared instance of singleton bean 'org.springframework.boot.autoconfigure.data.web.SpringDataWebAutoConfiguration'
2026-04-13 19:09:31.467 [restartedMain] DEBUG o.s.b.factory.support.DefaultListableBeanFactory - Creating shared instance of singleton bean 'spring.data.web-org.springframework.boot.autoconfigure.data.web.SpringDataWebProperties'
2026-04-13 19:09:31.469 [restartedMain] DEBUG o.s.b.factory.support.DefaultListableBeanFactory - Autowiring by type from bean name 'org.springframework.boot.autoconfigure.data.web.SpringDataWebAutoConfiguration' via constructor to bean named 'spring.data.web-org.springframework.boot.autoconfigure.data.web.SpringDataWebProperties'
2026-04-13 19:09:31.482 [restartedMain] DEBUG o.s.b.factory.support.DefaultListableBeanFactory - Creating shared instance of singleton bean 'pageableResolver'
2026-04-13 19:09:31.482 [restartedMain] DEBUG o.s.b.factory.support.DefaultListableBeanFactory - Creating shared instance of singleton bean 'pageableCustomizer'
2026-04-13 19:09:31.512 [restartedMain] DEBUG o.s.b.factory.support.DefaultListableBeanFactory - Creating shared instance of singleton bean 'BQApiExceptionHandler'
2026-04-13 19:09:31.585 [restartedMain] DEBUG o.s.w.s.m.m.a.ExceptionHandlerExceptionResolver - ControllerAdvice beans: 1 @ExceptionHandler, 2 ResponseBodyAdvice
2026-04-13 19:09:31.615 [restartedMain] DEBUG o.s.core.env.PropertySourcesPropertyResolver - Found key 'baqi.security.auth-prefix-arr' in PropertySource 'environmentProperties' with value of type String
2026-04-13 19:09:31.615 [restartedMain] DEBUG o.s.b.factory.support.DefaultListableBeanFactory - Creating shared instance of singleton bean 'requestContextFilter'
2026-04-13 19:09:31.615 [restartedMain] DEBUG o.s.b.factory.support.DefaultListableBeanFactory - Creating shared instance of singleton bean 'formContentFilter'
2026-04-13 19:09:31.615 [restartedMain] DEBUG o.s.b.factory.support.DefaultListableBeanFactory - Creating shared instance of singleton bean 'org.springframework.boot.autoconfigure.web.servlet.WebMvcAutoConfiguration'
2026-04-13 19:09:31.615 [restartedMain] DEBUG o.s.b.factory.support.DefaultListableBeanFactory - Creating shared instance of singleton bean 'characterEncodingFilter'
2026-04-13 19:09:31.642 [restartedMain] DEBUG o.s.b.web.servlet.ServletContextInitializerBeans - Mapping filters: springSecurityFilterChain urls=[/*] order=-100, characterEncodingFilter urls=[/*] order=-2147483648, formContentFilter urls=[/*] order=-9900, requestContextFilter urls=[/*] order=-105, BQAuthenticationFilter urls=[/*] order=2147483647
2026-04-13 19:09:31.642 [restartedMain] DEBUG o.s.b.web.servlet.ServletContextInitializerBeans - Mapping servlets: dispatcherServlet urls=[/]
2026-04-13 19:09:31.688 [restartedMain] DEBUG o.s.b.w.servlet.filter.OrderedRequestContextFilter - Filter 'requestContextFilter' configured for use
2026-04-13 19:09:31.688 [restartedMain] DEBUG o.s.b.w.s.filter.OrderedCharacterEncodingFilter - Filter 'characterEncodingFilter' configured for use
2026-04-13 19:09:31.688 [restartedMain] DEBUG c.q.c.libcommon.security.BQAuthenticationFilter - Filter 'BQAuthenticationFilter' configured for use
2026-04-13 19:09:31.688 [restartedMain] DEBUG o.s.b.w.s.DelegatingFilterProxyRegistrationBean$1 - Filter 'springSecurityFilterChain' configured for use
2026-04-13 19:09:31.688 [restartedMain] DEBUG o.s.b.web.servlet.filter.OrderedFormContentFilter - Filter 'formContentFilter' configured for use
2026-04-13 19:09:31.709 [restartedMain] DEBUG o.s.b.factory.support.DefaultListableBeanFactory - Creating shared instance of singleton bean 'clinicServerApplication'
2026-04-13 19:09:31.711 [restartedMain] DEBUG o.s.b.factory.support.DefaultListableBeanFactory - Creating shared instance of singleton bean 'BQApplicationContext'
2026-04-13 19:09:31.712 [restartedMain] DEBUG o.s.b.factory.support.DefaultListableBeanFactory - Creating shared instance of singleton bean 'BQJwtConfig'
2026-04-13 19:09:31.715 [restartedMain] DEBUG o.s.core.env.PropertySourcesPropertyResolver - Found key 'jwt.secret' in PropertySource 'environmentProperties' with value of type String
2026-04-13 19:09:31.716 [restartedMain] DEBUG o.s.core.env.PropertySourcesPropertyResolver - Found key 'jwt.issuer' in PropertySource 'environmentProperties' with value of type String
2026-04-13 19:09:31.717 [restartedMain] DEBUG o.s.b.c.p.s.ConfigurationPropertySourcesPropertyResolver$DefaultResolver - Found key 'jwt.expirationTime' in PropertySource 'Config resource 'class path resource [application-common.yml]' via location 'optional:classpath:/'' with value of type Integer
2026-04-13 19:09:31.717 [restartedMain] DEBUG o.s.core.env.PropertySourcesPropertyResolver - Found key 'jwt.expirationTime' in PropertySource 'environmentProperties' with value of type String
2026-04-13 19:09:31.719 [restartedMain] DEBUG o.s.core.env.PropertySourcesPropertyResolver - Found key 'jwt.header' in PropertySource 'environmentProperties' with value of type String
2026-04-13 19:09:31.719 [restartedMain] DEBUG o.s.b.c.p.s.ConfigurationPropertySourcesPropertyResolver$DefaultResolver - Found key 'jwt.tokenHead' in PropertySource 'Config resource 'class path resource [application-common.yml]' via location 'optional:classpath:/'' with value of type String
2026-04-13 19:09:31.719 [restartedMain] DEBUG o.s.core.env.PropertySourcesPropertyResolver - Found key 'jwt.tokenHead' in PropertySource 'environmentProperties' with value of type String
2026-04-13 19:09:31.748 [restartedMain] DEBUG o.s.b.factory.support.DefaultListableBeanFactory - Creating shared instance of singleton bean 'BQMybatisPlusConfig'
2026-04-13 19:09:31.748 [restartedMain] DEBUG o.s.b.factory.support.DefaultListableBeanFactory - Creating shared instance of singleton bean 'BQTenantHandler'
2026-04-13 19:09:31.748 [restartedMain] DEBUG o.s.b.factory.support.DefaultListableBeanFactory - Autowiring by type from bean name 'BQMybatisPlusConfig' via constructor to bean named 'BQTenantHandler'
2026-04-13 19:09:31.748 [restartedMain] DEBUG o.s.b.factory.support.DefaultListableBeanFactory - Creating shared instance of singleton bean 'BQSecurityBaseConfig'
2026-04-13 19:09:31.748 [restartedMain] DEBUG o.s.b.factory.support.DefaultListableBeanFactory - Creating shared instance of singleton bean 'BQMyBatisPlusMetaObjectHandler'
2026-04-13 19:09:31.769 [restartedMain] DEBUG o.s.b.factory.support.DefaultListableBeanFactory - Creating shared instance of singleton bean 'BQLogAspect'
2026-04-13 19:09:31.770 [restartedMain] DEBUG o.s.b.factory.support.DefaultListableBeanFactory - Creating shared instance of singleton bean 'bqLogServiceImpl'
2026-04-13 19:09:31.795 [restartedMain] DEBUG o.s.b.factory.support.DefaultListableBeanFactory - Creating shared instance of singleton bean 'bqLogMapper'
2026-04-13 19:09:31.795 [restartedMain] DEBUG o.s.b.factory.support.DefaultListableBeanFactory - Creating shared instance of singleton bean 'dataSourceScriptDatabaseInitializer'
2026-04-13 19:09:31.795 [restartedMain] DEBUG o.s.b.factory.support.DefaultListableBeanFactory - Creating shared instance of singleton bean 'org.springframework.boot.autoconfigure.sql.init.DataSourceInitializationConfiguration'
2026-04-13 19:09:31.795 [restartedMain] DEBUG o.s.b.factory.support.DefaultListableBeanFactory - Creating shared instance of singleton bean 'dataSource'
2026-04-13 19:09:31.795 [restartedMain] DEBUG o.s.b.factory.support.DefaultListableBeanFactory - Creating shared instance of singleton bean 'org.springframework.boot.autoconfigure.jdbc.DataSourceConfiguration$Hikari'
2026-04-13 19:09:31.795 [restartedMain] DEBUG o.s.b.factory.support.DefaultListableBeanFactory - Creating shared instance of singleton bean 'spring.datasource-org.springframework.boot.autoconfigure.jdbc.DataSourceProperties'
2026-04-13 19:09:31.820 [restartedMain] DEBUG o.s.b.factory.support.DefaultListableBeanFactory - Creating shared instance of singleton bean 'jdbcConnectionDetails'
2026-04-13 19:09:31.820 [restartedMain] DEBUG o.s.b.factory.support.DefaultListableBeanFactory - Creating shared instance of singleton bean 'org.springframework.boot.autoconfigure.jdbc.DataSourceAutoConfiguration$PooledDataSourceConfiguration'
2026-04-13 19:09:31.820 [restartedMain] DEBUG o.s.b.factory.support.DefaultListableBeanFactory - Autowiring by type from bean name 'jdbcConnectionDetails' via factory method to bean named 'spring.datasource-org.springframework.boot.autoconfigure.jdbc.DataSourceProperties'
2026-04-13 19:09:31.825 [restartedMain] DEBUG o.s.b.factory.support.DefaultListableBeanFactory - Autowiring by type from bean name 'dataSource' via factory method to bean named 'spring.datasource-org.springframework.boot.autoconfigure.jdbc.DataSourceProperties'
2026-04-13 19:09:31.825 [restartedMain] DEBUG o.s.b.factory.support.DefaultListableBeanFactory - Autowiring by type from bean name 'dataSource' via factory method to bean named 'jdbcConnectionDetails'
2026-04-13 19:09:31.825 [restartedMain] DEBUG o.s.b.factory.support.DefaultListableBeanFactory - Autowiring by type from bean name 'dataSource' via factory method to bean named 'environment'
2026-04-13 19:09:31.835 [restartedMain] DEBUG com.zaxxer.hikari.HikariConfig - Driver class com.mysql.cj.jdbc.Driver found in Thread context class loader org.springframework.boot.devtools.restart.classloader.RestartClassLoader@5e59e9e3
2026-04-13 19:09:31.874 [restartedMain] DEBUG o.s.b.factory.support.DefaultListableBeanFactory - Creating shared instance of singleton bean 'spring.sql.init-org.springframework.boot.autoconfigure.sql.init.SqlInitializationProperties'
2026-04-13 19:09:31.878 [restartedMain] DEBUG o.s.b.factory.support.DefaultListableBeanFactory - Autowiring by type from bean name 'dataSourceScriptDatabaseInitializer' via factory method to bean named 'dataSource'
2026-04-13 19:09:31.878 [restartedMain] DEBUG o.s.b.factory.support.DefaultListableBeanFactory - Autowiring by type from bean name 'dataSourceScriptDatabaseInitializer' via factory method to bean named 'spring.sql.init-org.springframework.boot.autoconfigure.sql.init.SqlInitializationProperties'
2026-04-13 19:09:31.887 [restartedMain] DEBUG o.s.b.factory.support.DefaultListableBeanFactory - Creating shared instance of singleton bean 'sqlSessionTemplate'
2026-04-13 19:09:31.888 [restartedMain] DEBUG o.s.b.factory.support.DefaultListableBeanFactory - Creating shared instance of singleton bean 'com.baomidou.mybatisplus.autoconfigure.MybatisPlusAutoConfiguration'
2026-04-13 19:09:31.892 [restartedMain] DEBUG o.s.b.factory.support.DefaultListableBeanFactory - Creating shared instance of singleton bean 'mybatis-plus-com.baomidou.mybatisplus.autoconfigure.MybatisPlusProperties'
2026-04-13 19:09:31.920 [restartedMain] DEBUG o.s.b.factory.support.DefaultListableBeanFactory - Autowiring by type from bean name 'com.baomidou.mybatisplus.autoconfigure.MybatisPlusAutoConfiguration' via constructor to bean named 'mybatis-plus-com.baomidou.mybatisplus.autoconfigure.MybatisPlusProperties'
2026-04-13 19:09:31.920 [restartedMain] DEBUG o.s.b.factory.support.DefaultListableBeanFactory - Autowiring by type from bean name 'com.baomidou.mybatisplus.autoconfigure.MybatisPlusAutoConfiguration' via constructor to bean named 'org.springframework.boot.web.servlet.context.AnnotationConfigServletWebServerApplicationContext@3621edd'
2026-04-13 19:09:31.920 [restartedMain] DEBUG o.s.b.factory.support.DefaultListableBeanFactory - Creating shared instance of singleton bean 'mybatisPlusInterceptor'
2026-04-13 19:09:31.961 [restartedMain] DEBUG o.s.b.factory.support.DefaultListableBeanFactory - Creating shared instance of singleton bean 'sqlSessionFactory'
2026-04-13 19:09:31.961 [restartedMain] DEBUG o.s.b.factory.support.DefaultListableBeanFactory - Autowiring by type from bean name 'sqlSessionFactory' via factory method to bean named 'dataSource'
2026-04-13 19:09:32.092 [restartedMain] DEBUG o.s.b.factory.support.DefaultListableBeanFactory - Creating shared instance of singleton bean 'iSqlInjector'
2026-04-13 19:09:32.112 [restartedMain] DEBUG c.b.m.e.spring.MybatisSqlSessionFactoryBean - Registered plugin: 'com.baomidou.mybatisplus.extension.plugins.MybatisPlusInterceptor@f4c7102'
2026-04-13 19:09:32.123 [restartedMain] DEBUG c.b.m.e.spring.MybatisSqlSessionFactoryBean - Property 'mapperLocations' was not specified.
2026-04-13 19:09:32.156 [restartedMain] DEBUG o.s.b.factory.support.DefaultListableBeanFactory - Autowiring by type from bean name 'sqlSessionTemplate' via factory method to bean named 'sqlSessionFactory'
2026-04-13 19:09:32.422 [restartedMain] DEBUG o.s.b.factory.support.DefaultListableBeanFactory - Autowiring by type from bean name 'BQLogAspect' via constructor to bean named 'bqLogServiceImpl'
2026-04-13 19:09:32.422 [restartedMain] DEBUG o.s.b.factory.support.DefaultListableBeanFactory - Creating shared instance of singleton bean 'BQWebSecurityConfig'
2026-04-13 19:09:32.437 [restartedMain] DEBUG o.s.b.factory.support.DefaultListableBeanFactory - Creating shared instance of singleton bean 'BQSecurityUserDetailsService'
2026-04-13 19:09:32.440 [restartedMain] DEBUG o.s.b.factory.support.DefaultListableBeanFactory - Creating shared instance of singleton bean 'tbUserServiceImpl'
2026-04-13 19:09:32.453 [restartedMain] DEBUG o.s.b.factory.support.DefaultListableBeanFactory - Creating shared instance of singleton bean 'passwordEncoder'
2026-04-13 19:09:32.479 [restartedMain] DEBUG o.s.b.factory.support.DefaultListableBeanFactory - Autowiring by type from bean name 'tbUserServiceImpl' via constructor to bean named 'passwordEncoder'
2026-04-13 19:09:32.480 [restartedMain] DEBUG o.s.b.factory.support.DefaultListableBeanFactory - Creating shared instance of singleton bean 'tbUserMapper'
2026-04-13 19:09:32.546 [restartedMain] DEBUG o.s.b.factory.support.DefaultListableBeanFactory - Creating shared instance of singleton bean 'tbTenantServiceImpl'
2026-04-13 19:09:32.547 [restartedMain] DEBUG o.s.b.factory.support.DefaultListableBeanFactory - Creating shared instance of singleton bean 'tbTenantMapper'
2026-04-13 19:09:32.599 [restartedMain] DEBUG o.s.b.factory.support.DefaultListableBeanFactory - Creating shared instance of singleton bean 'tbMenuServiceImpl'
2026-04-13 19:09:32.612 [restartedMain] DEBUG o.s.b.factory.support.DefaultListableBeanFactory - Creating shared instance of singleton bean 'tbMenuMapper'
2026-04-13 19:09:32.651 [restartedMain] DEBUG org.springframework.aop.framework.CglibAopProxy - Final method [public final java.lang.Iterable com.qkplm.clinic.clinicserver.service.impl.TbMenuServiceImpl.listByParentId(java.lang.String,java.util.List)] cannot get proxied via CGLIB: Calls to this method will NOT be routed to the target instance and might lead to NPEs against uninitialized fields in the proxy instance.
2026-04-13 19:09:32.666 [restartedMain] DEBUG o.s.b.factory.support.DefaultListableBeanFactory - Autowiring by type from bean name 'BQSecurityUserDetailsService' via constructor to bean named 'tbUserServiceImpl'
2026-04-13 19:09:32.667 [restartedMain] DEBUG o.s.b.factory.support.DefaultListableBeanFactory - Autowiring by type from bean name 'BQSecurityUserDetailsService' via constructor to bean named 'tbTenantServiceImpl'
2026-04-13 19:09:32.667 [restartedMain] DEBUG o.s.b.factory.support.DefaultListableBeanFactory - Autowiring by type from bean name 'BQSecurityUserDetailsService' via constructor to bean named 'tbMenuServiceImpl'
2026-04-13 19:09:32.667 [restartedMain] DEBUG o.s.b.factory.support.DefaultListableBeanFactory - Autowiring by type from bean name 'BQSecurityUserDetailsService' via constructor to bean named 'org.springframework.boot.web.servlet.context.AnnotationConfigServletWebServerApplicationContext@3621edd'
2026-04-13 19:09:32.673 [restartedMain] DEBUG o.s.b.factory.support.DefaultListableBeanFactory - Creating shared instance of singleton bean 'requestMappingHandlerMapping'
2026-04-13 19:09:32.675 [restartedMain] DEBUG o.s.b.factory.support.DefaultListableBeanFactory - Creating shared instance of singleton bean 'mvcConversionService'
2026-04-13 19:09:32.703 [restartedMain] DEBUG o.s.b.factory.support.DefaultListableBeanFactory - Creating shared instance of singleton bean 'mvcResourceUrlProvider'
2026-04-13 19:09:32.709 [restartedMain] DEBUG o.s.b.factory.support.DefaultListableBeanFactory - Autowiring by type from bean name 'requestMappingHandlerMapping' via factory method to bean named 'mvcContentNegotiationManager'
2026-04-13 19:09:32.709 [restartedMain] DEBUG o.s.b.factory.support.DefaultListableBeanFactory - Autowiring by type from bean name 'requestMappingHandlerMapping' via factory method to bean named 'mvcConversionService'
2026-04-13 19:09:32.709 [restartedMain] DEBUG o.s.b.factory.support.DefaultListableBeanFactory - Autowiring by type from bean name 'requestMappingHandlerMapping' via factory method to bean named 'mvcResourceUrlProvider'
2026-04-13 19:09:32.841 [restartedMain] DEBUG _.s.web.servlet.HandlerMapping.Mappings - 
	c.q.c.c.c.BqEnumItemController:
	{GET [/ams/api/v1/enum/item/get/{id}]}: get(String)
	{POST [/ams/api/v1/enum/item/update]}: update(BqEnumItemEntity)
	{GET [/ams/api/v1/enum/item/list]}: list(BQSearchParamsGet)
	{GET [/ams/api/v1/enum/item/delete/{id}]}: delete(String)
	{POST [/ams/api/v1/enum/item/save]}: save(BqEnumItemEntity)
	{POST [/ams/api/v1/enum/item/saveBatch]}: saveBatch(Collection)
	{GET [/ams/api/v1/enum/item/page]}: page(BQSearchParamsGet)
	{POST [/ams/api/v1/enum/item/updateBatch]}: updateBatch(Collection)
	{POST [/ams/api/v1/enum/item/deleteBatch]}: deleteBatch(Collection)
	{GET [/ams/api/v1/enum/item/deleteLogic/{id}]}: deleteLogic(String)
	{POST [/ams/api/v1/enum/item/deleteLogicBatch]}: deleteLogicBatch(Collection)
2026-04-13 19:09:32.852 [restartedMain] DEBUG _.s.web.servlet.HandlerMapping.Mappings - 
	c.q.c.c.c.BqLogController:
	{GET [/ams/api/v1/log/get/{id}]}: get(String)
	{GET [/ams/api/v1/log/list]}: list(BQSearchParamsGet)
	{GET [/ams/api/v1/log/delete/{id}]}: delete(String)
	{GET [/ams/api/v1/log/pageLogin]}: pageLogin(BQSearchParamsGet)
	{GET [/ams/api/v1/log/pageSystem]}: pageSystem(BQSearchParamsGet)
	{GET [/ams/api/v1/log/pageLogoff]}: pageLogoff(BQSearchParamsGet)
	{GET [/ams/api/v1/log/page]}: page(BQSearchParamsGet)
	{POST [/ams/api/v1/log/deleteBatch]}: deleteBatch(Collection)
	{GET [/ams/api/v1/log/deleteLogic/{id}]}: deleteLogic(String)
	{POST [/ams/api/v1/log/deleteLogicBatch]}: deleteLogicBatch(Collection)
	{POST [/ams/api/v1/log/clearOperationLog]}: clearOperationLog()
	{POST [/ams/api/v1/log/clearSystemLog]}: clearSystemLog()
	{GET [/ams/api/v1/log/pageOperation]}: pageOperation(BQSearchParamsGet)
	{POST [/ams/api/v1/log/clearLoginLog]}: clearLoginLog()
	{POST [/ams/api/v1/log/clearLogoffLog]}: clearLogoffLog()
2026-04-13 19:09:32.854 [restartedMain] DEBUG _.s.web.servlet.HandlerMapping.Mappings - 
	c.q.c.c.c.BQLoginController:
	{GET [/ams/api/v1/user/info]}: info(BQSearchParamsGet)
	{GET [/ams/api/v1/user/reg]}: reg(BQSearchParamsGet)
	{POST [/ams/api/v1/user/sysInfo]}: sysInfo()
	{POST [/ams/api/v1/user/logoff]}: logoff(HttpServletRequest)
	{POST [/ams/api/v1/user/login]}: login(TbUserEntity)
	{POST [/ams/api/v1/user/refreshToken]}: refreshToken(String)
2026-04-13 19:09:32.857 [restartedMain] DEBUG _.s.web.servlet.HandlerMapping.Mappings - 
	c.q.c.c.c.BqParamDataController:
	{GET [/ams/api/v1/param/data/get/{id}]}: get(String)
	{POST [/ams/api/v1/param/data/update]}: update(BqParamDataEntity)
	{GET [/ams/api/v1/param/data/list]}: list(BQSearchParamsGet)
	{GET [/ams/api/v1/param/data/delete/{id}]}: delete(String)
	{POST [/ams/api/v1/param/data/save]}: save(BqParamDataEntity)
	{POST [/ams/api/v1/param/data/saveBatch]}: saveBatch(Collection)
	{GET [/ams/api/v1/param/data/page]}: page(BQSearchParamsGet)
	{POST [/ams/api/v1/param/data/updateBatch]}: updateBatch(Collection)
	{POST [/ams/api/v1/param/data/deleteBatch]}: deleteBatch(Collection)
	{GET [/ams/api/v1/param/data/deleteLogic/{id}]}: deleteLogic(String)
	{POST [/ams/api/v1/param/data/deleteLogicBatch]}: deleteLogicBatch(Collection)
2026-04-13 19:09:32.857 [restartedMain] DEBUG _.s.web.servlet.HandlerMapping.Mappings - 
	c.q.c.c.c.BqParamGroupController:
	{GET [/ams/api/v1/param/group/get/{id}]}: get(String)
	{POST [/ams/api/v1/param/group/update]}: update(BqParamGroupEntity)
	{GET [/ams/api/v1/param/group/list]}: list(BQSearchParamsGet)
	{GET [/ams/api/v1/param/group/delete/{id}]}: delete(String)
	{POST [/ams/api/v1/param/group/save]}: save(BqParamGroupEntity)
	{POST [/ams/api/v1/param/group/saveBatch]}: saveBatch(Collection)
	{GET [/ams/api/v1/param/group/page]}: page(BQSearchParamsGet)
	{POST [/ams/api/v1/param/group/updateBatch]}: updateBatch(Collection)
	{POST [/ams/api/v1/param/group/deleteBatch]}: deleteBatch(Collection)
	{GET [/ams/api/v1/param/group/deleteLogic/{id}]}: deleteLogic(String)
	{POST [/ams/api/v1/param/group/deleteLogicBatch]}: deleteLogicBatch(Collection)
2026-04-13 19:09:32.873 [restartedMain] DEBUG _.s.web.servlet.HandlerMapping.Mappings - 
	c.q.c.c.c.BqParamItemController:
	{GET [/ams/api/v1/param/item/get/{id}]}: get(String)
	{POST [/ams/api/v1/param/item/update]}: update(BqParamItemEntity)
	{GET [/ams/api/v1/param/item/list]}: list(BQSearchParamsGet)
	{GET [/ams/api/v1/param/item/delete/{id}]}: delete(String)
	{POST [/ams/api/v1/param/item/save]}: save(BqParamItemEntity)
	{POST [/ams/api/v1/param/item/saveBatch]}: saveBatch(Collection)
	{POST [/ams/api/v1/param/item/update/image]}: upload(MultipartFile[],int)
	{GET [/ams/api/v1/param/item/page]}: page(BQSearchParamsGet)
	{POST [/ams/api/v1/param/item/updateBatch]}: updateBatch(Collection)
	{POST [/ams/api/v1/param/item/deleteBatch]}: deleteBatch(Collection)
	{GET [/ams/api/v1/param/item/deleteLogic/{id}]}: deleteLogic(String)
	{POST [/ams/api/v1/param/item/deleteLogicBatch]}: deleteLogicBatch(Collection)
2026-04-13 19:09:32.876 [restartedMain] DEBUG _.s.web.servlet.HandlerMapping.Mappings - 
	c.q.c.c.c.BqPatientController:
	{GET [/ams/api/v1/patient/get/{id}]}: get(String)
	{POST [/ams/api/v1/patient/update]}: update(BqPatientEntity)
	{GET [/ams/api/v1/patient/list]}: list(BQSearchParamsGet)
	{GET [/ams/api/v1/patient/delete/{id}]}: delete(String)
	{POST [/ams/api/v1/patient/save]}: save(BqPatientEntity)
	{GET [/ams/api/v1/patient/search]}: search(String)
	{POST [/ams/api/v1/patient/saveBatch]}: saveBatch(Collection)
	{GET [/ams/api/v1/patient/page]}: page(BQSearchParamsGet)
	{POST [/ams/api/v1/patient/updateBatch]}: updateBatch(Collection)
	{POST [/ams/api/v1/patient/deleteBatch]}: deleteBatch(Collection)
	{GET [/ams/api/v1/patient/deleteLogic/{id}]}: deleteLogic(String)
	{POST [/ams/api/v1/patient/deleteLogicBatch]}: deleteLogicBatch(Collection)
2026-04-13 19:09:32.891 [restartedMain] DEBUG _.s.web.servlet.HandlerMapping.Mappings - 
	c.q.c.c.c.BqRegistrationController:
	{GET [/ams/api/v1/registration/get/{id}]}: get(String)
	{POST [/ams/api/v1/registration/update]}: update(BqRegistrationEntity)
	{GET [/ams/api/v1/registration/list]}: list(BQSearchParamsGet)
	{GET [/ams/api/v1/registration/delete/{id}]}: delete(String)
	{POST [/ams/api/v1/registration/save]}: save(RegistrationSaveDto)
	{GET [/ams/api/v1/registration/search]}: search(String,LocalDateTime,LocalDateTime,String)
	{POST [/ams/api/v1/registration/saveBatch]}: saveBatch(Collection)
	{GET [/ams/api/v1/registration/cities]}: getCities(Integer)
	{GET [/ams/api/v1/registration/page]}: page(BQSearchParamsGet)
	{POST [/ams/api/v1/registration/updateBatch]}: updateBatch(Collection)
	{POST [/ams/api/v1/registration/deleteBatch]}: deleteBatch(Collection)
	{GET [/ams/api/v1/registration/deleteLogic/{id}]}: deleteLogic(String)
	{POST [/ams/api/v1/registration/deleteLogicBatch]}: deleteLogicBatch(Collection)
	{GET [/ams/api/v1/registration/districts]}: getDistricts(Integer)
	{GET [/ams/api/v1/registration/provinces]}: getProvinces()
2026-04-13 19:09:32.893 [restartedMain] DEBUG _.s.web.servlet.HandlerMapping.Mappings - 
	c.q.c.c.c.m.BQDownloadController:
	{GET [/ams/mvc/v1/download/auth/{customerId}]}: auth(String,HttpServletRequest,HttpServletResponse)
	{GET [/ams/mvc/v1/download/template/{year}/{month}/{day}/{filename}]}: template(HttpServletResponse,String,String,String,String)
	{GET [/ams/mvc/v1/download/pdf]}: pdf(HttpServletRequest,HttpServletResponse)
	{GET [/ams/mvc/v1/download/img]}: img(HttpServletRequest,HttpServletResponse)
	{GET [/ams/mvc/v1/download/images/{year}/{month}/{day}/{filename}]}: images(HttpServletResponse,String,String,String,String)
	{GET [/ams/mvc/v1/download/medical/{attachmentId}]}: medical(HttpServletResponse,String)
2026-04-13 19:09:32.896 [restartedMain] DEBUG _.s.web.servlet.HandlerMapping.Mappings - 
	c.q.c.c.c.m.BQErrorController:
	{GET [/error]}: error(Model)
2026-04-13 19:09:32.905 [restartedMain] DEBUG _.s.web.servlet.HandlerMapping.Mappings - 
	c.q.c.c.c.TbAnnotationController:
	{GET [/ams/api/v1/annotation/get/{id}]}: get(String)
	{POST [/ams/api/v1/annotation/update]}: update(TbAnnotationEntity)
	{GET [/ams/api/v1/annotation/list]}: list(BQSearchParamsGet)
	{GET [/ams/api/v1/annotation/delete/{id}]}: delete(String)
	{POST [/ams/api/v1/annotation/save]}: save(TbAnnotationEntity)
	{POST [/ams/api/v1/annotation/saveBatch]}: saveBatch(Collection)
	{POST [/ams/api/v1/annotation/fix/{annotationId}]}: fix(String)
	{GET [/ams/api/v1/annotation/page]}: page(BQSearchParamsGet)
	{POST [/ams/api/v1/annotation/updateBatch]}: updateBatch(Collection)
	{POST [/ams/api/v1/annotation/deleteBatch]}: deleteBatch(Collection)
	{GET [/ams/api/v1/annotation/deleteLogic/{id}]}: deleteLogic(String)
	{POST [/ams/api/v1/annotation/deleteLogicBatch]}: deleteLogicBatch(Collection)
	{GET [/ams/api/v1/annotation/getTotalPoints/{recordId}]}: getTotalPoints(String)
	{GET [/ams/api/v1/annotation/getCountByRecordId/{recordId}]}: getCountByRecordId(String)
2026-04-13 19:09:32.920 [restartedMain] DEBUG _.s.web.servlet.HandlerMapping.Mappings - 
	c.q.c.c.c.TbAttachmentController:
	{GET [/ams/api/v1/attachment/get/{id}]}: get(String)
	{POST [/ams/api/v1/attachment/update]}: update(TbAttachmentEntity)
	{POST [/ams/api/v1/attachment/test]}: test(TbCollectorEntity)
	{GET [/ams/api/v1/attachment/list]}: list(BQSearchParamsGet)
	{GET [/ams/api/v1/attachment/delete/{id}]}: delete(String)
	{POST [/ams/api/v1/attachment/save]}: save(TbAttachmentEntity)
	{POST [/ams/api/v1/attachment/saveBatch]}: saveBatch(Collection)
	{POST [/ams/api/v1/attachment/upload]}: upload(MultipartFile[],String,String,int,int)
	{POST [/ams/api/v1/attachment/upload4ocr]}: upload4ocr(MultipartFile[])
	{POST [/ams/api/v1/attachment/setStatus/{eid}/{status}]}: setStatus(String,Boolean)
	{POST [/ams/api/v1/attachment/abolishByAttachmentId/{e}/{v}]}: abolishByAttachmentId(String,Boolean)
	{POST [/ams/api/v1/attachment/updateOrderValue]}: updateAttachmentOrderValue(BQAttachmentOrderDto)
	{GET [/ams/api/v1/attachment/page]}: page(BQSearchParamsGet)
	{POST [/ams/api/v1/attachment/updateBatch]}: updateBatch(Collection)
	{POST [/ams/api/v1/attachment/deleteBatch]}: deleteBatch(Collection)
	{GET [/ams/api/v1/attachment/deleteLogic/{id}]}: deleteLogic(String)
	{POST [/ams/api/v1/attachment/deleteLogicBatch]}: deleteLogicBatch(Collection)
	{POST [/ams/api/v1/attachment/deleteByKindId/{r}/{k}]}: deleteByKindId(String,String)
	{POST [/ams/api/v1/attachment/deleteByRecordId/{r}]}: deleteByRecordId(String)
	{POST [/ams/api/v1/attachment/abolishByKindId/{r}/{k}/{v}]}: abolishByKindId(String,String,Boolean)
	{POST [/ams/api/v1/attachment/abolishByRecordId/{r}/{v}]}: abolishByRecordId(String,Boolean)
2026-04-13 19:09:32.926 [restartedMain] DEBUG _.s.web.servlet.HandlerMapping.Mappings - 
	c.q.c.c.c.TbBbsController:
	{GET [/ams/api/v1/bbs/get/{id}]}: get(String)
	{POST [/ams/api/v1/bbs/update]}: update(TbBbsEntity)
	{GET [/ams/api/v1/bbs/list]}: list(BQSearchParamsGet)
	{GET [/ams/api/v1/bbs/delete/{id}]}: delete(String)
	{POST [/ams/api/v1/bbs/save]}: save(TbBbsEntity)
	{POST [/ams/api/v1/bbs/saveBatch]}: saveBatch(Collection)
	{GET [/ams/api/v1/bbs/page]}: page(BQSearchParamsGet)
	{POST [/ams/api/v1/bbs/updateBatch]}: updateBatch(Collection)
	{POST [/ams/api/v1/bbs/deleteBatch]}: deleteBatch(Collection)
	{GET [/ams/api/v1/bbs/deleteLogic/{id}]}: deleteLogic(String)
	{POST [/ams/api/v1/bbs/deleteLogicBatch]}: deleteLogicBatch(Collection)
2026-04-13 19:09:32.931 [restartedMain] DEBUG _.s.web.servlet.HandlerMapping.Mappings - 
	c.q.c.c.c.TbCategoryMappingController:
	{GET [/ams/api/v1/category/mapping/get/{id}]}: get(String)
	{POST [/ams/api/v1/category/mapping/update]}: update(TbCategoryMappingEntity)
	{GET [/ams/api/v1/category/mapping/list]}: list(BQSearchParamsGet)
	{GET [/ams/api/v1/category/mapping/delete/{id}]}: delete(String)
	{POST [/ams/api/v1/category/mapping/save]}: save(TbCategoryMappingEntity)
	{POST [/ams/api/v1/category/mapping/saveBatch]}: saveBatch(Collection)
	{GET [/ams/api/v1/category/mapping/page]}: page(BQSearchParamsGet)
	{POST [/ams/api/v1/category/mapping/updateBatch]}: updateBatch(Collection)
	{POST [/ams/api/v1/category/mapping/deleteBatch]}: deleteBatch(Collection)
	{GET [/ams/api/v1/category/mapping/deleteLogic/{id}]}: deleteLogic(String)
	{POST [/ams/api/v1/category/mapping/deleteLogicBatch]}: deleteLogicBatch(Collection)
2026-04-13 19:09:32.936 [restartedMain] DEBUG _.s.web.servlet.HandlerMapping.Mappings - 
	c.q.c.c.c.TbCheckItemController:
	{GET [/ams/api/v1/check/item/get/{id}]}: get(String)
	{POST [/ams/api/v1/check/item/update]}: update(TbCheckItemEntity)
	{GET [/ams/api/v1/check/item/list]}: list(BQSearchParamsGet)
	{GET [/ams/api/v1/check/item/delete/{id}]}: delete(String)
	{POST [/ams/api/v1/check/item/save]}: save(TbCheckItemEntity)
	{POST [/ams/api/v1/check/item/saveBatch]}: saveBatch(Collection)
	{GET [/ams/api/v1/check/item/page]}: page(BQSearchParamsGet)
	{POST [/ams/api/v1/check/item/updateBatch]}: updateBatch(Collection)
	{POST [/ams/api/v1/check/item/deleteBatch]}: deleteBatch(Collection)
	{GET [/ams/api/v1/check/item/deleteLogic/{id}]}: deleteLogic(String)
	{POST [/ams/api/v1/check/item/deleteLogicBatch]}: deleteLogicBatch(Collection)
2026-04-13 19:09:32.936 [restartedMain] DEBUG _.s.web.servlet.HandlerMapping.Mappings - 
	c.q.c.c.c.TbCollectorController:
	{GET [/ams/api/v1/collector/get/{id}]}: get(String)
	{POST [/ams/api/v1/collector/update]}: update(TbCollectorEntity)
	{GET [/ams/api/v1/collector/list]}: list(BQSearchParamsGet)
	{GET [/ams/api/v1/collector/delete/{id}]}: delete(String)
	{POST [/ams/api/v1/collector/save]}: save(TbCollectorEntity)
	{POST [/ams/api/v1/collector/saveBatch]}: saveBatch(Collection)
	{POST [/ams/api/v1/collector/setStatus/{eid}/{status}]}: setStatus(String,Boolean)
	{GET [/ams/api/v1/collector/page]}: page(BQSearchParamsGet)
	{POST [/ams/api/v1/collector/updateBatch]}: updateBatch(Collection)
	{POST [/ams/api/v1/collector/deleteBatch]}: deleteBatch(Collection)
	{GET [/ams/api/v1/collector/deleteLogic/{id}]}: deleteLogic(String)
	{POST [/ams/api/v1/collector/deleteLogicBatch]}: deleteLogicBatch(Collection)
2026-04-13 19:09:32.936 [restartedMain] DEBUG _.s.web.servlet.HandlerMapping.Mappings - 
	c.q.c.c.c.TbCustomerController:
	{GET [/ams/api/v1/customer/get/{id}]}: get(String)
	{POST [/ams/api/v1/customer/update]}: update(TbCustomerEntity)
	{GET [/ams/api/v1/customer/list]}: list(BQSearchParamsGet)
	{GET [/ams/api/v1/customer/delete/{id}]}: delete(String)
	{POST [/ams/api/v1/customer/save]}: save(TbCustomerEntity)
	{POST [/ams/api/v1/customer/saveBatch]}: saveBatch(Collection)
	{POST [/ams/api/v1/customer/setStatus/{eid}/{status}]}: setStatus(String,Boolean)
	{GET [/ams/api/v1/customer/page]}: page(BQSearchParamsGet)
	{POST [/ams/api/v1/customer/updateBatch]}: updateBatch(Collection)
	{POST [/ams/api/v1/customer/deleteBatch]}: deleteBatch(Collection)
	{GET [/ams/api/v1/customer/deleteLogic/{id}]}: deleteLogic(String)
	{POST [/ams/api/v1/customer/deleteLogicBatch]}: deleteLogicBatch(Collection)
	{GET [/ams/api/v1/customer/getUserIdsBy/{customerId}]}: getUserIdsBy(String)
	{POST [/ams/api/v1/customer/saveMenuIds/{customerId}]}: saveMenuIds(String,List)
	{POST [/ams/api/v1/customer/saveUserIds/{customerId}]}: saveUserIds(String,List)
	{GET [/ams/api/v1/customer/getMenuIdsBy/{customerId}]}: getMenuIdsBy(String)
2026-04-13 19:09:32.949 [restartedMain] DEBUG _.s.web.servlet.HandlerMapping.Mappings - 
	c.q.c.c.c.TbDeptController:
	{GET [/ams/api/v1/dept/get/{id}]}: get(String)
	{POST [/ams/api/v1/dept/update]}: update(TbDeptEntity)
	{GET [/ams/api/v1/dept/list]}: list(BQSearchParamsGet)
	{GET [/ams/api/v1/dept/delete/{id}]}: delete(String)
	{POST [/ams/api/v1/dept/save]}: save(TbDeptEntity)
	{POST [/ams/api/v1/dept/saveBatch]}: saveBatch(Collection)
	{POST [/ams/api/v1/dept/setStatus/{eid}/{status}]}: setStatus(String,Boolean)
	{GET [/ams/api/v1/dept/page]}: page(BQSearchParamsGet)
	{POST [/ams/api/v1/dept/updateBatch]}: updateBatch(Collection)
	{POST [/ams/api/v1/dept/deleteBatch]}: deleteBatch(Collection)
	{GET [/ams/api/v1/dept/deleteLogic/{id}]}: deleteLogic(String)
	{POST [/ams/api/v1/dept/deleteLogicBatch]}: deleteLogicBatch(Collection)
2026-04-13 19:09:32.957 [restartedMain] DEBUG _.s.web.servlet.HandlerMapping.Mappings - 
	c.q.c.c.c.TbDiagnosisDictController:
	{GET [/ams/api/v1/diagnosis/dict/get/{id}]}: get(String)
	{POST [/ams/api/v1/diagnosis/dict/update]}: update(TbDiagnosisDictEntity)
	{GET [/ams/api/v1/diagnosis/dict/list]}: list(BQSearchParamsGet)
	{GET [/ams/api/v1/diagnosis/dict/delete/{id}]}: delete(String)
	{POST [/ams/api/v1/diagnosis/dict/save]}: save(TbDiagnosisDictEntity)
	{POST [/ams/api/v1/diagnosis/dict/saveBatch]}: saveBatch(Collection)
	{GET [/ams/api/v1/diagnosis/dict/getDetail/{id}]}: getDetail(Long)
	{GET [/ams/api/v1/diagnosis/dict/page]}: page(BQSearchParamsGet)
	{POST [/ams/api/v1/diagnosis/dict/updateBatch]}: updateBatch(Collection)
	{POST [/ams/api/v1/diagnosis/dict/deleteBatch]}: deleteBatch(Collection)
	{GET [/ams/api/v1/diagnosis/dict/deleteLogic/{id}]}: deleteLogic(String)
	{POST [/ams/api/v1/diagnosis/dict/deleteLogicBatch]}: deleteLogicBatch(Collection)
	{GET [/ams/api/v1/diagnosis/dict/getDictList]}: getDictList()
2026-04-13 19:09:32.961 [restartedMain] DEBUG _.s.web.servlet.HandlerMapping.Mappings - 
	c.q.c.c.c.TbDrugController:
	{GET [/ams/api/v1/drug/get/{id}]}: get(String)
	{POST [/ams/api/v1/drug/update]}: update(TbDrugEntity)
	{GET [/ams/api/v1/drug/list]}: list(BQSearchParamsGet)
	{GET [/ams/api/v1/drug/delete/{id}]}: delete(String)
	{POST [/ams/api/v1/drug/save]}: save(TbDrugEntity)
	{POST [/ams/api/v1/drug/saveBatch]}: saveBatch(Collection)
	{GET [/ams/api/v1/drug/page]}: page(BQSearchParamsGet)
	{POST [/ams/api/v1/drug/updateBatch]}: updateBatch(Collection)
	{POST [/ams/api/v1/drug/deleteBatch]}: deleteBatch(Collection)
	{GET [/ams/api/v1/drug/deleteLogic/{id}]}: deleteLogic(String)
	{POST [/ams/api/v1/drug/deleteLogicBatch]}: deleteLogicBatch(Collection)
2026-04-13 19:09:32.965 [restartedMain] DEBUG _.s.web.servlet.HandlerMapping.Mappings - 
	c.q.c.c.c.TbEnumHeaderController:
	{GET [/ams/api/v1/enum/header/get/{id}]}: get(String)
	{POST [/ams/api/v1/enum/header/update]}: update(TbEnumHeaderEntity)
	{GET [/ams/api/v1/enum/header/list]}: list(BQSearchParamsGet)
	{GET [/ams/api/v1/enum/header/delete/{id}]}: delete(String)
	{POST [/ams/api/v1/enum/header/save]}: save(TbEnumHeaderEntity)
	{POST [/ams/api/v1/enum/header/saveBatch]}: saveBatch(Collection)
	{GET [/ams/api/v1/enum/header/page]}: page(BQSearchParamsGet)
	{POST [/ams/api/v1/enum/header/updateBatch]}: updateBatch(Collection)
	{POST [/ams/api/v1/enum/header/deleteBatch]}: deleteBatch(Collection)
	{GET [/ams/api/v1/enum/header/deleteLogic/{id}]}: deleteLogic(String)
	{POST [/ams/api/v1/enum/header/deleteLogicBatch]}: deleteLogicBatch(Collection)
2026-04-13 19:09:32.970 [restartedMain] DEBUG _.s.web.servlet.HandlerMapping.Mappings - 
	c.q.c.c.c.TbFeeController:
	{GET [/ams/api/v1/fee/get/{id}]}: get(String)
	{POST [/ams/api/v1/fee/update]}: update(TbFeeEntity)
	{GET [/ams/api/v1/fee/list]}: list(BQSearchParamsGet)
	{GET [/ams/api/v1/fee/delete/{id}]}: delete(String)
	{POST [/ams/api/v1/fee/save]}: save(TbFeeEntity)
	{POST [/ams/api/v1/fee/saveBatch]}: saveBatch(Collection)
	{GET [/ams/api/v1/fee/page]}: page(BQSearchParamsGet)
	{POST [/ams/api/v1/fee/updateBatch]}: updateBatch(Collection)
	{POST [/ams/api/v1/fee/deleteBatch]}: deleteBatch(Collection)
	{GET [/ams/api/v1/fee/deleteLogic/{id}]}: deleteLogic(String)
	{POST [/ams/api/v1/fee/deleteLogicBatch]}: deleteLogicBatch(Collection)
2026-04-13 19:09:32.974 [restartedMain] DEBUG _.s.web.servlet.HandlerMapping.Mappings - 
	c.q.c.c.c.TbFeeItemController:
	{GET [/ams/api/v1/fee/item/get/{id}]}: get(String)
	{POST [/ams/api/v1/fee/item/update]}: update(TbFeeItemEntity)
	{GET [/ams/api/v1/fee/item/list]}: list(BQSearchParamsGet)
	{GET [/ams/api/v1/fee/item/delete/{id}]}: delete(String)
	{POST [/ams/api/v1/fee/item/save]}: save(TbFeeItemEntity)
	{POST [/ams/api/v1/fee/item/saveBatch]}: saveBatch(Collection)
	{GET [/ams/api/v1/fee/item/page]}: page(BQSearchParamsGet)
	{POST [/ams/api/v1/fee/item/updateBatch]}: updateBatch(Collection)
	{POST [/ams/api/v1/fee/item/deleteBatch]}: deleteBatch(Collection)
	{GET [/ams/api/v1/fee/item/deleteLogic/{id}]}: deleteLogic(String)
	{POST [/ams/api/v1/fee/item/deleteLogicBatch]}: deleteLogicBatch(Collection)
2026-04-13 19:09:32.979 [restartedMain] DEBUG _.s.web.servlet.HandlerMapping.Mappings - 
	c.q.c.c.c.TbFieldAliasController:
	{GET [/ams/api/v1/field/alias/get/{id}]}: get(String)
	{POST [/ams/api/v1/field/alias/update]}: update(TbFieldAliasEntity)
	{GET [/ams/api/v1/field/alias/list]}: list(BQSearchParamsGet)
	{GET [/ams/api/v1/field/alias/delete/{id}]}: delete(String)
	{POST [/ams/api/v1/field/alias/save]}: save(TbFieldAliasEntity)
	{POST [/ams/api/v1/field/alias/saveBatch]}: saveBatch(Collection)
	{GET [/ams/api/v1/field/alias/page]}: page(BQSearchParamsGet)
	{POST [/ams/api/v1/field/alias/updateBatch]}: updateBatch(Collection)
	{POST [/ams/api/v1/field/alias/deleteBatch]}: deleteBatch(Collection)
	{GET [/ams/api/v1/field/alias/deleteLogic/{id}]}: deleteLogic(String)
	{POST [/ams/api/v1/field/alias/deleteLogicBatch]}: deleteLogicBatch(Collection)
2026-04-13 19:09:32.982 [restartedMain] DEBUG _.s.web.servlet.HandlerMapping.Mappings - 
	c.q.c.c.c.TbFlowController:
	{GET [/ams/api/v1/flow/get/{id}]}: get(String)
	{POST [/ams/api/v1/flow/update]}: update(TbFlowEntity)
	{GET [/ams/api/v1/flow/list]}: list(BQSearchParamsGet)
	{GET [/ams/api/v1/flow/delete/{id}]}: delete(String)
	{POST [/ams/api/v1/flow/save]}: save(TbFlowEntity)
	{POST [/ams/api/v1/flow/saveBatch]}: saveBatch(Collection)
	{GET [/ams/api/v1/flow/page]}: page(BQSearchParamsGet)
	{POST [/ams/api/v1/flow/updateBatch]}: updateBatch(Collection)
	{POST [/ams/api/v1/flow/deleteBatch]}: deleteBatch(Collection)
	{GET [/ams/api/v1/flow/deleteLogic/{id}]}: deleteLogic(String)
	{POST [/ams/api/v1/flow/deleteLogicBatch]}: deleteLogicBatch(Collection)
2026-04-13 19:09:32.982 [restartedMain] DEBUG _.s.web.servlet.HandlerMapping.Mappings - 
	c.q.c.c.c.TbGroupController:
	{GET [/ams/api/v1/group/get/{id}]}: get(String)
	{POST [/ams/api/v1/group/update]}: update(TbGroupEntity)
	{GET [/ams/api/v1/group/list]}: list(BQSearchParamsGet)
	{GET [/ams/api/v1/group/delete/{id}]}: delete(String)
	{POST [/ams/api/v1/group/save]}: save(TbGroupEntity)
	{POST [/ams/api/v1/group/saveBatch]}: saveBatch(Collection)
	{POST [/ams/api/v1/group/setStatus/{eid}/{status}]}: setStatus(String,Boolean)
	{GET [/ams/api/v1/group/page]}: page(BQSearchParamsGet)
	{POST [/ams/api/v1/group/updateBatch]}: updateBatch(Collection)
	{POST [/ams/api/v1/group/deleteBatch]}: deleteBatch(Collection)
	{GET [/ams/api/v1/group/deleteLogic/{id}]}: deleteLogic(String)
	{POST [/ams/api/v1/group/deleteLogicBatch]}: deleteLogicBatch(Collection)
2026-04-13 19:09:32.982 [restartedMain] DEBUG _.s.web.servlet.HandlerMapping.Mappings - 
	c.q.c.c.c.TbHolidayController:
	{GET [/ams/api/v1/holiday/get/{id}]}: get(String)
	{POST [/ams/api/v1/holiday/update]}: update(TbHolidayEntity)
	{GET [/ams/api/v1/holiday/list]}: list(BQSearchParamsGet)
	{GET [/ams/api/v1/holiday/delete/{id}]}: delete(String)
	{POST [/ams/api/v1/holiday/save]}: save(TbHolidayEntity)
	{POST [/ams/api/v1/holiday/saveBatch]}: saveBatch(Collection)
	{GET [/ams/api/v1/holiday/page]}: page(BQSearchParamsGet)
	{POST [/ams/api/v1/holiday/updateBatch]}: updateBatch(Collection)
	{POST [/ams/api/v1/holiday/deleteBatch]}: deleteBatch(Collection)
	{GET [/ams/api/v1/holiday/deleteLogic/{id}]}: deleteLogic(String)
	{POST [/ams/api/v1/holiday/deleteLogicBatch]}: deleteLogicBatch(Collection)
2026-04-13 19:09:32.982 [restartedMain] DEBUG _.s.web.servlet.HandlerMapping.Mappings - 
	c.q.c.c.c.TbKindController:
	{GET [/ams/api/v1/kind/get/{id}]}: get(String)
	{POST [/ams/api/v1/kind/update]}: update(TbKindEntity)
	{GET [/ams/api/v1/kind/list]}: list(BQSearchParamsGet)
	{GET [/ams/api/v1/kind/delete/{id}]}: delete(String)
	{POST [/ams/api/v1/kind/save]}: save(TbKindEntity)
	{POST [/ams/api/v1/kind/saveBatch]}: saveBatch(Collection)
	{POST [/ams/api/v1/kind/listQt]}: listQt(HashMap)
	{POST [/ams/api/v1/kind/setStatus/{eid}/{status}]}: setStatus(String,Boolean)
	{GET [/ams/api/v1/kind/page]}: page(BQSearchParamsGet)
	{POST [/ams/api/v1/kind/updateBatch]}: updateBatch(Collection)
	{POST [/ams/api/v1/kind/deleteBatch]}: deleteBatch(Collection)
	{GET [/ams/api/v1/kind/deleteLogic/{id}]}: deleteLogic(String)
	{POST [/ams/api/v1/kind/deleteLogicBatch]}: deleteLogicBatch(Collection)
2026-04-13 19:09:32.997 [restartedMain] DEBUG _.s.web.servlet.HandlerMapping.Mappings - 
	c.q.c.c.c.TbKindTemplateController:
	{GET [/ams/api/v1/kind/template/get/{id}]}: get(String)
	{POST [/ams/api/v1/kind/template/update]}: update(TbKindTemplateEntity)
	{GET [/ams/api/v1/kind/template/list]}: list(BQSearchParamsGet)
	{GET [/ams/api/v1/kind/template/delete/{id}]}: delete(String)
	{POST [/ams/api/v1/kind/template/save]}: save(TbKindTemplateEntity)
	{POST [/ams/api/v1/kind/template/saveBatch]}: saveBatch(Collection)
	{POST [/ams/api/v1/kind/template/upload]}: upload(MultipartFile,String)
	{GET [/ams/api/v1/kind/template/page]}: page(BQSearchParamsGet)
	{POST [/ams/api/v1/kind/template/updateBatch]}: updateBatch(Collection)
	{POST [/ams/api/v1/kind/template/deleteBatch]}: deleteBatch(Collection)
	{GET [/ams/api/v1/kind/template/deleteLogic/{id}]}: deleteLogic(String)
	{POST [/ams/api/v1/kind/template/deleteLogicBatch]}: deleteLogicBatch(Collection)
2026-04-13 19:09:32.997 [restartedMain] DEBUG _.s.web.servlet.HandlerMapping.Mappings - 
	c.q.c.c.c.TbMedicalRecordController:
	{GET [/ams/api/v1/medical/record/get/{id}]}: get(String)
	{POST [/ams/api/v1/medical/record/update]}: update(TbMedicalRecordEntity)
	{GET [/ams/api/v1/medical/record/list]}: list(BQSearchParamsGet)
	{GET [/ams/api/v1/medical/record/delete/{id}]}: delete(String)
	{POST [/ams/api/v1/medical/record/save]}: save(TbMedicalRecordEntity)
	{POST [/ams/api/v1/medical/record/saveBatch]}: saveBatch(Collection)
	{GET [/ams/api/v1/medical/record/page]}: page(BQSearchParamsGet)
	{POST [/ams/api/v1/medical/record/updateBatch]}: updateBatch(Collection)
	{POST [/ams/api/v1/medical/record/deleteBatch]}: deleteBatch(Collection)
	{GET [/ams/api/v1/medical/record/deleteLogic/{id}]}: deleteLogic(String)
	{POST [/ams/api/v1/medical/record/deleteLogicBatch]}: deleteLogicBatch(Collection)
2026-04-13 19:09:32.997 [restartedMain] DEBUG _.s.web.servlet.HandlerMapping.Mappings - 
	c.q.c.c.c.TbMenuController:
	{GET [/ams/api/v1/menu/get/{id}]}: get(String)
	{POST [/ams/api/v1/menu/update]}: update(TbMenuEntity)
	{GET [/ams/api/v1/menu/list]}: list(BQSearchParamsGet)
	{GET [/ams/api/v1/menu/delete/{id}]}: delete(String)
	{POST [/ams/api/v1/menu/save]}: save(TbMenuEntity)
	{POST [/ams/api/v1/menu/saveBatch]}: saveBatch(Collection)
	{ [/ams/api/v1/menu/getRoutes]}: getRoutes(HttpServletRequest)
	{POST [/ams/api/v1/menu/setStatus/{eid}/{status}]}: setStatus(String,Boolean)
	{GET [/ams/api/v1/menu/page]}: page(BQSearchParamsGet)
	{POST [/ams/api/v1/menu/updateBatch]}: updateBatch(Collection)
	{POST [/ams/api/v1/menu/deleteBatch]}: deleteBatch(Collection)
	{GET [/ams/api/v1/menu/deleteLogic/{id}]}: deleteLogic(String)
	{POST [/ams/api/v1/menu/deleteLogicBatch]}: deleteLogicBatch(Collection)
	{ [/ams/api/v1/menu/getRoleMenus]}: getRoleMenus(HttpServletRequest)
	{POST [/ams/api/v1/menu/reloadResource]}: reloadResource()
	{ [/ams/api/v1/menu/saveMenuIdsBy/{roleId}]}: saveMenuIdsBy(String,Iterable)
	{ [/ams/api/v1/menu/getMenuIdsBy/{roleId}]}: getMenuIdsBy(String)
2026-04-13 19:09:33.014 [restartedMain] DEBUG _.s.web.servlet.HandlerMapping.Mappings - 
	c.q.c.c.c.TbPatientController:
	{GET [/ams/api/v2/patient/get/{id}]}: get(String)
	{POST [/ams/api/v2/patient/update]}: update(TbPatientEntity)
	{GET [/ams/api/v2/patient/list]}: list(BQSearchParamsGet)
	{GET [/ams/api/v2/patient/delete/{id}]}: delete(String)
	{POST [/ams/api/v2/patient/save]}: save(TbPatientEntity)
	{POST [/ams/api/v2/patient/saveBatch]}: saveBatch(Collection)
	{GET [/ams/api/v2/patient/page]}: page(BQSearchParamsGet)
	{POST [/ams/api/v2/patient/updateBatch]}: updateBatch(Collection)
	{POST [/ams/api/v2/patient/deleteBatch]}: deleteBatch(Collection)
	{GET [/ams/api/v2/patient/deleteLogic/{id}]}: deleteLogic(String)
	{POST [/ams/api/v2/patient/deleteLogicBatch]}: deleteLogicBatch(Collection)
2026-04-13 19:09:33.019 [restartedMain] DEBUG _.s.web.servlet.HandlerMapping.Mappings - 
	c.q.c.c.c.TbPrescriptionController:
	{GET [/ams/api/v1/prescription/get/{id}]}: get(String)
	{POST [/ams/api/v1/prescription/update]}: update(TbPrescriptionEntity)
	{GET [/ams/api/v1/prescription/list]}: list(BQSearchParamsGet)
	{GET [/ams/api/v1/prescription/delete/{id}]}: delete(String)
	{POST [/ams/api/v1/prescription/save]}: save(TbPrescriptionEntity)
	{POST [/ams/api/v1/prescription/saveBatch]}: saveBatch(Collection)
	{GET [/ams/api/v1/prescription/page]}: page(BQSearchParamsGet)
	{POST [/ams/api/v1/prescription/updateBatch]}: updateBatch(Collection)
	{POST [/ams/api/v1/prescription/deleteBatch]}: deleteBatch(Collection)
	{GET [/ams/api/v1/prescription/deleteLogic/{id}]}: deleteLogic(String)
	{POST [/ams/api/v1/prescription/deleteLogicBatch]}: deleteLogicBatch(Collection)
2026-04-13 19:09:33.026 [restartedMain] DEBUG _.s.web.servlet.HandlerMapping.Mappings - 
	c.q.c.c.c.TbPrescriptionItemController:
	{GET [/ams/api/v1/prescription/item/get/{id}]}: get(String)
	{POST [/ams/api/v1/prescription/item/update]}: update(TbPrescriptionItemEntity)
	{GET [/ams/api/v1/prescription/item/list]}: list(BQSearchParamsGet)
	{GET [/ams/api/v1/prescription/item/delete/{id}]}: delete(String)
	{POST [/ams/api/v1/prescription/item/save]}: save(TbPrescriptionItemEntity)
	{POST [/ams/api/v1/prescription/item/saveBatch]}: saveBatch(Collection)
	{GET [/ams/api/v1/prescription/item/page]}: page(BQSearchParamsGet)
	{POST [/ams/api/v1/prescription/item/updateBatch]}: updateBatch(Collection)
	{POST [/ams/api/v1/prescription/item/deleteBatch]}: deleteBatch(Collection)
	{GET [/ams/api/v1/prescription/item/deleteLogic/{id}]}: deleteLogic(String)
	{POST [/ams/api/v1/prescription/item/deleteLogicBatch]}: deleteLogicBatch(Collection)
2026-04-13 19:09:33.030 [restartedMain] DEBUG _.s.web.servlet.HandlerMapping.Mappings - 
	c.q.c.c.c.TbRecordController:
	{GET [/ams/api/v1/record/get/{id}]}: get(String)
	{POST [/ams/api/v1/record/update]}: update(TbRecordEntity)
	{GET [/ams/api/v1/record/list]}: list(BQSearchParamsGet)
	{GET [/ams/api/v1/record/delete/{id}]}: delete(String)
	{POST [/ams/api/v1/record/save]}: save(TbRecordEntity)
	{POST [/ams/api/v1/record/saveBatch]}: saveBatch(Collection)
	{POST [/ams/api/v1/record/doctor/qc/{recordId}]}: doctorQc(String,String)
	{POST [/ams/api/v1/record/listRank]}: listRank(HashMap)
	{POST [/ams/api/v1/record/nurse/qc/{recordId}]}: nurseQc(String,String)
	{GET [/ams/api/v1/record/qcr/page]}: qcrPage(BQSearchParamsGet)
	{POST [/ams/api/v1/record/listWz]}: listWz(HashMap)
	{POST [/ams/api/v1/record/doctor/qcb/{recordId}]}: doctorQcb(String,String)
	{POST [/ams/api/v1/record/final/qcb/{recordId}]}: finalQcb(String,String)
	{POST [/ams/api/v1/record/final/qc/{recordId}]}: finalQc(String,String)
	{GET [/ams/api/v1/record/qcr/list]}: qcrList(BQSearchParamsGet)
	{GET [/ams/api/v1/record/page]}: page(BQSearchParamsGet)
	{POST [/ams/api/v1/record/updateBatch]}: updateBatch(Collection)
	{POST [/ams/api/v1/record/deleteBatch]}: deleteBatch(Collection)
	{GET [/ams/api/v1/record/deleteLogic/{id}]}: deleteLogic(String)
	{POST [/ams/api/v1/record/deleteLogicBatch]}: deleteLogicBatch(Collection)
	{GET [/ams/api/v1/record/fieldOptions/{recordKind}]}: fieldOptions(Integer)
2026-04-13 19:09:33.034 [restartedMain] DEBUG _.s.web.servlet.HandlerMapping.Mappings - 
	c.q.c.c.c.TbRecordQualityControlController:
	{GET [/ams/api/v1/record/quality/control/get/{id}]}: get(String)
	{POST [/ams/api/v1/record/quality/control/update]}: update(TbRecordQualityControlEntity)
	{GET [/ams/api/v1/record/quality/control/list]}: list(BQSearchParamsGet)
	{GET [/ams/api/v1/record/quality/control/delete/{id}]}: delete(String)
	{POST [/ams/api/v1/record/quality/control/save]}: save(TbRecordQualityControlEntity)
	{POST [/ams/api/v1/record/quality/control/saveBatch]}: saveBatch(Collection)
	{GET [/ams/api/v1/record/quality/control/page]}: page(BQSearchParamsGet)
	{POST [/ams/api/v1/record/quality/control/updateBatch]}: updateBatch(Collection)
	{POST [/ams/api/v1/record/quality/control/deleteBatch]}: deleteBatch(Collection)
	{GET [/ams/api/v1/record/quality/control/deleteLogic/{id}]}: deleteLogic(String)
	{POST [/ams/api/v1/record/quality/control/deleteLogicBatch]}: deleteLogicBatch(Collection)
2026-04-13 19:09:33.038 [restartedMain] DEBUG _.s.web.servlet.HandlerMapping.Mappings - 
	c.q.c.c.c.TbRecordTrackController:
	{GET [/ams/api/v1/record/track/get/{id}]}: get(String)
	{POST [/ams/api/v1/record/track/update]}: update(TbRecordTrackEntity)
	{GET [/ams/api/v1/record/track/list]}: list(BQSearchParamsGet)
	{GET [/ams/api/v1/record/track/delete/{id}]}: delete(String)
	{POST [/ams/api/v1/record/track/save]}: save(TbRecordTrackEntity)
	{POST [/ams/api/v1/record/track/saveBatch]}: saveBatch(Collection)
	{GET [/ams/api/v1/record/track/page]}: page(BQSearchParamsGet)
	{POST [/ams/api/v1/record/track/updateBatch]}: updateBatch(Collection)
	{POST [/ams/api/v1/record/track/deleteBatch]}: deleteBatch(Collection)
	{GET [/ams/api/v1/record/track/deleteLogic/{id}]}: deleteLogic(String)
	{POST [/ams/api/v1/record/track/deleteLogicBatch]}: deleteLogicBatch(Collection)
2026-04-13 19:09:33.045 [restartedMain] DEBUG _.s.web.servlet.HandlerMapping.Mappings - 
	c.q.c.c.c.TbRegistrationController:
	{GET [/ams/api/v2/registration/get/{id}]}: get(String)
	{POST [/ams/api/v2/registration/update]}: update(TbRegistrationEntity)
	{GET [/ams/api/v2/registration/list]}: list(BQSearchParamsGet)
	{GET [/ams/api/v2/registration/delete/{id}]}: delete(String)
	{POST [/ams/api/v2/registration/save]}: save(TbRegistrationEntity)
	{POST [/ams/api/v2/registration/saveBatch]}: saveBatch(Collection)
	{GET [/ams/api/v2/registration/page]}: page(BQSearchParamsGet)
	{POST [/ams/api/v2/registration/updateBatch]}: updateBatch(Collection)
	{POST [/ams/api/v2/registration/deleteBatch]}: deleteBatch(Collection)
	{GET [/ams/api/v2/registration/deleteLogic/{id}]}: deleteLogic(String)
	{POST [/ams/api/v2/registration/deleteLogicBatch]}: deleteLogicBatch(Collection)
2026-04-13 19:09:33.050 [restartedMain] DEBUG _.s.web.servlet.HandlerMapping.Mappings - 
	c.q.c.c.c.TbRoleController:
	{GET [/ams/api/v1/role/get/{id}]}: get(String)
	{POST [/ams/api/v1/role/update]}: update(TbRoleEntity)
	{GET [/ams/api/v1/role/list]}: list(BQSearchParamsGet)
	{GET [/ams/api/v1/role/delete/{id}]}: delete(String)
	{POST [/ams/api/v1/role/save]}: save(TbRoleEntity)
	{POST [/ams/api/v1/role/saveBatch]}: saveBatch(Collection)
	{POST [/ams/api/v1/role/setStatus/{eid}/{status}]}: setStatus(String,Boolean)
	{GET [/ams/api/v1/role/page]}: page(BQSearchParamsGet)
	{POST [/ams/api/v1/role/updateBatch]}: updateBatch(Collection)
	{POST [/ams/api/v1/role/deleteBatch]}: deleteBatch(Collection)
	{GET [/ams/api/v1/role/deleteLogic/{id}]}: deleteLogic(String)
	{POST [/ams/api/v1/role/deleteLogicBatch]}: deleteLogicBatch(Collection)
2026-04-13 19:09:33.050 [restartedMain] DEBUG _.s.web.servlet.HandlerMapping.Mappings - 
	c.q.c.c.c.TbSpecialDictController:
	{GET [/ams/api/v1/special/dict/get/{id}]}: get(String)
	{POST [/ams/api/v1/special/dict/update]}: update(TbSpecialDictEntity)
	{GET [/ams/api/v1/special/dict/list]}: list(BQSearchParamsGet)
	{GET [/ams/api/v1/special/dict/delete/{id}]}: delete(String)
	{POST [/ams/api/v1/special/dict/save]}: save(TbSpecialDictEntity)
	{POST [/ams/api/v1/special/dict/saveBatch]}: saveBatch(Collection)
	{GET [/ams/api/v1/special/dict/page]}: page(BQSearchParamsGet)
	{POST [/ams/api/v1/special/dict/updateBatch]}: updateBatch(Collection)
	{POST [/ams/api/v1/special/dict/deleteBatch]}: deleteBatch(Collection)
	{GET [/ams/api/v1/special/dict/deleteLogic/{id}]}: deleteLogic(String)
	{POST [/ams/api/v1/special/dict/deleteLogicBatch]}: deleteLogicBatch(Collection)
2026-04-13 19:09:33.050 [restartedMain] DEBUG _.s.web.servlet.HandlerMapping.Mappings - 
	c.q.c.c.c.TbTenantController:
	{GET [/ams/api/v1/tenant/get/{id}]}: get(String)
	{POST [/ams/api/v1/tenant/update]}: update(TbTenantEntity)
	{GET [/ams/api/v1/tenant/list]}: list(BQSearchParamsGet)
	{GET [/ams/api/v1/tenant/delete/{id}]}: delete(String)
	{POST [/ams/api/v1/tenant/save]}: save(TbTenantEntity)
	{GET [/ams/api/v1/tenant/getInfo]}: getInfo()
	{POST [/ams/api/v1/tenant/saveBatch]}: saveBatch(Collection)
	{POST [/ams/api/v1/tenant/setStatus/{eid}/{status}]}: setStatus(String,Boolean)
	{GET [/ams/api/v1/tenant/page]}: page(BQSearchParamsGet)
	{POST [/ams/api/v1/tenant/updateBatch]}: updateBatch(Collection)
	{POST [/ams/api/v1/tenant/deleteBatch]}: deleteBatch(Collection)
	{GET [/ams/api/v1/tenant/deleteLogic/{id}]}: deleteLogic(String)
	{POST [/ams/api/v1/tenant/deleteLogicBatch]}: deleteLogicBatch(Collection)
	{GET [/ams/api/v1/tenant/getUserIdsBy/{tenantId}]}: getUserIdsBy(String)
	{POST [/ams/api/v1/tenant/saveMenuIds/{tenantId}]}: saveMenuIds(String,List)
	{POST [/ams/api/v1/tenant/saveUserIds/{tenantId}]}: saveUserIds(String,List)
	{GET [/ams/api/v1/tenant/getMenuIdsBy/{tenantId}]}: getMenuIdsBy(String)
2026-04-13 19:09:33.050 [restartedMain] DEBUG _.s.web.servlet.HandlerMapping.Mappings - 
	c.q.c.c.c.TbTreatItemController:
	{GET [/ams/api/v1/treat/item/get/{id}]}: get(String)
	{POST [/ams/api/v1/treat/item/update]}: update(TbTreatItemEntity)
	{GET [/ams/api/v1/treat/item/list]}: list(BQSearchParamsGet)
	{GET [/ams/api/v1/treat/item/delete/{id}]}: delete(String)
	{POST [/ams/api/v1/treat/item/save]}: save(TbTreatItemEntity)
	{POST [/ams/api/v1/treat/item/saveBatch]}: saveBatch(Collection)
	{GET [/ams/api/v1/treat/item/page]}: page(BQSearchParamsGet)
	{POST [/ams/api/v1/treat/item/updateBatch]}: updateBatch(Collection)
	{POST [/ams/api/v1/treat/item/deleteBatch]}: deleteBatch(Collection)
	{GET [/ams/api/v1/treat/item/deleteLogic/{id}]}: deleteLogic(String)
	{POST [/ams/api/v1/treat/item/deleteLogicBatch]}: deleteLogicBatch(Collection)
2026-04-13 19:09:33.050 [restartedMain] DEBUG _.s.web.servlet.HandlerMapping.Mappings - 
	c.q.c.c.c.TbUserController:
	{GET [/ams/api/v1/user/get/{id}]}: get(String)
	{POST [/ams/api/v1/user/update]}: update(TbUserEntity)
	{GET [/ams/api/v1/user/list]}: list(BQSearchParamsGet)
	{POST [/ams/api/v1/user/save]}: save(TbUserEntity)
	{POST [/ams/api/v1/user/saveBatch]}: saveBatch(Collection)
	{GET [/ams/api/v1/user/getMine]}: getMine()
	{GET [/ams/api/v1/user/onlineList]}: onlineList(BQUserOnlineListDto)
	{POST [/ams/api/v1/user/updateMine]}: updateMine(TbUserEntity)
	{GET [/ams/api/v1/user/kickOut]}: kickOut(BQUserKickOutDto)
	{POST [/ams/api/v1/user/setStatus/{eid}/{status}]}: setStatus(String,Boolean)
	{GET [/ams/api/v1/user/page]}: page(BQSearchParamsGet)
	{POST [/ams/api/v1/user/updateBatch]}: updateBatch(Collection)
	{GET [/ams/api/v1/user/deleteLogic/{id}]}: deleteLogic(String)
	{POST [/ams/api/v1/user/deleteLogicBatch]}: deleteLogicBatch(Collection)
	{POST [/ams/api/v1/user/resetPassword]}: resetPassword(List)
	{POST [/ams/api/v1/user/saveRoleIds/{userId}]}: saveRoleIds(String,List)
	{GET [/ams/api/v1/user/getRoleIdsBy/{userId}]}: getRoleIdsBy(String)
	{POST [/ams/api/v1/user/changePassword]}: changePassword(List)
2026-04-13 19:09:33.061 [restartedMain] DEBUG _.s.web.servlet.HandlerMapping.Mappings - 
	c.q.c.c.c.TbWatermarkController:
	{GET [/ams/api/v1/watermark/get/{id}]}: get(String)
	{POST [/ams/api/v1/watermark/update]}: update(TbWatermarkEntity)
	{GET [/ams/api/v1/watermark/list]}: list(BQSearchParamsGet)
	{GET [/ams/api/v1/watermark/delete/{id}]}: delete(String)
	{POST [/ams/api/v1/watermark/save]}: save(TbWatermarkEntity)
	{POST [/ams/api/v1/watermark/saveBatch]}: saveBatch(Collection)
	{GET [/ams/api/v1/watermark/page]}: page(BQSearchParamsGet)
	{POST [/ams/api/v1/watermark/updateBatch]}: updateBatch(Collection)
	{POST [/ams/api/v1/watermark/deleteBatch]}: deleteBatch(Collection)
	{GET [/ams/api/v1/watermark/deleteLogic/{id}]}: deleteLogic(String)
	{POST [/ams/api/v1/watermark/deleteLogicBatch]}: deleteLogicBatch(Collection)
2026-04-13 19:09:33.061 [restartedMain] DEBUG _.s.web.servlet.HandlerMapping.Mappings - 
	o.s.b.a.w.s.e.BasicErrorController:
	{ [/error]}: error(HttpServletRequest)
	{ [/error], produces [text/html]}: errorHtml(HttpServletRequest,HttpServletResponse)
2026-04-13 19:09:33.075 [restartedMain] DEBUG o.s.w.s.m.m.a.RequestMappingHandlerMapping - 532 mappings in 'requestMappingHandlerMapping'
2026-04-13 19:09:33.100 [restartedMain] DEBUG o.s.core.env.PropertySourcesPropertyResolver - Found key 'baqi.security.auth-prefix-arr' in PropertySource 'environmentProperties' with value of type String
2026-04-13 19:09:33.101 [restartedMain] DEBUG o.s.b.factory.support.DefaultListableBeanFactory - Creating shared instance of singleton bean 'BQFullTextConsumer'
2026-04-13 19:09:33.104 [restartedMain] DEBUG o.s.b.factory.support.DefaultListableBeanFactory - Creating shared instance of singleton bean 'BQOcrConsumer'
2026-04-13 19:09:33.104 [restartedMain] DEBUG o.s.b.factory.support.DefaultListableBeanFactory - Creating shared instance of singleton bean 'BQOplogConsumer'
2026-04-13 19:09:33.105 [restartedMain] DEBUG o.s.b.factory.support.DefaultListableBeanFactory - Creating shared instance of singleton bean 'bqEnumItemController'
2026-04-13 19:09:33.106 [restartedMain] DEBUG o.s.b.factory.support.DefaultListableBeanFactory - Creating shared instance of singleton bean 'bqEnumItemServiceImpl'
2026-04-13 19:09:33.109 [restartedMain] DEBUG o.s.b.factory.support.DefaultListableBeanFactory - Creating shared instance of singleton bean 'bqEnumItemMapper'
2026-04-13 19:09:33.150 [restartedMain] DEBUG o.s.b.factory.support.DefaultListableBeanFactory - Autowiring by type from bean name 'bqEnumItemController' via constructor to bean named 'bqEnumItemServiceImpl'
2026-04-13 19:09:33.161 [restartedMain] DEBUG o.s.b.factory.support.DefaultListableBeanFactory - Creating shared instance of singleton bean 'bqLogController'
2026-04-13 19:09:33.162 [restartedMain] DEBUG o.s.b.factory.support.DefaultListableBeanFactory - Autowiring by type from bean name 'bqLogController' via constructor to bean named 'bqLogServiceImpl'
2026-04-13 19:09:33.167 [restartedMain] DEBUG o.s.b.factory.support.DefaultListableBeanFactory - Creating shared instance of singleton bean 'BQLoginController'
2026-04-13 19:09:33.167 [restartedMain] DEBUG o.s.b.factory.support.DefaultListableBeanFactory - Creating shared instance of singleton bean 'authenticationManager'
2026-04-13 19:09:33.168 [restartedMain] DEBUG o.s.b.factory.support.DefaultListableBeanFactory - Creating shared instance of singleton bean 'org.springframework.security.config.annotation.authentication.configuration.AuthenticationConfiguration'
2026-04-13 19:09:33.171 [restartedMain] DEBUG o.s.b.factory.support.DefaultListableBeanFactory - Creating shared instance of singleton bean 'enableGlobalAuthenticationAutowiredConfigurer'
2026-04-13 19:09:33.171 [restartedMain] DEBUG o.s.b.factory.support.DefaultListableBeanFactory - Autowiring by type from bean name 'enableGlobalAuthenticationAutowiredConfigurer' via factory method to bean named 'org.springframework.boot.web.servlet.context.AnnotationConfigServletWebServerApplicationContext@3621edd'
2026-04-13 19:09:33.171 [restartedMain] DEBUG o.s.b.factory.support.DefaultListableBeanFactory - Creating shared instance of singleton bean 'initializeUserDetailsBeanManagerConfigurer'
2026-04-13 19:09:33.171 [restartedMain] DEBUG o.s.b.factory.support.DefaultListableBeanFactory - Autowiring by type from bean name 'initializeUserDetailsBeanManagerConfigurer' via factory method to bean named 'org.springframework.boot.web.servlet.context.AnnotationConfigServletWebServerApplicationContext@3621edd'
2026-04-13 19:09:33.171 [restartedMain] DEBUG o.s.b.factory.support.DefaultListableBeanFactory - Creating shared instance of singleton bean 'initializeAuthenticationProviderBeanManagerConfigurer'
2026-04-13 19:09:33.171 [restartedMain] DEBUG o.s.b.factory.support.DefaultListableBeanFactory - Autowiring by type from bean name 'initializeAuthenticationProviderBeanManagerConfigurer' via factory method to bean named 'org.springframework.boot.web.servlet.context.AnnotationConfigServletWebServerApplicationContext@3621edd'
2026-04-13 19:09:33.171 [restartedMain] DEBUG o.s.b.factory.support.DefaultListableBeanFactory - Creating shared instance of singleton bean 'objectPostProcessor'
2026-04-13 19:09:33.171 [restartedMain] DEBUG o.s.b.factory.support.DefaultListableBeanFactory - Creating shared instance of singleton bean 'org.springframework.security.config.annotation.configuration.ObjectPostProcessorConfiguration'
2026-04-13 19:09:33.171 [restartedMain] DEBUG o.s.b.factory.support.DefaultListableBeanFactory - Autowiring by type from bean name 'objectPostProcessor' via factory method to bean named 'org.springframework.beans.factory.support.DefaultListableBeanFactory@26636e76'
2026-04-13 19:09:33.171 [restartedMain] DEBUG o.s.b.factory.support.DefaultListableBeanFactory - Autowiring by type from bean name 'authenticationManager' via factory method to bean named 'org.springframework.security.config.annotation.authentication.configuration.AuthenticationConfiguration'
2026-04-13 19:09:33.171 [restartedMain] DEBUG o.s.b.factory.support.DefaultListableBeanFactory - Creating shared instance of singleton bean 'authenticationManagerBuilder'
2026-04-13 19:09:33.171 [restartedMain] DEBUG o.s.b.factory.support.DefaultListableBeanFactory - Autowiring by type from bean name 'authenticationManagerBuilder' via factory method to bean named 'objectPostProcessor'
2026-04-13 19:09:33.171 [restartedMain] DEBUG o.s.b.factory.support.DefaultListableBeanFactory - Autowiring by type from bean name 'authenticationManagerBuilder' via factory method to bean named 'org.springframework.boot.web.servlet.context.AnnotationConfigServletWebServerApplicationContext@3621edd'
2026-04-13 19:09:33.185 [restartedMain] DEBUG o.s.b.factory.support.DefaultListableBeanFactory - Creating shared instance of singleton bean 'authenticationEventPublisher'
2026-04-13 19:09:33.185 [restartedMain] DEBUG o.s.b.factory.support.DefaultListableBeanFactory - Creating shared instance of singleton bean 'org.springframework.boot.autoconfigure.security.servlet.SecurityAutoConfiguration'
2026-04-13 19:09:33.185 [restartedMain] DEBUG o.s.b.factory.support.DefaultListableBeanFactory - Autowiring by type from bean name 'authenticationEventPublisher' via factory method to bean named 'org.springframework.boot.web.servlet.context.AnnotationConfigServletWebServerApplicationContext@3621edd'
2026-04-13 19:09:33.233 [restartedMain] DEBUG o.s.b.c.p.s.ConfigurationPropertySourcesPropertyResolver$DefaultResolver - Found key 'jwt.expirationTime' in PropertySource 'Config resource 'class path resource [application-common.yml]' via location 'optional:classpath:/'' with value of type Integer
2026-04-13 19:09:33.233 [restartedMain] DEBUG o.s.core.env.PropertySourcesPropertyResolver - Found key 'jwt.expirationTime' in PropertySource 'environmentProperties' with value of type String
2026-04-13 19:09:33.233 [restartedMain] DEBUG o.s.b.factory.support.DefaultListableBeanFactory - Creating shared instance of singleton bean 'bqParamDataController'
2026-04-13 19:09:33.233 [restartedMain] DEBUG o.s.b.factory.support.DefaultListableBeanFactory - Creating shared instance of singleton bean 'bqParamDataServiceImpl'
2026-04-13 19:09:33.233 [restartedMain] DEBUG o.s.b.factory.support.DefaultListableBeanFactory - Creating shared instance of singleton bean 'bqParamDataMapper'
2026-04-13 19:09:33.281 [restartedMain] DEBUG o.s.b.factory.support.DefaultListableBeanFactory - Autowiring by type from bean name 'bqParamDataController' via constructor to bean named 'bqParamDataServiceImpl'
2026-04-13 19:09:33.286 [restartedMain] DEBUG o.s.b.factory.support.DefaultListableBeanFactory - Creating shared instance of singleton bean 'bqParamGroupController'
2026-04-13 19:09:33.287 [restartedMain] DEBUG o.s.b.factory.support.DefaultListableBeanFactory - Creating shared instance of singleton bean 'bqParamGroupServiceImpl'
2026-04-13 19:09:33.288 [restartedMain] DEBUG o.s.b.factory.support.DefaultListableBeanFactory - Creating shared instance of singleton bean 'bqParamGroupMapper'
2026-04-13 19:09:33.313 [restartedMain] DEBUG o.s.b.factory.support.DefaultListableBeanFactory - Autowiring by type from bean name 'bqParamGroupController' via constructor to bean named 'bqParamGroupServiceImpl'
2026-04-13 19:09:33.325 [restartedMain] DEBUG o.s.b.factory.support.DefaultListableBeanFactory - Creating shared instance of singleton bean 'bqParamItemController'
2026-04-13 19:09:33.326 [restartedMain] DEBUG o.s.b.factory.support.DefaultListableBeanFactory - Creating shared instance of singleton bean 'bqParamItemServiceImpl'
2026-04-13 19:09:33.330 [restartedMain] DEBUG o.s.b.factory.support.DefaultListableBeanFactory - Autowiring by type from bean name 'bqParamItemServiceImpl' via constructor to bean named 'bqParamDataServiceImpl'
2026-04-13 19:09:33.332 [restartedMain] DEBUG o.s.b.factory.support.DefaultListableBeanFactory - Creating shared instance of singleton bean 'bqParamItemMapper'
2026-04-13 19:09:33.363 [restartedMain] DEBUG o.s.b.factory.support.DefaultListableBeanFactory - Autowiring by type from bean name 'bqParamItemController' via constructor to bean named 'bqParamItemServiceImpl'
2026-04-13 19:09:33.377 [restartedMain] DEBUG o.s.b.factory.support.DefaultListableBeanFactory - Creating shared instance of singleton bean 'bqPatientController'
2026-04-13 19:09:33.377 [restartedMain] DEBUG o.s.b.factory.support.DefaultListableBeanFactory - Creating shared instance of singleton bean 'bqPatientServiceImpl'
2026-04-13 19:09:33.377 [restartedMain] DEBUG o.s.b.factory.support.DefaultListableBeanFactory - Creating shared instance of singleton bean 'bqPatientMapper'
2026-04-13 19:09:33.419 [restartedMain] DEBUG o.s.b.factory.support.DefaultListableBeanFactory - Autowiring by type from bean name 'bqPatientController' via constructor to bean named 'bqPatientServiceImpl'
2026-04-13 19:09:33.425 [restartedMain] DEBUG o.s.b.factory.support.DefaultListableBeanFactory - Creating shared instance of singleton bean 'bqRegistrationController'
2026-04-13 19:09:33.426 [restartedMain] DEBUG o.s.b.factory.support.DefaultListableBeanFactory - Creating shared instance of singleton bean 'bqRegistrationServiceImpl'
2026-04-13 19:09:33.427 [restartedMain] DEBUG o.s.b.factory.support.DefaultListableBeanFactory - Creating shared instance of singleton bean 'bqRegistrationMapper'
2026-04-13 19:09:33.462 [restartedMain] DEBUG o.s.b.factory.support.DefaultListableBeanFactory - Creating shared instance of singleton bean 'sysRegionMapper'
2026-04-13 19:09:33.465 [restartedMain] DEBUG o.s.b.factory.support.DefaultListableBeanFactory - Autowiring by type from bean name 'bqRegistrationController' via constructor to bean named 'bqRegistrationServiceImpl'
2026-04-13 19:09:33.465 [restartedMain] DEBUG o.s.b.factory.support.DefaultListableBeanFactory - Autowiring by type from bean name 'bqRegistrationController' via constructor to bean named 'bqPatientServiceImpl'
2026-04-13 19:09:33.465 [restartedMain] DEBUG o.s.b.factory.support.DefaultListableBeanFactory - Autowiring by type from bean name 'bqRegistrationController' via constructor to bean named 'sysRegionMapper'
2026-04-13 19:09:33.470 [restartedMain] DEBUG o.s.b.factory.support.DefaultListableBeanFactory - Creating shared instance of singleton bean 'BQDownloadController'
2026-04-13 19:09:33.471 [restartedMain] DEBUG o.s.b.factory.support.DefaultListableBeanFactory - Creating shared instance of singleton bean 'tbCustomerServiceImpl'
2026-04-13 19:09:33.473 [restartedMain] DEBUG o.s.b.factory.support.DefaultListableBeanFactory - Creating shared instance of singleton bean 'tbCustomerMapper'
2026-04-13 19:09:33.498 [restartedMain] DEBUG o.s.b.factory.support.DefaultListableBeanFactory - Creating shared instance of singleton bean 'tbAttachmentServiceImpl'
2026-04-13 19:09:33.498 [restartedMain] DEBUG o.s.b.factory.support.DefaultListableBeanFactory - Creating shared instance of singleton bean 'tbKindTemplateServiceImpl'
2026-04-13 19:09:33.512 [restartedMain] DEBUG o.s.b.factory.support.DefaultListableBeanFactory - Creating shared instance of singleton bean 'tbKindTemplateMapper'
2026-04-13 19:09:33.546 [restartedMain] DEBUG o.s.b.factory.support.DefaultListableBeanFactory - Creating shared instance of singleton bean 'tbRecordServiceImpl'
2026-04-13 19:09:33.546 [restartedMain] DEBUG o.s.b.factory.support.DefaultListableBeanFactory - Creating shared instance of singleton bean 'tbRecordTrackServiceImpl'
2026-04-13 19:09:33.546 [restartedMain] DEBUG o.s.b.factory.support.DefaultListableBeanFactory - Creating shared instance of singleton bean 'tbRecordTrackMapper'
2026-04-13 19:09:33.587 [restartedMain] DEBUG o.s.b.factory.support.DefaultListableBeanFactory - Creating shared instance of singleton bean 'tbBbsServiceImpl'
2026-04-13 19:09:33.588 [restartedMain] DEBUG o.s.b.factory.support.DefaultListableBeanFactory - Creating shared instance of singleton bean 'tbBbsMapper'
2026-04-13 19:09:33.620 [restartedMain] DEBUG o.s.b.factory.support.DefaultListableBeanFactory - Autowiring by type from bean name 'tbRecordServiceImpl' via constructor to bean named 'tbRecordTrackServiceImpl'
2026-04-13 19:09:33.620 [restartedMain] DEBUG o.s.b.factory.support.DefaultListableBeanFactory - Autowiring by type from bean name 'tbRecordServiceImpl' via constructor to bean named 'bqParamItemServiceImpl'
2026-04-13 19:09:33.620 [restartedMain] DEBUG o.s.b.factory.support.DefaultListableBeanFactory - Autowiring by type from bean name 'tbRecordServiceImpl' via constructor to bean named 'tbBbsServiceImpl'
2026-04-13 19:09:33.621 [restartedMain] DEBUG o.s.b.factory.support.DefaultListableBeanFactory - Creating shared instance of singleton bean 'tbRecordMapper'
2026-04-13 19:09:33.685 [restartedMain] DEBUG o.s.b.factory.support.DefaultListableBeanFactory - Autowiring by type from bean name 'tbAttachmentServiceImpl' via constructor to bean named 'tbKindTemplateServiceImpl'
2026-04-13 19:09:33.685 [restartedMain] DEBUG o.s.b.factory.support.DefaultListableBeanFactory - Autowiring by type from bean name 'tbAttachmentServiceImpl' via constructor to bean named 'tbRecordServiceImpl'
2026-04-13 19:09:33.685 [restartedMain] DEBUG o.s.b.factory.support.DefaultListableBeanFactory - Creating shared instance of singleton bean 'tbAttachmentMapper'
2026-04-13 19:09:33.734 [restartedMain] DEBUG o.s.b.factory.support.DefaultListableBeanFactory - Autowiring by type from bean name 'BQDownloadController' via constructor to bean named 'tbCustomerServiceImpl'
2026-04-13 19:09:33.734 [restartedMain] DEBUG o.s.b.factory.support.DefaultListableBeanFactory - Autowiring by type from bean name 'BQDownloadController' via constructor to bean named 'tbMenuServiceImpl'
2026-04-13 19:09:33.734 [restartedMain] DEBUG o.s.b.factory.support.DefaultListableBeanFactory - Autowiring by type from bean name 'BQDownloadController' via constructor to bean named 'tbAttachmentServiceImpl'
2026-04-13 19:09:33.735 [restartedMain] DEBUG o.s.b.factory.support.DefaultListableBeanFactory - Creating shared instance of singleton bean 'BQErrorController'
2026-04-13 19:09:33.735 [restartedMain] DEBUG o.s.b.factory.support.DefaultListableBeanFactory - Creating shared instance of singleton bean 'tbAnnotationController'
2026-04-13 19:09:33.736 [restartedMain] DEBUG o.s.b.factory.support.DefaultListableBeanFactory - Creating shared instance of singleton bean 'tbAnnotationServiceImpl'
2026-04-13 19:09:33.737 [restartedMain] DEBUG o.s.b.factory.support.DefaultListableBeanFactory - Creating shared instance of singleton bean 'tbAnnotationMapper'
2026-04-13 19:09:33.771 [restartedMain] DEBUG o.s.b.factory.support.DefaultListableBeanFactory - Autowiring by type from bean name 'tbAnnotationController' via constructor to bean named 'tbAnnotationServiceImpl'
2026-04-13 19:09:33.777 [restartedMain] DEBUG o.s.b.factory.support.DefaultListableBeanFactory - Creating shared instance of singleton bean 'tbAttachmentController'
2026-04-13 19:09:33.778 [restartedMain] DEBUG o.s.b.factory.support.DefaultListableBeanFactory - Creating shared instance of singleton bean 'tbCollectorServiceImpl'
2026-04-13 19:09:33.779 [restartedMain] DEBUG o.s.b.factory.support.DefaultListableBeanFactory - Creating shared instance of singleton bean 'tbCollectorMapper'
2026-04-13 19:09:33.793 [restartedMain] DEBUG o.s.b.factory.support.DefaultListableBeanFactory - Autowiring by type from bean name 'tbAttachmentController' via constructor to bean named 'tbAttachmentServiceImpl'
2026-04-13 19:09:33.793 [restartedMain] DEBUG o.s.b.factory.support.DefaultListableBeanFactory - Autowiring by type from bean name 'tbAttachmentController' via constructor to bean named 'tbCollectorServiceImpl'
2026-04-13 19:09:33.813 [restartedMain] DEBUG o.s.b.factory.support.DefaultListableBeanFactory - Creating shared instance of singleton bean 'tbBbsController'
2026-04-13 19:09:33.813 [restartedMain] DEBUG o.s.b.factory.support.DefaultListableBeanFactory - Autowiring by type from bean name 'tbBbsController' via constructor to bean named 'tbBbsServiceImpl'
2026-04-13 19:09:33.813 [restartedMain] DEBUG o.s.b.factory.support.DefaultListableBeanFactory - Creating shared instance of singleton bean 'tbCategoryMappingController'
2026-04-13 19:09:33.813 [restartedMain] DEBUG o.s.b.factory.support.DefaultListableBeanFactory - Creating shared instance of singleton bean 'tbCategoryMappingServiceImpl'
2026-04-13 19:09:33.813 [restartedMain] DEBUG o.s.b.factory.support.DefaultListableBeanFactory - Creating shared instance of singleton bean 'tbCategoryMappingMapper'
2026-04-13 19:09:33.856 [restartedMain] DEBUG o.s.b.factory.support.DefaultListableBeanFactory - Autowiring by type from bean name 'tbCategoryMappingController' via constructor to bean named 'tbCategoryMappingServiceImpl'
2026-04-13 19:09:33.858 [restartedMain] DEBUG o.s.b.factory.support.DefaultListableBeanFactory - Creating shared instance of singleton bean 'tbCheckItemController'
2026-04-13 19:09:33.858 [restartedMain] DEBUG o.s.b.factory.support.DefaultListableBeanFactory - Creating shared instance of singleton bean 'tbCheckItemServiceImpl'
2026-04-13 19:09:33.858 [restartedMain] DEBUG o.s.b.factory.support.DefaultListableBeanFactory - Creating shared instance of singleton bean 'tbCheckItemMapper'
2026-04-13 19:09:33.896 [restartedMain] DEBUG o.s.b.factory.support.DefaultListableBeanFactory - Autowiring by type from bean name 'tbCheckItemController' via constructor to bean named 'tbCheckItemServiceImpl'
2026-04-13 19:09:33.901 [restartedMain] DEBUG o.s.b.factory.support.DefaultListableBeanFactory - Creating shared instance of singleton bean 'tbCollectorController'
2026-04-13 19:09:33.901 [restartedMain] DEBUG o.s.b.factory.support.DefaultListableBeanFactory - Autowiring by type from bean name 'tbCollectorController' via constructor to bean named 'tbCollectorServiceImpl'
2026-04-13 19:09:33.907 [restartedMain] DEBUG o.s.b.factory.support.DefaultListableBeanFactory - Creating shared instance of singleton bean 'tbCustomerController'
2026-04-13 19:09:33.907 [restartedMain] DEBUG o.s.b.factory.support.DefaultListableBeanFactory - Autowiring by type from bean name 'tbCustomerController' via constructor to bean named 'tbCustomerServiceImpl'
2026-04-13 19:09:33.912 [restartedMain] DEBUG o.s.b.factory.support.DefaultListableBeanFactory - Creating shared instance of singleton bean 'tbDeptController'
2026-04-13 19:09:33.913 [restartedMain] DEBUG o.s.b.factory.support.DefaultListableBeanFactory - Creating shared instance of singleton bean 'tbDeptServiceImpl'
2026-04-13 19:09:33.914 [restartedMain] DEBUG o.s.b.factory.support.DefaultListableBeanFactory - Creating shared instance of singleton bean 'tbDeptMapper'
2026-04-13 19:09:33.954 [restartedMain] DEBUG o.s.b.factory.support.DefaultListableBeanFactory - Autowiring by type from bean name 'tbDeptController' via constructor to bean named 'tbDeptServiceImpl'
2026-04-13 19:09:33.960 [restartedMain] DEBUG o.s.b.factory.support.DefaultListableBeanFactory - Creating shared instance of singleton bean 'tbDiagnosisDictController'
2026-04-13 19:09:33.961 [restartedMain] DEBUG o.s.b.factory.support.DefaultListableBeanFactory - Creating shared instance of singleton bean 'tbDiagnosisDictServiceImpl'
2026-04-13 19:09:33.976 [restartedMain] DEBUG o.s.b.factory.support.DefaultListableBeanFactory - Creating shared instance of singleton bean 'sysTcmDiseaseMapper'
2026-04-13 19:09:33.980 [restartedMain] DEBUG o.s.b.factory.support.DefaultListableBeanFactory - Creating shared instance of singleton bean 'sysTcmDeptMapper'
2026-04-13 19:09:33.983 [restartedMain] DEBUG o.s.b.factory.support.DefaultListableBeanFactory - Creating shared instance of singleton bean 'sysTcmSyndromeMapper'
2026-04-13 19:09:33.983 [restartedMain] DEBUG o.s.b.factory.support.DefaultListableBeanFactory - Creating shared instance of singleton bean 'sysTcmPrescriptionMapper'
2026-04-13 19:09:33.992 [restartedMain] DEBUG o.s.b.factory.support.DefaultListableBeanFactory - Creating shared instance of singleton bean 'sysTcmExpertPrescriptionMapper'
2026-04-13 19:09:33.992 [restartedMain] DEBUG o.s.b.factory.support.DefaultListableBeanFactory - Autowiring by type from bean name 'tbDiagnosisDictServiceImpl' via constructor to bean named 'sysTcmDiseaseMapper'
2026-04-13 19:09:33.992 [restartedMain] DEBUG o.s.b.factory.support.DefaultListableBeanFactory - Autowiring by type from bean name 'tbDiagnosisDictServiceImpl' via constructor to bean named 'sysTcmDeptMapper'
2026-04-13 19:09:33.992 [restartedMain] DEBUG o.s.b.factory.support.DefaultListableBeanFactory - Autowiring by type from bean name 'tbDiagnosisDictServiceImpl' via constructor to bean named 'sysTcmSyndromeMapper'
2026-04-13 19:09:33.992 [restartedMain] DEBUG o.s.b.factory.support.DefaultListableBeanFactory - Autowiring by type from bean name 'tbDiagnosisDictServiceImpl' via constructor to bean named 'sysTcmPrescriptionMapper'
2026-04-13 19:09:33.992 [restartedMain] DEBUG o.s.b.factory.support.DefaultListableBeanFactory - Autowiring by type from bean name 'tbDiagnosisDictServiceImpl' via constructor to bean named 'sysTcmExpertPrescriptionMapper'
2026-04-13 19:09:33.997 [restartedMain] DEBUG o.s.b.factory.support.DefaultListableBeanFactory - Creating shared instance of singleton bean 'tbDiagnosisDictMapper'
2026-04-13 19:09:34.031 [restartedMain] DEBUG o.s.b.factory.support.DefaultListableBeanFactory - Autowiring by type from bean name 'tbDiagnosisDictController' via constructor to bean named 'tbDiagnosisDictServiceImpl'
2026-04-13 19:09:34.036 [restartedMain] DEBUG o.s.b.factory.support.DefaultListableBeanFactory - Creating shared instance of singleton bean 'tbDrugController'
2026-04-13 19:09:34.037 [restartedMain] DEBUG o.s.b.factory.support.DefaultListableBeanFactory - Creating shared instance of singleton bean 'tbDrugServiceImpl'
2026-04-13 19:09:34.038 [restartedMain] DEBUG o.s.b.factory.support.DefaultListableBeanFactory - Creating shared instance of singleton bean 'tbDrugMapper'
2026-04-13 19:09:34.059 [restartedMain] DEBUG o.s.b.factory.support.DefaultListableBeanFactory - Autowiring by type from bean name 'tbDrugController' via constructor to bean named 'tbDrugServiceImpl'
2026-04-13 19:09:34.059 [restartedMain] DEBUG o.s.b.factory.support.DefaultListableBeanFactory - Creating shared instance of singleton bean 'tbEnumHeaderController'
2026-04-13 19:09:34.059 [restartedMain] DEBUG o.s.b.factory.support.DefaultListableBeanFactory - Creating shared instance of singleton bean 'tbEnumHeaderServiceImpl'
2026-04-13 19:09:34.059 [restartedMain] DEBUG o.s.b.factory.support.DefaultListableBeanFactory - Creating shared instance of singleton bean 'tbEnumHeaderMapper'
2026-04-13 19:09:34.103 [restartedMain] DEBUG o.s.b.factory.support.DefaultListableBeanFactory - Autowiring by type from bean name 'tbEnumHeaderController' via constructor to bean named 'tbEnumHeaderServiceImpl'
2026-04-13 19:09:34.109 [restartedMain] DEBUG o.s.b.factory.support.DefaultListableBeanFactory - Creating shared instance of singleton bean 'tbFeeController'
2026-04-13 19:09:34.109 [restartedMain] DEBUG o.s.b.factory.support.DefaultListableBeanFactory - Creating shared instance of singleton bean 'tbFeeServiceImpl'
2026-04-13 19:09:34.109 [restartedMain] DEBUG o.s.b.factory.support.DefaultListableBeanFactory - Creating shared instance of singleton bean 'tbFeeMapper'
2026-04-13 19:09:34.141 [restartedMain] DEBUG o.s.b.factory.support.DefaultListableBeanFactory - Autowiring by type from bean name 'tbFeeController' via constructor to bean named 'tbFeeServiceImpl'
2026-04-13 19:09:34.146 [restartedMain] DEBUG o.s.b.factory.support.DefaultListableBeanFactory - Creating shared instance of singleton bean 'tbFeeItemController'
2026-04-13 19:09:34.148 [restartedMain] DEBUG o.s.b.factory.support.DefaultListableBeanFactory - Creating shared instance of singleton bean 'tbFeeItemServiceImpl'
2026-04-13 19:09:34.149 [restartedMain] DEBUG o.s.b.factory.support.DefaultListableBeanFactory - Creating shared instance of singleton bean 'tbFeeItemMapper'
2026-04-13 19:09:34.186 [restartedMain] DEBUG o.s.b.factory.support.DefaultListableBeanFactory - Autowiring by type from bean name 'tbFeeItemController' via constructor to bean named 'tbFeeItemServiceImpl'
2026-04-13 19:09:34.186 [restartedMain] DEBUG o.s.b.factory.support.DefaultListableBeanFactory - Creating shared instance of singleton bean 'tbFieldAliasController'
2026-04-13 19:09:34.186 [restartedMain] DEBUG o.s.b.factory.support.DefaultListableBeanFactory - Creating shared instance of singleton bean 'tbFieldAliasServiceImpl'
2026-04-13 19:09:34.186 [restartedMain] DEBUG o.s.b.factory.support.DefaultListableBeanFactory - Creating shared instance of singleton bean 'tbFieldAliasMapper'
2026-04-13 19:09:34.226 [restartedMain] DEBUG o.s.b.factory.support.DefaultListableBeanFactory - Autowiring by type from bean name 'tbFieldAliasController' via constructor to bean named 'tbFieldAliasServiceImpl'
2026-04-13 19:09:34.230 [restartedMain] DEBUG o.s.b.factory.support.DefaultListableBeanFactory - Creating shared instance of singleton bean 'tbFlowController'
2026-04-13 19:09:34.231 [restartedMain] DEBUG o.s.b.factory.support.DefaultListableBeanFactory - Creating shared instance of singleton bean 'tbFlowServiceImpl'
2026-04-13 19:09:34.233 [restartedMain] DEBUG o.s.b.factory.support.DefaultListableBeanFactory - Creating shared instance of singleton bean 'tbFlowMapper'
2026-04-13 19:09:34.268 [restartedMain] DEBUG o.s.b.factory.support.DefaultListableBeanFactory - Autowiring by type from bean name 'tbFlowController' via constructor to bean named 'tbFlowServiceImpl'
2026-04-13 19:09:34.274 [restartedMain] DEBUG o.s.b.factory.support.DefaultListableBeanFactory - Creating shared instance of singleton bean 'tbGroupController'
2026-04-13 19:09:34.275 [restartedMain] DEBUG o.s.b.factory.support.DefaultListableBeanFactory - Creating shared instance of singleton bean 'tbGroupServiceImpl'
2026-04-13 19:09:34.277 [restartedMain] DEBUG o.s.b.factory.support.DefaultListableBeanFactory - Creating shared instance of singleton bean 'tbGroupMapper'
2026-04-13 19:09:34.316 [restartedMain] DEBUG o.s.b.factory.support.DefaultListableBeanFactory - Autowiring by type from bean name 'tbGroupController' via constructor to bean named 'tbGroupServiceImpl'
2026-04-13 19:09:34.327 [restartedMain] DEBUG o.s.b.factory.support.DefaultListableBeanFactory - Creating shared instance of singleton bean 'tbHolidayController'
2026-04-13 19:09:34.328 [restartedMain] DEBUG o.s.b.factory.support.DefaultListableBeanFactory - Creating shared instance of singleton bean 'tbHolidayServiceImpl'
2026-04-13 19:09:34.329 [restartedMain] DEBUG o.s.b.factory.support.DefaultListableBeanFactory - Creating shared instance of singleton bean 'tbHolidayMapper'
2026-04-13 19:09:34.357 [restartedMain] DEBUG o.s.b.factory.support.DefaultListableBeanFactory - Autowiring by type from bean name 'tbHolidayController' via constructor to bean named 'tbHolidayServiceImpl'
2026-04-13 19:09:34.357 [restartedMain] DEBUG o.s.b.factory.support.DefaultListableBeanFactory - Creating shared instance of singleton bean 'tbKindController'
2026-04-13 19:09:34.357 [restartedMain] DEBUG o.s.b.factory.support.DefaultListableBeanFactory - Creating shared instance of singleton bean 'tbKindServiceImpl'
2026-04-13 19:09:34.373 [restartedMain] DEBUG o.s.b.factory.support.DefaultListableBeanFactory - Autowiring by type from bean name 'tbKindServiceImpl' via constructor to bean named 'bqParamItemServiceImpl'
2026-04-13 19:09:34.374 [restartedMain] DEBUG o.s.b.factory.support.DefaultListableBeanFactory - Creating shared instance of singleton bean 'tbKindMapper'
2026-04-13 19:09:34.408 [restartedMain] DEBUG o.s.b.factory.support.DefaultListableBeanFactory - Autowiring by type from bean name 'tbKindController' via constructor to bean named 'tbKindServiceImpl'
2026-04-13 19:09:34.413 [restartedMain] DEBUG o.s.b.factory.support.DefaultListableBeanFactory - Creating shared instance of singleton bean 'tbKindTemplateController'
2026-04-13 19:09:34.414 [restartedMain] DEBUG o.s.b.factory.support.DefaultListableBeanFactory - Autowiring by type from bean name 'tbKindTemplateController' via constructor to bean named 'tbKindTemplateServiceImpl'
2026-04-13 19:09:34.420 [restartedMain] DEBUG o.s.b.factory.support.DefaultListableBeanFactory - Creating shared instance of singleton bean 'tbMedicalRecordController'
2026-04-13 19:09:34.423 [restartedMain] DEBUG o.s.b.factory.support.DefaultListableBeanFactory - Creating shared instance of singleton bean 'tbMedicalRecordServiceImpl'
2026-04-13 19:09:34.424 [restartedMain] DEBUG o.s.b.factory.support.DefaultListableBeanFactory - Creating shared instance of singleton bean 'tbMedicalRecordMapper'
2026-04-13 19:09:34.458 [restartedMain] DEBUG o.s.b.factory.support.DefaultListableBeanFactory - Autowiring by type from bean name 'tbMedicalRecordController' via constructor to bean named 'tbMedicalRecordServiceImpl'
2026-04-13 19:09:34.463 [restartedMain] DEBUG o.s.b.factory.support.DefaultListableBeanFactory - Creating shared instance of singleton bean 'tbMenuController'
2026-04-13 19:09:34.464 [restartedMain] DEBUG o.s.b.factory.support.DefaultListableBeanFactory - Autowiring by type from bean name 'tbMenuController' via constructor to bean named 'tbMenuServiceImpl'
2026-04-13 19:09:34.468 [restartedMain] DEBUG o.s.b.factory.support.DefaultListableBeanFactory - Creating shared instance of singleton bean 'tbPatientController'
2026-04-13 19:09:34.469 [restartedMain] DEBUG o.s.b.factory.support.DefaultListableBeanFactory - Creating shared instance of singleton bean 'tbPatientServiceImpl'
2026-04-13 19:09:34.470 [restartedMain] DEBUG o.s.b.factory.support.DefaultListableBeanFactory - Creating shared instance of singleton bean 'tbPatientMapper'
2026-04-13 19:09:34.497 [restartedMain] DEBUG o.s.b.factory.support.DefaultListableBeanFactory - Autowiring by type from bean name 'tbPatientController' via constructor to bean named 'tbPatientServiceImpl'
2026-04-13 19:09:34.499 [restartedMain] DEBUG o.s.b.factory.support.DefaultListableBeanFactory - Creating shared instance of singleton bean 'tbPrescriptionController'
2026-04-13 19:09:34.499 [restartedMain] DEBUG o.s.b.factory.support.DefaultListableBeanFactory - Creating shared instance of singleton bean 'tbPrescriptionServiceImpl'
2026-04-13 19:09:34.499 [restartedMain] DEBUG o.s.b.factory.support.DefaultListableBeanFactory - Creating shared instance of singleton bean 'tbPrescriptionMapper'
2026-04-13 19:09:34.536 [restartedMain] DEBUG o.s.b.factory.support.DefaultListableBeanFactory - Autowiring by type from bean name 'tbPrescriptionController' via constructor to bean named 'tbPrescriptionServiceImpl'
2026-04-13 19:09:34.541 [restartedMain] DEBUG o.s.b.factory.support.DefaultListableBeanFactory - Creating shared instance of singleton bean 'tbPrescriptionItemController'
2026-04-13 19:09:34.542 [restartedMain] DEBUG o.s.b.factory.support.DefaultListableBeanFactory - Creating shared instance of singleton bean 'tbPrescriptionItemServiceImpl'
2026-04-13 19:09:34.542 [restartedMain] DEBUG o.s.b.factory.support.DefaultListableBeanFactory - Creating shared instance of singleton bean 'tbPrescriptionItemMapper'
2026-04-13 19:09:34.559 [restartedMain] DEBUG o.s.b.factory.support.DefaultListableBeanFactory - Autowiring by type from bean name 'tbPrescriptionItemController' via constructor to bean named 'tbPrescriptionItemServiceImpl'
2026-04-13 19:09:34.559 [restartedMain] DEBUG o.s.b.factory.support.DefaultListableBeanFactory - Creating shared instance of singleton bean 'tbRecordController'
2026-04-13 19:09:34.575 [restartedMain] DEBUG o.s.b.factory.support.DefaultListableBeanFactory - Creating shared instance of singleton bean 'viewQcrServiceImpl'
2026-04-13 19:09:34.577 [restartedMain] DEBUG o.s.b.factory.support.DefaultListableBeanFactory - Creating shared instance of singleton bean 'viewQcrMapper'
2026-04-13 19:09:34.602 [restartedMain] DEBUG o.s.b.factory.support.DefaultListableBeanFactory - Autowiring by type from bean name 'tbRecordController' via constructor to bean named 'tbRecordServiceImpl'
2026-04-13 19:09:34.602 [restartedMain] DEBUG o.s.b.factory.support.DefaultListableBeanFactory - Autowiring by type from bean name 'tbRecordController' via constructor to bean named 'viewQcrServiceImpl'
2026-04-13 19:09:34.608 [restartedMain] DEBUG o.s.b.factory.support.DefaultListableBeanFactory - Creating shared instance of singleton bean 'tbRecordQualityControlController'
2026-04-13 19:09:34.608 [restartedMain] DEBUG o.s.b.factory.support.DefaultListableBeanFactory - Creating shared instance of singleton bean 'tbRecordQualityControlServiceImpl'
2026-04-13 19:09:34.614 [restartedMain] DEBUG o.s.b.factory.support.DefaultListableBeanFactory - Creating shared instance of singleton bean 'tbRecordQualityControlMapper'
2026-04-13 19:09:34.645 [restartedMain] DEBUG o.s.b.factory.support.DefaultListableBeanFactory - Autowiring by type from bean name 'tbRecordQualityControlController' via constructor to bean named 'tbRecordQualityControlServiceImpl'
2026-04-13 19:09:34.649 [restartedMain] DEBUG o.s.b.factory.support.DefaultListableBeanFactory - Creating shared instance of singleton bean 'tbRecordTrackController'
2026-04-13 19:09:34.650 [restartedMain] DEBUG o.s.b.factory.support.DefaultListableBeanFactory - Autowiring by type from bean name 'tbRecordTrackController' via constructor to bean named 'tbRecordTrackServiceImpl'
2026-04-13 19:09:34.653 [restartedMain] DEBUG o.s.b.factory.support.DefaultListableBeanFactory - Creating shared instance of singleton bean 'tbRegistrationController'
2026-04-13 19:09:34.655 [restartedMain] DEBUG o.s.b.factory.support.DefaultListableBeanFactory - Creating shared instance of singleton bean 'tbRegistrationServiceImpl'
2026-04-13 19:09:34.656 [restartedMain] DEBUG o.s.b.factory.support.DefaultListableBeanFactory - Creating shared instance of singleton bean 'tbRegistrationMapper'
2026-04-13 19:09:34.683 [restartedMain] DEBUG o.s.b.factory.support.DefaultListableBeanFactory - Autowiring by type from bean name 'tbRegistrationController' via constructor to bean named 'tbRegistrationServiceImpl'
2026-04-13 19:09:34.688 [restartedMain] DEBUG o.s.b.factory.support.DefaultListableBeanFactory - Creating shared instance of singleton bean 'tbRoleController'
2026-04-13 19:09:34.689 [restartedMain] DEBUG o.s.b.factory.support.DefaultListableBeanFactory - Creating shared instance of singleton bean 'tbRoleServiceImpl'
2026-04-13 19:09:34.691 [restartedMain] DEBUG o.s.b.factory.support.DefaultListableBeanFactory - Creating shared instance of singleton bean 'tbRoleMapper'
2026-04-13 19:09:34.720 [restartedMain] DEBUG o.s.b.factory.support.DefaultListableBeanFactory - Autowiring by type from bean name 'tbRoleController' via constructor to bean named 'tbRoleServiceImpl'
2026-04-13 19:09:34.724 [restartedMain] DEBUG o.s.b.factory.support.DefaultListableBeanFactory - Creating shared instance of singleton bean 'tbSpecialDictController'
2026-04-13 19:09:34.725 [restartedMain] DEBUG o.s.b.factory.support.DefaultListableBeanFactory - Creating shared instance of singleton bean 'tbSpecialDictServiceImpl'
2026-04-13 19:09:34.726 [restartedMain] DEBUG o.s.b.factory.support.DefaultListableBeanFactory - Creating shared instance of singleton bean 'tbSpecialDictMapper'
2026-04-13 19:09:34.750 [restartedMain] DEBUG o.s.b.factory.support.DefaultListableBeanFactory - Autowiring by type from bean name 'tbSpecialDictController' via constructor to bean named 'tbSpecialDictServiceImpl'
2026-04-13 19:09:34.750 [restartedMain] DEBUG o.s.b.factory.support.DefaultListableBeanFactory - Creating shared instance of singleton bean 'tbTenantController'
2026-04-13 19:09:34.750 [restartedMain] DEBUG o.s.b.factory.support.DefaultListableBeanFactory - Autowiring by type from bean name 'tbTenantController' via constructor to bean named 'tbTenantServiceImpl'
2026-04-13 19:09:34.750 [restartedMain] DEBUG o.s.b.factory.support.DefaultListableBeanFactory - Autowiring by type from bean name 'tbTenantController' via constructor to bean named 'bqParamItemServiceImpl'
2026-04-13 19:09:34.750 [restartedMain] DEBUG o.s.b.factory.support.DefaultListableBeanFactory - Creating shared instance of singleton bean 'tbTreatItemController'
2026-04-13 19:09:34.750 [restartedMain] DEBUG o.s.b.factory.support.DefaultListableBeanFactory - Creating shared instance of singleton bean 'tbTreatItemServiceImpl'
2026-04-13 19:09:34.750 [restartedMain] DEBUG o.s.b.factory.support.DefaultListableBeanFactory - Creating shared instance of singleton bean 'tbTreatItemMapper'
2026-04-13 19:09:34.786 [restartedMain] DEBUG o.s.b.factory.support.DefaultListableBeanFactory - Autowiring by type from bean name 'tbTreatItemController' via constructor to bean named 'tbTreatItemServiceImpl'
2026-04-13 19:09:34.791 [restartedMain] DEBUG o.s.b.factory.support.DefaultListableBeanFactory - Creating shared instance of singleton bean 'tbUserController'
2026-04-13 19:09:34.791 [restartedMain] DEBUG o.s.b.factory.support.DefaultListableBeanFactory - Autowiring by type from bean name 'tbUserController' via constructor to bean named 'tbUserServiceImpl'
2026-04-13 19:09:34.791 [restartedMain] DEBUG o.s.b.factory.support.DefaultListableBeanFactory - Autowiring by type from bean name 'tbUserController' via constructor to bean named 'tbDeptServiceImpl'
2026-04-13 19:09:34.794 [restartedMain] DEBUG o.s.b.factory.support.DefaultListableBeanFactory - Creating shared instance of singleton bean 'tbWatermarkController'
2026-04-13 19:09:34.794 [restartedMain] DEBUG o.s.b.factory.support.DefaultListableBeanFactory - Creating shared instance of singleton bean 'tbWatermarkServiceImpl'
2026-04-13 19:09:34.794 [restartedMain] DEBUG o.s.b.factory.support.DefaultListableBeanFactory - Creating shared instance of singleton bean 'tbWatermarkMapper'
2026-04-13 19:09:34.826 [restartedMain] DEBUG o.s.b.factory.support.DefaultListableBeanFactory - Autowiring by type from bean name 'tbWatermarkController' via constructor to bean named 'tbWatermarkServiceImpl'
2026-04-13 19:09:34.830 [restartedMain] DEBUG o.s.b.factory.support.DefaultListableBeanFactory - Creating shared instance of singleton bean 'bqFullTextServiceImpl'
2026-04-13 19:09:34.838 [restartedMain] DEBUG o.s.b.factory.support.DefaultListableBeanFactory - Creating shared instance of singleton bean 'elasticsearchClient'
2026-04-13 19:09:34.838 [restartedMain] DEBUG o.s.b.factory.support.DefaultListableBeanFactory - Creating shared instance of singleton bean 'org.springframework.boot.autoconfigure.elasticsearch.ElasticsearchClientConfigurations$ElasticsearchClientConfiguration'
2026-04-13 19:09:34.839 [restartedMain] DEBUG o.s.b.factory.support.DefaultListableBeanFactory - Creating shared instance of singleton bean 'restClientTransport'
2026-04-13 19:09:34.839 [restartedMain] DEBUG o.s.b.factory.support.DefaultListableBeanFactory - Creating shared instance of singleton bean 'org.springframework.boot.autoconfigure.elasticsearch.ElasticsearchClientConfigurations$ElasticsearchTransportConfiguration'
2026-04-13 19:09:34.843 [restartedMain] DEBUG o.s.b.factory.support.DefaultListableBeanFactory - Creating shared instance of singleton bean 'elasticsearchRestClient'
2026-04-13 19:09:34.843 [restartedMain] DEBUG o.s.b.factory.support.DefaultListableBeanFactory - Creating shared instance of singleton bean 'org.springframework.boot.autoconfigure.elasticsearch.ElasticsearchRestClientConfigurations$RestClientConfiguration'
2026-04-13 19:09:34.844 [restartedMain] DEBUG o.s.b.factory.support.DefaultListableBeanFactory - Creating shared instance of singleton bean 'elasticsearchRestClientBuilder'
2026-04-13 19:09:34.844 [restartedMain] DEBUG o.s.b.factory.support.DefaultListableBeanFactory - Creating shared instance of singleton bean 'org.springframework.boot.autoconfigure.elasticsearch.ElasticsearchRestClientConfigurations$RestClientBuilderConfiguration'
2026-04-13 19:09:34.845 [restartedMain] DEBUG o.s.b.factory.support.DefaultListableBeanFactory - Creating shared instance of singleton bean 'spring.elasticsearch-org.springframework.boot.autoconfigure.elasticsearch.ElasticsearchProperties'
2026-04-13 19:09:34.849 [restartedMain] DEBUG o.s.b.factory.support.DefaultListableBeanFactory - Autowiring by type from bean name 'org.springframework.boot.autoconfigure.elasticsearch.ElasticsearchRestClientConfigurations$RestClientBuilderConfiguration' via constructor to bean named 'spring.elasticsearch-org.springframework.boot.autoconfigure.elasticsearch.ElasticsearchProperties'
2026-04-13 19:09:34.853 [restartedMain] DEBUG o.s.b.factory.support.DefaultListableBeanFactory - Creating shared instance of singleton bean 'elasticsearchConnectionDetails'
2026-04-13 19:09:34.855 [restartedMain] DEBUG o.s.b.factory.support.DefaultListableBeanFactory - Autowiring by type from bean name 'elasticsearchRestClientBuilder' via factory method to bean named 'elasticsearchConnectionDetails'
2026-04-13 19:09:34.883 [restartedMain] DEBUG o.s.b.factory.support.DefaultListableBeanFactory - Creating shared instance of singleton bean 'defaultRestClientBuilderCustomizer'
2026-04-13 19:09:34.883 [restartedMain] DEBUG o.s.b.factory.support.DefaultListableBeanFactory - Autowiring by type from bean name 'defaultRestClientBuilderCustomizer' via factory method to bean named 'elasticsearchConnectionDetails'
2026-04-13 19:09:34.893 [restartedMain] DEBUG o.s.b.factory.support.DefaultListableBeanFactory - Autowiring by type from bean name 'elasticsearchRestClient' via factory method to bean named 'elasticsearchRestClientBuilder'
2026-04-13 19:09:35.178 [restartedMain] DEBUG o.s.b.factory.support.DefaultListableBeanFactory - Creating shared instance of singleton bean 'jacksonJsonpMapper'
2026-04-13 19:09:35.178 [restartedMain] DEBUG o.s.b.factory.support.DefaultListableBeanFactory - Creating shared instance of singleton bean 'org.springframework.boot.autoconfigure.elasticsearch.ElasticsearchClientConfigurations$JacksonJsonpMapperConfiguration'
2026-04-13 19:09:35.202 [restartedMain] DEBUG o.s.b.factory.support.DefaultListableBeanFactory - Autowiring by type from bean name 'restClientTransport' via factory method to bean named 'elasticsearchRestClient'
2026-04-13 19:09:35.202 [restartedMain] DEBUG o.s.b.factory.support.DefaultListableBeanFactory - Autowiring by type from bean name 'restClientTransport' via factory method to bean named 'jacksonJsonpMapper'
2026-04-13 19:09:35.267 [restartedMain] DEBUG o.s.b.factory.support.DefaultListableBeanFactory - Autowiring by type from bean name 'elasticsearchClient' via factory method to bean named 'restClientTransport'
2026-04-13 19:09:35.436 [restartedMain] DEBUG o.s.b.factory.support.DefaultListableBeanFactory - Autowiring by type from bean name 'bqFullTextServiceImpl' via constructor to bean named 'elasticsearchClient'
2026-04-13 19:09:35.436 [restartedMain] DEBUG o.s.b.factory.support.DefaultListableBeanFactory - Creating shared instance of singleton bean 'viewDiseaseFullServiceImpl'
2026-04-13 19:09:35.436 [restartedMain] DEBUG o.s.b.factory.support.DefaultListableBeanFactory - Creating shared instance of singleton bean 'viewDiseaseFullMapper'
2026-04-13 19:09:35.461 [restartedMain] DEBUG o.s.b.factory.support.DefaultListableBeanFactory - Creating shared instance of singleton bean 'viewPrescriptionFullServiceImpl'
2026-04-13 19:09:35.461 [restartedMain] DEBUG o.s.b.factory.support.DefaultListableBeanFactory - Creating shared instance of singleton bean 'viewPrescriptionFullMapper'
2026-04-13 19:09:35.504 [restartedMain] DEBUG o.s.b.factory.support.DefaultListableBeanFactory - Creating shared instance of singleton bean 'objectMapper'
2026-04-13 19:09:35.531 [restartedMain] DEBUG o.s.b.factory.support.DefaultListableBeanFactory - Creating shared instance of singleton bean 'restTemplate'
2026-04-13 19:09:35.531 [restartedMain] DEBUG o.s.b.factory.support.DefaultListableBeanFactory - Creating shared instance of singleton bean 'restTemplateBuilder'
2026-04-13 19:09:35.531 [restartedMain] DEBUG o.s.b.factory.support.DefaultListableBeanFactory - Creating shared instance of singleton bean 'org.springframework.boot.autoconfigure.web.client.RestTemplateAutoConfiguration'
2026-04-13 19:09:35.531 [restartedMain] DEBUG o.s.b.factory.support.DefaultListableBeanFactory - Creating shared instance of singleton bean 'restTemplateBuilderConfigurer'
2026-04-13 19:09:35.545 [restartedMain] DEBUG o.s.b.factory.support.DefaultListableBeanFactory - Creating shared instance of singleton bean 'clientHttpRequestFactoryBuilder'
2026-04-13 19:09:35.545 [restartedMain] DEBUG o.s.b.factory.support.DefaultListableBeanFactory - Creating shared instance of singleton bean 'org.springframework.boot.autoconfigure.http.client.HttpClientAutoConfiguration'
2026-04-13 19:09:35.547 [restartedMain] DEBUG o.s.b.factory.support.DefaultListableBeanFactory - Creating shared instance of singleton bean 'spring.http.client-org.springframework.boot.autoconfigure.http.client.HttpClientProperties'
2026-04-13 19:09:35.550 [restartedMain] DEBUG o.s.b.factory.support.DefaultListableBeanFactory - Autowiring by type from bean name 'clientHttpRequestFactoryBuilder' via factory method to bean named 'spring.http.client-org.springframework.boot.autoconfigure.http.client.HttpClientProperties'
2026-04-13 19:09:35.577 [restartedMain] DEBUG o.s.b.factory.support.DefaultListableBeanFactory - Creating shared instance of singleton bean 'clientHttpRequestFactorySettings'
2026-04-13 19:09:35.577 [restartedMain] DEBUG o.s.b.factory.support.DefaultListableBeanFactory - Autowiring by type from bean name 'clientHttpRequestFactorySettings' via factory method to bean named 'spring.http.client-org.springframework.boot.autoconfigure.http.client.HttpClientProperties'
2026-04-13 19:09:35.577 [restartedMain] DEBUG o.s.b.factory.support.DefaultListableBeanFactory - Autowiring by type from bean name 'restTemplateBuilder' via factory method to bean named 'restTemplateBuilderConfigurer'
2026-04-13 19:09:35.595 [restartedMain] DEBUG o.s.b.factory.support.DefaultListableBeanFactory - Autowiring by type from bean name 'restTemplate' via factory method to bean named 'restTemplateBuilder'
2026-04-13 19:09:35.701 [restartedMain] DEBUG o.s.b.factory.support.DefaultListableBeanFactory - Creating shared instance of singleton bean 'redisTemplate'
2026-04-13 19:09:35.715 [restartedMain] DEBUG o.s.b.factory.support.DefaultListableBeanFactory - Creating shared instance of singleton bean 'redisConnectionFactory'
2026-04-13 19:09:35.715 [restartedMain] DEBUG o.s.b.factory.support.DefaultListableBeanFactory - Creating shared instance of singleton bean 'org.springframework.boot.autoconfigure.data.redis.LettuceConnectionConfiguration'
2026-04-13 19:09:35.715 [restartedMain] DEBUG o.s.b.factory.support.DefaultListableBeanFactory - Creating shared instance of singleton bean 'spring.data.redis-org.springframework.boot.autoconfigure.data.redis.RedisProperties'
2026-04-13 19:09:35.717 [restartedMain] DEBUG o.s.b.factory.support.DefaultListableBeanFactory - Creating shared instance of singleton bean 'redisConnectionDetails'
2026-04-13 19:09:35.717 [restartedMain] DEBUG o.s.b.factory.support.DefaultListableBeanFactory - Creating shared instance of singleton bean 'org.springframework.boot.autoconfigure.data.redis.RedisAutoConfiguration'
2026-04-13 19:09:35.717 [restartedMain] DEBUG o.s.b.factory.support.DefaultListableBeanFactory - Autowiring by type from bean name 'redisConnectionDetails' via factory method to bean named 'spring.data.redis-org.springframework.boot.autoconfigure.data.redis.RedisProperties'
2026-04-13 19:09:35.717 [restartedMain] DEBUG o.s.b.factory.support.DefaultListableBeanFactory - Autowiring by type from bean name 'org.springframework.boot.autoconfigure.data.redis.LettuceConnectionConfiguration' via constructor to bean named 'spring.data.redis-org.springframework.boot.autoconfigure.data.redis.RedisProperties'
2026-04-13 19:09:35.717 [restartedMain] DEBUG o.s.b.factory.support.DefaultListableBeanFactory - Autowiring by type from bean name 'org.springframework.boot.autoconfigure.data.redis.LettuceConnectionConfiguration' via constructor to bean named 'redisConnectionDetails'
2026-04-13 19:09:35.717 [restartedMain] DEBUG o.s.b.factory.support.DefaultListableBeanFactory - Creating shared instance of singleton bean 'lettuceClientResources'
2026-04-13 19:09:35.731 [restartedMain] DEBUG i.n.util.internal.logging.InternalLoggerFactory - Using SLF4J as the default logging framework
2026-04-13 19:09:35.735 [restartedMain] DEBUG i.l.core.resource.AddressResolverGroupProvider - Starting without optional netty's non-blocking DNS resolver library
2026-04-13 19:09:35.735 [restartedMain] DEBUG io.lettuce.core.resource.DefaultClientResources - -Dio.netty.eventLoopThreads: 22
2026-04-13 19:09:35.740 [restartedMain] DEBUG i.l.core.resource.DefaultEventLoopGroupProvider - Creating executor io.netty.util.concurrent.DefaultEventExecutorGroup
2026-04-13 19:09:35.747 [restartedMain] DEBUG io.netty.util.concurrent.GlobalEventExecutor - -Dio.netty.globalEventExecutor.quietPeriodSeconds: 1
2026-04-13 19:09:35.751 [restartedMain] DEBUG io.netty.util.internal.InternalThreadLocalMap - -Dio.netty.threadLocalMap.stringBuilder.initialSize: 1024
2026-04-13 19:09:35.751 [restartedMain] DEBUG io.netty.util.internal.InternalThreadLocalMap - -Dio.netty.threadLocalMap.stringBuilder.maxSize: 4096
2026-04-13 19:09:35.755 [restartedMain] DEBUG io.netty.util.ResourceLeakDetector - -Dio.netty.leakDetection.level: simple
2026-04-13 19:09:35.755 [restartedMain] DEBUG io.netty.util.ResourceLeakDetector - -Dio.netty.leakDetection.targetRecords: 4
2026-04-13 19:09:35.756 [restartedMain] DEBUG io.netty.util.ResourceLeakDetectorFactory - Loaded default ResourceLeakDetector: io.netty.util.ResourceLeakDetector@219eeeea
2026-04-13 19:09:35.763 [restartedMain] DEBUG io.netty.util.internal.PlatformDependent0 - -Dio.netty.noUnsafe: false
2026-04-13 19:09:35.763 [restartedMain] DEBUG io.netty.util.internal.PlatformDependent0 - Java version: 21
2026-04-13 19:09:35.763 [restartedMain] DEBUG io.netty.util.internal.PlatformDependent0 - sun.misc.Unsafe.theUnsafe: available
2026-04-13 19:09:35.763 [restartedMain] DEBUG io.netty.util.internal.PlatformDependent0 - sun.misc.Unsafe base methods: all available
2026-04-13 19:09:35.763 [restartedMain] DEBUG io.netty.util.internal.PlatformDependent0 - sun.misc.Unsafe.storeFence: available
2026-04-13 19:09:35.763 [restartedMain] DEBUG io.netty.util.internal.PlatformDependent0 - java.nio.Buffer.address: available
2026-04-13 19:09:35.763 [restartedMain] DEBUG io.netty.util.internal.PlatformDependent0 - direct buffer constructor: unavailable: Reflective setAccessible(true) disabled
2026-04-13 19:09:35.763 [restartedMain] DEBUG io.netty.util.internal.PlatformDependent0 - java.nio.Bits.unaligned: available, true
2026-04-13 19:09:35.763 [restartedMain] DEBUG io.netty.util.internal.PlatformDependent0 - jdk.internal.misc.Unsafe.allocateUninitializedArray(int): unavailable: class io.netty.util.internal.PlatformDependent0$7 cannot access class jdk.internal.misc.Unsafe (in module java.base) because module java.base does not export jdk.internal.misc to unnamed module @39529185
2026-04-13 19:09:35.763 [restartedMain] DEBUG io.netty.util.internal.PlatformDependent0 - java.nio.DirectByteBuffer.<init>(long, {int,long}): unavailable
2026-04-13 19:09:35.763 [restartedMain] DEBUG io.netty.util.internal.PlatformDependent - sun.misc.Unsafe: available
2026-04-13 19:09:35.763 [restartedMain] DEBUG io.netty.util.internal.PlatformDependent - -Dio.netty.tmpdir: C:\Users\Wcke\AppData\Local\Temp (java.io.tmpdir)
2026-04-13 19:09:35.763 [restartedMain] DEBUG io.netty.util.internal.PlatformDependent - -Dio.netty.bitMode: 64 (sun.arch.data.model)
2026-04-13 19:09:35.763 [restartedMain] DEBUG io.netty.util.internal.PlatformDependent - Platform: Windows
2026-04-13 19:09:35.763 [restartedMain] DEBUG io.netty.util.internal.PlatformDependent - -Dio.netty.maxDirectMemory: -1 bytes
2026-04-13 19:09:35.763 [restartedMain] DEBUG io.netty.util.internal.PlatformDependent - -Dio.netty.uninitializedArrayAllocationThreshold: -1
2026-04-13 19:09:35.763 [restartedMain] DEBUG io.netty.util.internal.CleanerJava9 - java.nio.ByteBuffer.cleaner(): available
2026-04-13 19:09:35.763 [restartedMain] DEBUG io.netty.util.internal.PlatformDependent - -Dio.netty.noPreferDirect: false
2026-04-13 19:09:35.779 [restartedMain] DEBUG io.netty.util.internal.PlatformDependent - org.jctools-core.MpscChunkedArrayQueue: available
2026-04-13 19:09:35.779 [restartedMain] DEBUG reactor.util.Loggers - Using Slf4j logging framework
2026-04-13 19:09:35.779 [restartedMain] DEBUG io.lettuce.core.event.jfr.EventRecorderHolder - Starting with JFR support
2026-04-13 19:09:35.794 [restartedMain] DEBUG io.lettuce.core.resource.DefaultClientResources - LatencyUtils/HdrUtils are not available, metrics are disabled
2026-04-13 19:09:35.798 [restartedMain] DEBUG o.s.b.factory.support.DefaultListableBeanFactory - Autowiring by type from bean name 'redisConnectionFactory' via factory method to bean named 'lettuceClientResources'
2026-04-13 19:09:35.893 [restartedMain] DEBUG o.s.b.factory.support.DefaultListableBeanFactory - Autowiring by type from bean name 'redisTemplate' via factory method to bean named 'redisConnectionFactory'
2026-04-13 19:09:35.932 [restartedMain] DEBUG o.springframework.data.convert.CustomConversions - Adding converter from class java.lang.String to class [B as writing converter
2026-04-13 19:09:35.933 [restartedMain] DEBUG o.springframework.data.convert.CustomConversions - Adding converter from class [B to class java.lang.String as reading converter
2026-04-13 19:09:35.933 [restartedMain] DEBUG o.springframework.data.convert.CustomConversions - Adding converter from class java.lang.Number to class [B as writing converter
2026-04-13 19:09:35.933 [restartedMain] DEBUG o.springframework.data.convert.CustomConversions - Adding converter from class [B to class java.lang.Number as reading converter
2026-04-13 19:09:35.933 [restartedMain] DEBUG o.springframework.data.convert.CustomConversions - Adding converter from class java.lang.Enum to class [B as writing converter
2026-04-13 19:09:35.933 [restartedMain] DEBUG o.springframework.data.convert.CustomConversions - Adding converter from class [B to class java.lang.Enum as reading converter
2026-04-13 19:09:35.933 [restartedMain] DEBUG o.springframework.data.convert.CustomConversions - Adding converter from class java.lang.Boolean to class [B as writing converter
2026-04-13 19:09:35.933 [restartedMain] DEBUG o.springframework.data.convert.CustomConversions - Adding converter from class [B to class java.lang.Boolean as reading converter
2026-04-13 19:09:35.933 [restartedMain] DEBUG o.springframework.data.convert.CustomConversions - Adding converter from class java.util.Date to class [B as writing converter
2026-04-13 19:09:35.933 [restartedMain] DEBUG o.springframework.data.convert.CustomConversions - Adding converter from class [B to class java.util.Date as reading converter
2026-04-13 19:09:35.933 [restartedMain] DEBUG o.springframework.data.convert.CustomConversions - Adding converter from class java.util.UUID to class [B as writing converter
2026-04-13 19:09:35.933 [restartedMain] DEBUG o.springframework.data.convert.CustomConversions - Adding converter from class [B to class java.util.UUID as reading converter
2026-04-13 19:09:35.933 [restartedMain] DEBUG o.springframework.data.convert.CustomConversions - Adding converter from class java.time.LocalDateTime to class [B as reading converter
2026-04-13 19:09:35.933 [restartedMain] DEBUG o.springframework.data.convert.CustomConversions - Adding converter from class [B to class java.time.LocalDateTime as reading converter
2026-04-13 19:09:35.933 [restartedMain] DEBUG o.springframework.data.convert.CustomConversions - Adding converter from class java.time.LocalDate to class [B as reading converter
2026-04-13 19:09:35.933 [restartedMain] DEBUG o.springframework.data.convert.CustomConversions - Adding converter from class [B to class java.time.LocalDate as reading converter
2026-04-13 19:09:35.933 [restartedMain] DEBUG o.springframework.data.convert.CustomConversions - Adding converter from class java.time.LocalTime to class [B as reading converter
2026-04-13 19:09:35.933 [restartedMain] DEBUG o.springframework.data.convert.CustomConversions - Adding converter from class [B to class java.time.LocalTime as reading converter
2026-04-13 19:09:35.933 [restartedMain] DEBUG o.springframework.data.convert.CustomConversions - Adding converter from class java.time.ZonedDateTime to class [B as reading converter
2026-04-13 19:09:35.933 [restartedMain] DEBUG o.springframework.data.convert.CustomConversions - Adding converter from class [B to class java.time.ZonedDateTime as reading converter
2026-04-13 19:09:35.933 [restartedMain] DEBUG o.springframework.data.convert.CustomConversions - Adding converter from class java.time.Instant to class [B as reading converter
2026-04-13 19:09:35.933 [restartedMain] DEBUG o.springframework.data.convert.CustomConversions - Adding converter from class [B to class java.time.Instant as reading converter
2026-04-13 19:09:35.933 [restartedMain] DEBUG o.springframework.data.convert.CustomConversions - Adding converter from class java.time.ZoneId to class [B as reading converter
2026-04-13 19:09:35.933 [restartedMain] DEBUG o.springframework.data.convert.CustomConversions - Adding converter from class [B to class java.time.ZoneId as reading converter
2026-04-13 19:09:35.933 [restartedMain] DEBUG o.springframework.data.convert.CustomConversions - Adding converter from class java.time.Period to class [B as reading converter
2026-04-13 19:09:35.933 [restartedMain] DEBUG o.springframework.data.convert.CustomConversions - Adding converter from class [B to class java.time.Period as reading converter
2026-04-13 19:09:35.933 [restartedMain] DEBUG o.springframework.data.convert.CustomConversions - Adding converter from class java.time.Duration to class [B as reading converter
2026-04-13 19:09:35.933 [restartedMain] DEBUG o.springframework.data.convert.CustomConversions - Adding converter from class [B to class java.time.Duration as reading converter
2026-04-13 19:09:35.933 [restartedMain] DEBUG o.springframework.data.convert.CustomConversions - Adding converter from class java.time.OffsetDateTime to class [B as reading converter
2026-04-13 19:09:35.933 [restartedMain] DEBUG o.springframework.data.convert.CustomConversions - Adding converter from class [B to class java.time.OffsetDateTime as reading converter
2026-04-13 19:09:35.933 [restartedMain] DEBUG o.springframework.data.convert.CustomConversions - Adding converter from class java.time.OffsetTime to class [B as reading converter
2026-04-13 19:09:35.933 [restartedMain] DEBUG o.springframework.data.convert.CustomConversions - Adding converter from class [B to class java.time.OffsetTime as reading converter
2026-04-13 19:09:35.933 [restartedMain] DEBUG o.springframework.data.convert.CustomConversions - Adding converter from class java.util.Date to class java.time.LocalDateTime as reading converter
2026-04-13 19:09:35.933 [restartedMain] DEBUG o.springframework.data.convert.CustomConversions - Adding converter from class java.time.LocalDateTime to class java.util.Date as writing converter
2026-04-13 19:09:35.933 [restartedMain] DEBUG o.springframework.data.convert.CustomConversions - Adding converter from class java.util.Date to class java.time.LocalDate as reading converter
2026-04-13 19:09:35.933 [restartedMain] DEBUG o.springframework.data.convert.CustomConversions - Adding converter from class java.time.LocalDate to class java.util.Date as writing converter
2026-04-13 19:09:35.933 [restartedMain] DEBUG o.springframework.data.convert.CustomConversions - Adding converter from class java.util.Date to class java.time.LocalTime as reading converter
2026-04-13 19:09:35.933 [restartedMain] DEBUG o.springframework.data.convert.CustomConversions - Adding converter from class java.time.LocalTime to class java.util.Date as writing converter
2026-04-13 19:09:35.934 [restartedMain] DEBUG o.springframework.data.convert.CustomConversions - Adding converter from class java.util.Date to class java.time.Instant as reading converter
2026-04-13 19:09:35.934 [restartedMain] DEBUG o.springframework.data.convert.CustomConversions - Adding converter from class java.time.Instant to class java.util.Date as writing converter
2026-04-13 19:09:35.934 [restartedMain] DEBUG o.springframework.data.convert.CustomConversions - Adding converter from class java.time.LocalDateTime to class java.time.Instant as reading converter
2026-04-13 19:09:35.934 [restartedMain] DEBUG o.springframework.data.convert.CustomConversions - Adding converter from class java.time.Instant to class java.time.LocalDateTime as reading converter
2026-04-13 19:09:35.934 [restartedMain] DEBUG o.springframework.data.convert.CustomConversions - Adding converter from class java.time.ZoneId to class java.lang.String as writing converter
2026-04-13 19:09:35.934 [restartedMain] DEBUG o.springframework.data.convert.CustomConversions - Adding converter from class java.lang.String to class java.time.ZoneId as reading converter
2026-04-13 19:09:35.934 [restartedMain] DEBUG o.springframework.data.convert.CustomConversions - Adding converter from class java.time.Duration to class java.lang.String as writing converter
2026-04-13 19:09:35.934 [restartedMain] DEBUG o.springframework.data.convert.CustomConversions - Adding converter from class java.lang.String to class java.time.Duration as reading converter
2026-04-13 19:09:35.934 [restartedMain] DEBUG o.springframework.data.convert.CustomConversions - Adding converter from class java.time.Period to class java.lang.String as writing converter
2026-04-13 19:09:35.934 [restartedMain] DEBUG o.springframework.data.convert.CustomConversions - Adding converter from class java.lang.String to class java.time.Period as reading converter
2026-04-13 19:09:35.934 [restartedMain] DEBUG o.springframework.data.convert.CustomConversions - Adding converter from class java.lang.String to class java.time.LocalDate as reading converter
2026-04-13 19:09:35.934 [restartedMain] DEBUG o.springframework.data.convert.CustomConversions - Adding converter from class java.lang.String to class java.time.LocalDateTime as reading converter
2026-04-13 19:09:35.934 [restartedMain] DEBUG o.springframework.data.convert.CustomConversions - Adding converter from class java.lang.String to class java.time.Instant as reading converter
2026-04-13 19:09:35.935 [restartedMain] DEBUG o.springframework.data.convert.CustomConversions - Adding converter from class java.lang.String to class [B as writing converter
2026-04-13 19:09:35.935 [restartedMain] DEBUG o.springframework.data.convert.CustomConversions - Adding converter from class [B to class java.lang.String as reading converter
2026-04-13 19:09:35.935 [restartedMain] DEBUG o.springframework.data.convert.CustomConversions - Adding converter from class java.lang.Number to class [B as writing converter
2026-04-13 19:09:35.935 [restartedMain] DEBUG o.springframework.data.convert.CustomConversions - Adding converter from class [B to class java.lang.Number as reading converter
2026-04-13 19:09:35.935 [restartedMain] DEBUG o.springframework.data.convert.CustomConversions - Adding converter from class java.lang.Enum to class [B as writing converter
2026-04-13 19:09:35.935 [restartedMain] DEBUG o.springframework.data.convert.CustomConversions - Adding converter from class [B to class java.lang.Enum as reading converter
2026-04-13 19:09:35.935 [restartedMain] DEBUG o.springframework.data.convert.CustomConversions - Adding converter from class java.lang.Boolean to class [B as writing converter
2026-04-13 19:09:35.935 [restartedMain] DEBUG o.springframework.data.convert.CustomConversions - Adding converter from class [B to class java.lang.Boolean as reading converter
2026-04-13 19:09:35.935 [restartedMain] DEBUG o.springframework.data.convert.CustomConversions - Adding converter from class java.util.Date to class [B as writing converter
2026-04-13 19:09:35.935 [restartedMain] DEBUG o.springframework.data.convert.CustomConversions - Adding converter from class [B to class java.util.Date as reading converter
2026-04-13 19:09:35.935 [restartedMain] DEBUG o.springframework.data.convert.CustomConversions - Adding converter from class java.util.UUID to class [B as writing converter
2026-04-13 19:09:35.935 [restartedMain] DEBUG o.springframework.data.convert.CustomConversions - Adding converter from class [B to class java.util.UUID as reading converter
2026-04-13 19:09:35.935 [restartedMain] DEBUG o.springframework.data.convert.CustomConversions - Adding converter from class java.time.LocalDateTime to class [B as reading converter
2026-04-13 19:09:35.935 [restartedMain] DEBUG o.springframework.data.convert.CustomConversions - Adding converter from class [B to class java.time.LocalDateTime as reading converter
2026-04-13 19:09:35.935 [restartedMain] DEBUG o.springframework.data.convert.CustomConversions - Adding converter from class java.time.LocalDate to class [B as reading converter
2026-04-13 19:09:35.935 [restartedMain] DEBUG o.springframework.data.convert.CustomConversions - Adding converter from class [B to class java.time.LocalDate as reading converter
2026-04-13 19:09:35.935 [restartedMain] DEBUG o.springframework.data.convert.CustomConversions - Adding converter from class java.time.LocalTime to class [B as reading converter
2026-04-13 19:09:35.936 [restartedMain] DEBUG o.springframework.data.convert.CustomConversions - Adding converter from class [B to class java.time.LocalTime as reading converter
2026-04-13 19:09:35.936 [restartedMain] DEBUG o.springframework.data.convert.CustomConversions - Adding converter from class java.time.ZonedDateTime to class [B as reading converter
2026-04-13 19:09:35.936 [restartedMain] DEBUG o.springframework.data.convert.CustomConversions - Adding converter from class [B to class java.time.ZonedDateTime as reading converter
2026-04-13 19:09:35.936 [restartedMain] DEBUG o.springframework.data.convert.CustomConversions - Adding converter from class java.time.Instant to class [B as reading converter
2026-04-13 19:09:35.936 [restartedMain] DEBUG o.springframework.data.convert.CustomConversions - Adding converter from class [B to class java.time.Instant as reading converter
2026-04-13 19:09:35.936 [restartedMain] DEBUG o.springframework.data.convert.CustomConversions - Adding converter from class java.time.ZoneId to class [B as reading converter
2026-04-13 19:09:35.936 [restartedMain] DEBUG o.springframework.data.convert.CustomConversions - Adding converter from class [B to class java.time.ZoneId as reading converter
2026-04-13 19:09:35.936 [restartedMain] DEBUG o.springframework.data.convert.CustomConversions - Adding converter from class java.time.Period to class [B as reading converter
2026-04-13 19:09:35.936 [restartedMain] DEBUG o.springframework.data.convert.CustomConversions - Adding converter from class [B to class java.time.Period as reading converter
2026-04-13 19:09:35.936 [restartedMain] DEBUG o.springframework.data.convert.CustomConversions - Adding converter from class java.time.Duration to class [B as reading converter
2026-04-13 19:09:35.936 [restartedMain] DEBUG o.springframework.data.convert.CustomConversions - Adding converter from class [B to class java.time.Duration as reading converter
2026-04-13 19:09:35.936 [restartedMain] DEBUG o.springframework.data.convert.CustomConversions - Adding converter from class java.time.OffsetDateTime to class [B as reading converter
2026-04-13 19:09:35.936 [restartedMain] DEBUG o.springframework.data.convert.CustomConversions - Adding converter from class [B to class java.time.OffsetDateTime as reading converter
2026-04-13 19:09:35.936 [restartedMain] DEBUG o.springframework.data.convert.CustomConversions - Adding converter from class java.time.OffsetTime to class [B as reading converter
2026-04-13 19:09:35.936 [restartedMain] DEBUG o.springframework.data.convert.CustomConversions - Adding converter from class [B to class java.time.OffsetTime as reading converter
2026-04-13 19:09:35.936 [restartedMain] DEBUG o.springframework.data.convert.CustomConversions - Adding converter from class java.util.Date to class java.time.LocalDateTime as reading converter
2026-04-13 19:09:35.936 [restartedMain] DEBUG o.springframework.data.convert.CustomConversions - Adding converter from class java.time.LocalDateTime to class java.util.Date as writing converter
2026-04-13 19:09:35.936 [restartedMain] DEBUG o.springframework.data.convert.CustomConversions - Adding converter from class java.util.Date to class java.time.LocalDate as reading converter
2026-04-13 19:09:35.936 [restartedMain] DEBUG o.springframework.data.convert.CustomConversions - Adding converter from class java.time.LocalDate to class java.util.Date as writing converter
2026-04-13 19:09:35.936 [restartedMain] DEBUG o.springframework.data.convert.CustomConversions - Adding converter from class java.util.Date to class java.time.LocalTime as reading converter
2026-04-13 19:09:35.936 [restartedMain] DEBUG o.springframework.data.convert.CustomConversions - Adding converter from class java.time.LocalTime to class java.util.Date as writing converter
2026-04-13 19:09:35.936 [restartedMain] DEBUG o.springframework.data.convert.CustomConversions - Adding converter from class java.util.Date to class java.time.Instant as reading converter
2026-04-13 19:09:35.936 [restartedMain] DEBUG o.springframework.data.convert.CustomConversions - Adding converter from class java.time.Instant to class java.util.Date as writing converter
2026-04-13 19:09:35.936 [restartedMain] DEBUG o.springframework.data.convert.CustomConversions - Adding converter from class java.time.LocalDateTime to class java.time.Instant as reading converter
2026-04-13 19:09:35.936 [restartedMain] DEBUG o.springframework.data.convert.CustomConversions - Adding converter from class java.time.Instant to class java.time.LocalDateTime as reading converter
2026-04-13 19:09:35.936 [restartedMain] DEBUG o.springframework.data.convert.CustomConversions - Adding converter from class java.time.ZoneId to class java.lang.String as writing converter
2026-04-13 19:09:35.936 [restartedMain] DEBUG o.springframework.data.convert.CustomConversions - Adding converter from class java.lang.String to class java.time.ZoneId as reading converter
2026-04-13 19:09:35.936 [restartedMain] DEBUG o.springframework.data.convert.CustomConversions - Adding converter from class java.time.Duration to class java.lang.String as writing converter
2026-04-13 19:09:35.936 [restartedMain] DEBUG o.springframework.data.convert.CustomConversions - Adding converter from class java.lang.String to class java.time.Duration as reading converter
2026-04-13 19:09:35.936 [restartedMain] DEBUG o.springframework.data.convert.CustomConversions - Adding converter from class java.time.Period to class java.lang.String as writing converter
2026-04-13 19:09:35.936 [restartedMain] DEBUG o.springframework.data.convert.CustomConversions - Adding converter from class java.lang.String to class java.time.Period as reading converter
2026-04-13 19:09:35.936 [restartedMain] DEBUG o.springframework.data.convert.CustomConversions - Adding converter from class java.lang.String to class java.time.LocalDate as reading converter
2026-04-13 19:09:35.936 [restartedMain] DEBUG o.springframework.data.convert.CustomConversions - Adding converter from class java.lang.String to class java.time.LocalDateTime as reading converter
2026-04-13 19:09:35.936 [restartedMain] DEBUG o.springframework.data.convert.CustomConversions - Adding converter from class java.lang.String to class java.time.Instant as reading converter
2026-04-13 19:09:35.956 [restartedMain] DEBUG o.springframework.data.convert.CustomConversions - Adding converter from class java.lang.String to class [B as writing converter
2026-04-13 19:09:35.956 [restartedMain] DEBUG o.springframework.data.convert.CustomConversions - Adding converter from class [B to class java.lang.String as reading converter
2026-04-13 19:09:35.956 [restartedMain] DEBUG o.springframework.data.convert.CustomConversions - Adding converter from class java.lang.Number to class [B as writing converter
2026-04-13 19:09:35.956 [restartedMain] DEBUG o.springframework.data.convert.CustomConversions - Adding converter from class [B to class java.lang.Number as reading converter
2026-04-13 19:09:35.956 [restartedMain] DEBUG o.springframework.data.convert.CustomConversions - Adding converter from class java.lang.Enum to class [B as writing converter
2026-04-13 19:09:35.956 [restartedMain] DEBUG o.springframework.data.convert.CustomConversions - Adding converter from class [B to class java.lang.Enum as reading converter
2026-04-13 19:09:35.956 [restartedMain] DEBUG o.springframework.data.convert.CustomConversions - Adding converter from class java.lang.Boolean to class [B as writing converter
2026-04-13 19:09:35.956 [restartedMain] DEBUG o.springframework.data.convert.CustomConversions - Adding converter from class [B to class java.lang.Boolean as reading converter
2026-04-13 19:09:35.956 [restartedMain] DEBUG o.springframework.data.convert.CustomConversions - Adding converter from class java.util.Date to class [B as writing converter
2026-04-13 19:09:35.956 [restartedMain] DEBUG o.springframework.data.convert.CustomConversions - Adding converter from class [B to class java.util.Date as reading converter
2026-04-13 19:09:35.956 [restartedMain] DEBUG o.springframework.data.convert.CustomConversions - Adding converter from class java.util.UUID to class [B as writing converter
2026-04-13 19:09:35.956 [restartedMain] DEBUG o.springframework.data.convert.CustomConversions - Adding converter from class [B to class java.util.UUID as reading converter
2026-04-13 19:09:35.956 [restartedMain] DEBUG o.springframework.data.convert.CustomConversions - Adding converter from class java.time.LocalDateTime to class [B as reading converter
2026-04-13 19:09:35.956 [restartedMain] DEBUG o.springframework.data.convert.CustomConversions - Adding converter from class [B to class java.time.LocalDateTime as reading converter
2026-04-13 19:09:35.956 [restartedMain] DEBUG o.springframework.data.convert.CustomConversions - Adding converter from class java.time.LocalDate to class [B as reading converter
2026-04-13 19:09:35.956 [restartedMain] DEBUG o.springframework.data.convert.CustomConversions - Adding converter from class [B to class java.time.LocalDate as reading converter
2026-04-13 19:09:35.956 [restartedMain] DEBUG o.springframework.data.convert.CustomConversions - Adding converter from class java.time.LocalTime to class [B as reading converter
2026-04-13 19:09:35.956 [restartedMain] DEBUG o.springframework.data.convert.CustomConversions - Adding converter from class [B to class java.time.LocalTime as reading converter
2026-04-13 19:09:35.956 [restartedMain] DEBUG o.springframework.data.convert.CustomConversions - Adding converter from class java.time.ZonedDateTime to class [B as reading converter
2026-04-13 19:09:35.956 [restartedMain] DEBUG o.springframework.data.convert.CustomConversions - Adding converter from class [B to class java.time.ZonedDateTime as reading converter
2026-04-13 19:09:35.956 [restartedMain] DEBUG o.springframework.data.convert.CustomConversions - Adding converter from class java.time.Instant to class [B as reading converter
2026-04-13 19:09:35.956 [restartedMain] DEBUG o.springframework.data.convert.CustomConversions - Adding converter from class [B to class java.time.Instant as reading converter
2026-04-13 19:09:35.956 [restartedMain] DEBUG o.springframework.data.convert.CustomConversions - Adding converter from class java.time.ZoneId to class [B as reading converter
2026-04-13 19:09:35.956 [restartedMain] DEBUG o.springframework.data.convert.CustomConversions - Adding converter from class [B to class java.time.ZoneId as reading converter
2026-04-13 19:09:35.956 [restartedMain] DEBUG o.springframework.data.convert.CustomConversions - Adding converter from class java.time.Period to class [B as reading converter
2026-04-13 19:09:35.956 [restartedMain] DEBUG o.springframework.data.convert.CustomConversions - Adding converter from class [B to class java.time.Period as reading converter
2026-04-13 19:09:35.956 [restartedMain] DEBUG o.springframework.data.convert.CustomConversions - Adding converter from class java.time.Duration to class [B as reading converter
2026-04-13 19:09:35.956 [restartedMain] DEBUG o.springframework.data.convert.CustomConversions - Adding converter from class [B to class java.time.Duration as reading converter
2026-04-13 19:09:35.956 [restartedMain] DEBUG o.springframework.data.convert.CustomConversions - Adding converter from class java.time.OffsetDateTime to class [B as reading converter
2026-04-13 19:09:35.956 [restartedMain] DEBUG o.springframework.data.convert.CustomConversions - Adding converter from class [B to class java.time.OffsetDateTime as reading converter
2026-04-13 19:09:35.956 [restartedMain] DEBUG o.springframework.data.convert.CustomConversions - Adding converter from class java.time.OffsetTime to class [B as reading converter
2026-04-13 19:09:35.956 [restartedMain] DEBUG o.springframework.data.convert.CustomConversions - Adding converter from class [B to class java.time.OffsetTime as reading converter
2026-04-13 19:09:35.956 [restartedMain] DEBUG o.springframework.data.convert.CustomConversions - Adding converter from class java.util.Date to class java.time.LocalDateTime as reading converter
2026-04-13 19:09:35.956 [restartedMain] DEBUG o.springframework.data.convert.CustomConversions - Adding converter from class java.time.LocalDateTime to class java.util.Date as writing converter
2026-04-13 19:09:35.956 [restartedMain] DEBUG o.springframework.data.convert.CustomConversions - Adding converter from class java.util.Date to class java.time.LocalDate as reading converter
2026-04-13 19:09:35.956 [restartedMain] DEBUG o.springframework.data.convert.CustomConversions - Adding converter from class java.time.LocalDate to class java.util.Date as writing converter
2026-04-13 19:09:35.956 [restartedMain] DEBUG o.springframework.data.convert.CustomConversions - Adding converter from class java.util.Date to class java.time.LocalTime as reading converter
2026-04-13 19:09:35.956 [restartedMain] DEBUG o.springframework.data.convert.CustomConversions - Adding converter from class java.time.LocalTime to class java.util.Date as writing converter
2026-04-13 19:09:35.956 [restartedMain] DEBUG o.springframework.data.convert.CustomConversions - Adding converter from class java.util.Date to class java.time.Instant as reading converter
2026-04-13 19:09:35.956 [restartedMain] DEBUG o.springframework.data.convert.CustomConversions - Adding converter from class java.time.Instant to class java.util.Date as writing converter
2026-04-13 19:09:35.956 [restartedMain] DEBUG o.springframework.data.convert.CustomConversions - Adding converter from class java.time.LocalDateTime to class java.time.Instant as reading converter
2026-04-13 19:09:35.956 [restartedMain] DEBUG o.springframework.data.convert.CustomConversions - Adding converter from class java.time.Instant to class java.time.LocalDateTime as reading converter
2026-04-13 19:09:35.956 [restartedMain] DEBUG o.springframework.data.convert.CustomConversions - Adding converter from class java.time.ZoneId to class java.lang.String as writing converter
2026-04-13 19:09:35.956 [restartedMain] DEBUG o.springframework.data.convert.CustomConversions - Adding converter from class java.lang.String to class java.time.ZoneId as reading converter
2026-04-13 19:09:35.956 [restartedMain] DEBUG o.springframework.data.convert.CustomConversions - Adding converter from class java.time.Duration to class java.lang.String as writing converter
2026-04-13 19:09:35.956 [restartedMain] DEBUG o.springframework.data.convert.CustomConversions - Adding converter from class java.lang.String to class java.time.Duration as reading converter
2026-04-13 19:09:35.956 [restartedMain] DEBUG o.springframework.data.convert.CustomConversions - Adding converter from class java.time.Period to class java.lang.String as writing converter
2026-04-13 19:09:35.956 [restartedMain] DEBUG o.springframework.data.convert.CustomConversions - Adding converter from class java.lang.String to class java.time.Period as reading converter
2026-04-13 19:09:35.956 [restartedMain] DEBUG o.springframework.data.convert.CustomConversions - Adding converter from class java.lang.String to class java.time.LocalDate as reading converter
2026-04-13 19:09:35.956 [restartedMain] DEBUG o.springframework.data.convert.CustomConversions - Adding converter from class java.lang.String to class java.time.LocalDateTime as reading converter
2026-04-13 19:09:35.956 [restartedMain] DEBUG o.springframework.data.convert.CustomConversions - Adding converter from class java.lang.String to class java.time.Instant as reading converter
2026-04-13 19:09:35.966 [restartedMain] DEBUG o.springframework.data.convert.CustomConversions - Adding converter from class java.lang.String to class [B as writing converter
2026-04-13 19:09:35.966 [restartedMain] DEBUG o.springframework.data.convert.CustomConversions - Adding converter from class [B to class java.lang.String as reading converter
2026-04-13 19:09:35.966 [restartedMain] DEBUG o.springframework.data.convert.CustomConversions - Adding converter from class java.lang.Number to class [B as writing converter
2026-04-13 19:09:35.966 [restartedMain] DEBUG o.springframework.data.convert.CustomConversions - Adding converter from class [B to class java.lang.Number as reading converter
2026-04-13 19:09:35.966 [restartedMain] DEBUG o.springframework.data.convert.CustomConversions - Adding converter from class java.lang.Enum to class [B as writing converter
2026-04-13 19:09:35.966 [restartedMain] DEBUG o.springframework.data.convert.CustomConversions - Adding converter from class [B to class java.lang.Enum as reading converter
2026-04-13 19:09:35.966 [restartedMain] DEBUG o.springframework.data.convert.CustomConversions - Adding converter from class java.lang.Boolean to class [B as writing converter
2026-04-13 19:09:35.966 [restartedMain] DEBUG o.springframework.data.convert.CustomConversions - Adding converter from class [B to class java.lang.Boolean as reading converter
2026-04-13 19:09:35.966 [restartedMain] DEBUG o.springframework.data.convert.CustomConversions - Adding converter from class java.util.Date to class [B as writing converter
2026-04-13 19:09:35.966 [restartedMain] DEBUG o.springframework.data.convert.CustomConversions - Adding converter from class [B to class java.util.Date as reading converter
2026-04-13 19:09:35.966 [restartedMain] DEBUG o.springframework.data.convert.CustomConversions - Adding converter from class java.util.UUID to class [B as writing converter
2026-04-13 19:09:35.966 [restartedMain] DEBUG o.springframework.data.convert.CustomConversions - Adding converter from class [B to class java.util.UUID as reading converter
2026-04-13 19:09:35.966 [restartedMain] DEBUG o.springframework.data.convert.CustomConversions - Adding converter from class java.time.LocalDateTime to class [B as reading converter
2026-04-13 19:09:35.966 [restartedMain] DEBUG o.springframework.data.convert.CustomConversions - Adding converter from class [B to class java.time.LocalDateTime as reading converter
2026-04-13 19:09:35.966 [restartedMain] DEBUG o.springframework.data.convert.CustomConversions - Adding converter from class java.time.LocalDate to class [B as reading converter
2026-04-13 19:09:35.966 [restartedMain] DEBUG o.springframework.data.convert.CustomConversions - Adding converter from class [B to class java.time.LocalDate as reading converter
2026-04-13 19:09:35.966 [restartedMain] DEBUG o.springframework.data.convert.CustomConversions - Adding converter from class java.time.LocalTime to class [B as reading converter
2026-04-13 19:09:35.966 [restartedMain] DEBUG o.springframework.data.convert.CustomConversions - Adding converter from class [B to class java.time.LocalTime as reading converter
2026-04-13 19:09:35.966 [restartedMain] DEBUG o.springframework.data.convert.CustomConversions - Adding converter from class java.time.ZonedDateTime to class [B as reading converter
2026-04-13 19:09:35.966 [restartedMain] DEBUG o.springframework.data.convert.CustomConversions - Adding converter from class [B to class java.time.ZonedDateTime as reading converter
2026-04-13 19:09:35.966 [restartedMain] DEBUG o.springframework.data.convert.CustomConversions - Adding converter from class java.time.Instant to class [B as reading converter
2026-04-13 19:09:35.966 [restartedMain] DEBUG o.springframework.data.convert.CustomConversions - Adding converter from class [B to class java.time.Instant as reading converter
2026-04-13 19:09:35.966 [restartedMain] DEBUG o.springframework.data.convert.CustomConversions - Adding converter from class java.time.ZoneId to class [B as reading converter
2026-04-13 19:09:35.966 [restartedMain] DEBUG o.springframework.data.convert.CustomConversions - Adding converter from class [B to class java.time.ZoneId as reading converter
2026-04-13 19:09:35.966 [restartedMain] DEBUG o.springframework.data.convert.CustomConversions - Adding converter from class java.time.Period to class [B as reading converter
2026-04-13 19:09:35.966 [restartedMain] DEBUG o.springframework.data.convert.CustomConversions - Adding converter from class [B to class java.time.Period as reading converter
2026-04-13 19:09:35.966 [restartedMain] DEBUG o.springframework.data.convert.CustomConversions - Adding converter from class java.time.Duration to class [B as reading converter
2026-04-13 19:09:35.966 [restartedMain] DEBUG o.springframework.data.convert.CustomConversions - Adding converter from class [B to class java.time.Duration as reading converter
2026-04-13 19:09:35.966 [restartedMain] DEBUG o.springframework.data.convert.CustomConversions - Adding converter from class java.time.OffsetDateTime to class [B as reading converter
2026-04-13 19:09:35.966 [restartedMain] DEBUG o.springframework.data.convert.CustomConversions - Adding converter from class [B to class java.time.OffsetDateTime as reading converter
2026-04-13 19:09:35.966 [restartedMain] DEBUG o.springframework.data.convert.CustomConversions - Adding converter from class java.time.OffsetTime to class [B as reading converter
2026-04-13 19:09:35.966 [restartedMain] DEBUG o.springframework.data.convert.CustomConversions - Adding converter from class [B to class java.time.OffsetTime as reading converter
2026-04-13 19:09:35.966 [restartedMain] DEBUG o.springframework.data.convert.CustomConversions - Adding converter from class java.util.Date to class java.time.LocalDateTime as reading converter
2026-04-13 19:09:35.966 [restartedMain] DEBUG o.springframework.data.convert.CustomConversions - Adding converter from class java.time.LocalDateTime to class java.util.Date as writing converter
2026-04-13 19:09:35.966 [restartedMain] DEBUG o.springframework.data.convert.CustomConversions - Adding converter from class java.util.Date to class java.time.LocalDate as reading converter
2026-04-13 19:09:35.966 [restartedMain] DEBUG o.springframework.data.convert.CustomConversions - Adding converter from class java.time.LocalDate to class java.util.Date as writing converter
2026-04-13 19:09:35.966 [restartedMain] DEBUG o.springframework.data.convert.CustomConversions - Adding converter from class java.util.Date to class java.time.LocalTime as reading converter
2026-04-13 19:09:35.966 [restartedMain] DEBUG o.springframework.data.convert.CustomConversions - Adding converter from class java.time.LocalTime to class java.util.Date as writing converter
2026-04-13 19:09:35.966 [restartedMain] DEBUG o.springframework.data.convert.CustomConversions - Adding converter from class java.util.Date to class java.time.Instant as reading converter
2026-04-13 19:09:35.966 [restartedMain] DEBUG o.springframework.data.convert.CustomConversions - Adding converter from class java.time.Instant to class java.util.Date as writing converter
2026-04-13 19:09:35.966 [restartedMain] DEBUG o.springframework.data.convert.CustomConversions - Adding converter from class java.time.LocalDateTime to class java.time.Instant as reading converter
2026-04-13 19:09:35.966 [restartedMain] DEBUG o.springframework.data.convert.CustomConversions - Adding converter from class java.time.Instant to class java.time.LocalDateTime as reading converter
2026-04-13 19:09:35.966 [restartedMain] DEBUG o.springframework.data.convert.CustomConversions - Adding converter from class java.time.ZoneId to class java.lang.String as writing converter
2026-04-13 19:09:35.966 [restartedMain] DEBUG o.springframework.data.convert.CustomConversions - Adding converter from class java.lang.String to class java.time.ZoneId as reading converter
2026-04-13 19:09:35.966 [restartedMain] DEBUG o.springframework.data.convert.CustomConversions - Adding converter from class java.time.Duration to class java.lang.String as writing converter
2026-04-13 19:09:35.966 [restartedMain] DEBUG o.springframework.data.convert.CustomConversions - Adding converter from class java.lang.String to class java.time.Duration as reading converter
2026-04-13 19:09:35.966 [restartedMain] DEBUG o.springframework.data.convert.CustomConversions - Adding converter from class java.time.Period to class java.lang.String as writing converter
2026-04-13 19:09:35.966 [restartedMain] DEBUG o.springframework.data.convert.CustomConversions - Adding converter from class java.lang.String to class java.time.Period as reading converter
2026-04-13 19:09:35.966 [restartedMain] DEBUG o.springframework.data.convert.CustomConversions - Adding converter from class java.lang.String to class java.time.LocalDate as reading converter
2026-04-13 19:09:35.966 [restartedMain] DEBUG o.springframework.data.convert.CustomConversions - Adding converter from class java.lang.String to class java.time.LocalDateTime as reading converter
2026-04-13 19:09:35.966 [restartedMain] DEBUG o.springframework.data.convert.CustomConversions - Adding converter from class java.lang.String to class java.time.Instant as reading converter
2026-04-13 19:09:35.993 [restartedMain] DEBUG o.springframework.data.convert.CustomConversions - Adding converter from class java.lang.String to class [B as writing converter
2026-04-13 19:09:35.993 [restartedMain] DEBUG o.springframework.data.convert.CustomConversions - Adding converter from class [B to class java.lang.String as reading converter
2026-04-13 19:09:35.993 [restartedMain] DEBUG o.springframework.data.convert.CustomConversions - Adding converter from class java.lang.Number to class [B as writing converter
2026-04-13 19:09:35.993 [restartedMain] DEBUG o.springframework.data.convert.CustomConversions - Adding converter from class [B to class java.lang.Number as reading converter
2026-04-13 19:09:35.993 [restartedMain] DEBUG o.springframework.data.convert.CustomConversions - Adding converter from class java.lang.Enum to class [B as writing converter
2026-04-13 19:09:35.993 [restartedMain] DEBUG o.springframework.data.convert.CustomConversions - Adding converter from class [B to class java.lang.Enum as reading converter
2026-04-13 19:09:35.993 [restartedMain] DEBUG o.springframework.data.convert.CustomConversions - Adding converter from class java.lang.Boolean to class [B as writing converter
2026-04-13 19:09:35.993 [restartedMain] DEBUG o.springframework.data.convert.CustomConversions - Adding converter from class [B to class java.lang.Boolean as reading converter
2026-04-13 19:09:35.993 [restartedMain] DEBUG o.springframework.data.convert.CustomConversions - Adding converter from class java.util.Date to class [B as writing converter
2026-04-13 19:09:35.993 [restartedMain] DEBUG o.springframework.data.convert.CustomConversions - Adding converter from class [B to class java.util.Date as reading converter
2026-04-13 19:09:35.993 [restartedMain] DEBUG o.springframework.data.convert.CustomConversions - Adding converter from class java.util.UUID to class [B as writing converter
2026-04-13 19:09:35.993 [restartedMain] DEBUG o.springframework.data.convert.CustomConversions - Adding converter from class [B to class java.util.UUID as reading converter
2026-04-13 19:09:35.993 [restartedMain] DEBUG o.springframework.data.convert.CustomConversions - Adding converter from class java.time.LocalDateTime to class [B as reading converter
2026-04-13 19:09:35.993 [restartedMain] DEBUG o.springframework.data.convert.CustomConversions - Adding converter from class [B to class java.time.LocalDateTime as reading converter
2026-04-13 19:09:35.993 [restartedMain] DEBUG o.springframework.data.convert.CustomConversions - Adding converter from class java.time.LocalDate to class [B as reading converter
2026-04-13 19:09:35.993 [restartedMain] DEBUG o.springframework.data.convert.CustomConversions - Adding converter from class [B to class java.time.LocalDate as reading converter
2026-04-13 19:09:35.994 [restartedMain] DEBUG o.springframework.data.convert.CustomConversions - Adding converter from class java.time.LocalTime to class [B as reading converter
2026-04-13 19:09:35.994 [restartedMain] DEBUG o.springframework.data.convert.CustomConversions - Adding converter from class [B to class java.time.LocalTime as reading converter
2026-04-13 19:09:35.994 [restartedMain] DEBUG o.springframework.data.convert.CustomConversions - Adding converter from class java.time.ZonedDateTime to class [B as reading converter
2026-04-13 19:09:35.994 [restartedMain] DEBUG o.springframework.data.convert.CustomConversions - Adding converter from class [B to class java.time.ZonedDateTime as reading converter
2026-04-13 19:09:35.994 [restartedMain] DEBUG o.springframework.data.convert.CustomConversions - Adding converter from class java.time.Instant to class [B as reading converter
2026-04-13 19:09:35.994 [restartedMain] DEBUG o.springframework.data.convert.CustomConversions - Adding converter from class [B to class java.time.Instant as reading converter
2026-04-13 19:09:35.994 [restartedMain] DEBUG o.springframework.data.convert.CustomConversions - Adding converter from class java.time.ZoneId to class [B as reading converter
2026-04-13 19:09:35.994 [restartedMain] DEBUG o.springframework.data.convert.CustomConversions - Adding converter from class [B to class java.time.ZoneId as reading converter
2026-04-13 19:09:35.994 [restartedMain] DEBUG o.springframework.data.convert.CustomConversions - Adding converter from class java.time.Period to class [B as reading converter
2026-04-13 19:09:35.994 [restartedMain] DEBUG o.springframework.data.convert.CustomConversions - Adding converter from class [B to class java.time.Period as reading converter
2026-04-13 19:09:35.994 [restartedMain] DEBUG o.springframework.data.convert.CustomConversions - Adding converter from class java.time.Duration to class [B as reading converter
2026-04-13 19:09:35.994 [restartedMain] DEBUG o.springframework.data.convert.CustomConversions - Adding converter from class [B to class java.time.Duration as reading converter
2026-04-13 19:09:35.994 [restartedMain] DEBUG o.springframework.data.convert.CustomConversions - Adding converter from class java.time.OffsetDateTime to class [B as reading converter
2026-04-13 19:09:35.994 [restartedMain] DEBUG o.springframework.data.convert.CustomConversions - Adding converter from class [B to class java.time.OffsetDateTime as reading converter
2026-04-13 19:09:35.994 [restartedMain] DEBUG o.springframework.data.convert.CustomConversions - Adding converter from class java.time.OffsetTime to class [B as reading converter
2026-04-13 19:09:35.994 [restartedMain] DEBUG o.springframework.data.convert.CustomConversions - Adding converter from class [B to class java.time.OffsetTime as reading converter
2026-04-13 19:09:35.994 [restartedMain] DEBUG o.springframework.data.convert.CustomConversions - Adding converter from class java.util.Date to class java.time.LocalDateTime as reading converter
2026-04-13 19:09:35.994 [restartedMain] DEBUG o.springframework.data.convert.CustomConversions - Adding converter from class java.time.LocalDateTime to class java.util.Date as writing converter
2026-04-13 19:09:35.994 [restartedMain] DEBUG o.springframework.data.convert.CustomConversions - Adding converter from class java.util.Date to class java.time.LocalDate as reading converter
2026-04-13 19:09:35.994 [restartedMain] DEBUG o.springframework.data.convert.CustomConversions - Adding converter from class java.time.LocalDate to class java.util.Date as writing converter
2026-04-13 19:09:35.994 [restartedMain] DEBUG o.springframework.data.convert.CustomConversions - Adding converter from class java.util.Date to class java.time.LocalTime as reading converter
2026-04-13 19:09:35.994 [restartedMain] DEBUG o.springframework.data.convert.CustomConversions - Adding converter from class java.time.LocalTime to class java.util.Date as writing converter
2026-04-13 19:09:35.994 [restartedMain] DEBUG o.springframework.data.convert.CustomConversions - Adding converter from class java.util.Date to class java.time.Instant as reading converter
2026-04-13 19:09:35.994 [restartedMain] DEBUG o.springframework.data.convert.CustomConversions - Adding converter from class java.time.Instant to class java.util.Date as writing converter
2026-04-13 19:09:35.994 [restartedMain] DEBUG o.springframework.data.convert.CustomConversions - Adding converter from class java.time.LocalDateTime to class java.time.Instant as reading converter
2026-04-13 19:09:35.994 [restartedMain] DEBUG o.springframework.data.convert.CustomConversions - Adding converter from class java.time.Instant to class java.time.LocalDateTime as reading converter
2026-04-13 19:09:35.994 [restartedMain] DEBUG o.springframework.data.convert.CustomConversions - Adding converter from class java.time.ZoneId to class java.lang.String as writing converter
2026-04-13 19:09:35.994 [restartedMain] DEBUG o.springframework.data.convert.CustomConversions - Adding converter from class java.lang.String to class java.time.ZoneId as reading converter
2026-04-13 19:09:35.994 [restartedMain] DEBUG o.springframework.data.convert.CustomConversions - Adding converter from class java.time.Duration to class java.lang.String as writing converter
2026-04-13 19:09:35.994 [restartedMain] DEBUG o.springframework.data.convert.CustomConversions - Adding converter from class java.lang.String to class java.time.Duration as reading converter
2026-04-13 19:09:35.994 [restartedMain] DEBUG o.springframework.data.convert.CustomConversions - Adding converter from class java.time.Period to class java.lang.String as writing converter
2026-04-13 19:09:35.994 [restartedMain] DEBUG o.springframework.data.convert.CustomConversions - Adding converter from class java.lang.String to class java.time.Period as reading converter
2026-04-13 19:09:35.994 [restartedMain] DEBUG o.springframework.data.convert.CustomConversions - Adding converter from class java.lang.String to class java.time.LocalDate as reading converter
2026-04-13 19:09:35.994 [restartedMain] DEBUG o.springframework.data.convert.CustomConversions - Adding converter from class java.lang.String to class java.time.LocalDateTime as reading converter
2026-04-13 19:09:35.994 [restartedMain] DEBUG o.springframework.data.convert.CustomConversions - Adding converter from class java.lang.String to class java.time.Instant as reading converter
2026-04-13 19:09:36.083 [restartedMain] DEBUG o.s.b.factory.support.DefaultListableBeanFactory - Creating shared instance of singleton bean 'org.springframework.security.config.annotation.web.configuration.WebSecurityConfiguration'
2026-04-13 19:09:36.092 [restartedMain] DEBUG o.s.b.factory.support.DefaultListableBeanFactory - Creating shared instance of singleton bean 'org.springframework.security.config.annotation.web.configuration.HttpSecurityConfiguration'
2026-04-13 19:09:36.260 [restartedMain] DEBUG o.s.b.factory.support.DefaultListableBeanFactory - Creating shared instance of singleton bean 'filterChainDecoratorPostProcessor'
2026-04-13 19:09:36.267 [restartedMain] DEBUG o.s.b.factory.support.DefaultListableBeanFactory - Creating shared instance of singleton bean 'mvcHandlerMappingIntrospectorRequestTransformer'
2026-04-13 19:09:36.268 [restartedMain] DEBUG o.s.b.factory.support.DefaultListableBeanFactory - Creating shared instance of singleton bean 'mvcHandlerMappingIntrospector'
2026-04-13 19:09:36.273 [restartedMain] DEBUG o.s.b.factory.support.DefaultListableBeanFactory - Creating shared instance of singleton bean 'welcomePageHandlerMapping'
2026-04-13 19:09:36.273 [restartedMain] DEBUG o.s.b.factory.support.DefaultListableBeanFactory - Autowiring by type from bean name 'welcomePageHandlerMapping' via factory method to bean named 'org.springframework.boot.web.servlet.context.AnnotationConfigServletWebServerApplicationContext@3621edd'
2026-04-13 19:09:36.273 [restartedMain] DEBUG o.s.b.factory.support.DefaultListableBeanFactory - Autowiring by type from bean name 'welcomePageHandlerMapping' via factory method to bean named 'mvcConversionService'
2026-04-13 19:09:36.273 [restartedMain] DEBUG o.s.b.factory.support.DefaultListableBeanFactory - Autowiring by type from bean name 'welcomePageHandlerMapping' via factory method to bean named 'mvcResourceUrlProvider'
2026-04-13 19:09:36.294 [restartedMain] DEBUG o.s.b.factory.support.DefaultListableBeanFactory - Creating shared instance of singleton bean 'welcomePageNotAcceptableHandlerMapping'
2026-04-13 19:09:36.294 [restartedMain] DEBUG o.s.b.factory.support.DefaultListableBeanFactory - Autowiring by type from bean name 'welcomePageNotAcceptableHandlerMapping' via factory method to bean named 'org.springframework.boot.web.servlet.context.AnnotationConfigServletWebServerApplicationContext@3621edd'
2026-04-13 19:09:36.294 [restartedMain] DEBUG o.s.b.factory.support.DefaultListableBeanFactory - Autowiring by type from bean name 'welcomePageNotAcceptableHandlerMapping' via factory method to bean named 'mvcConversionService'
2026-04-13 19:09:36.294 [restartedMain] DEBUG o.s.b.factory.support.DefaultListableBeanFactory - Autowiring by type from bean name 'welcomePageNotAcceptableHandlerMapping' via factory method to bean named 'mvcResourceUrlProvider'
2026-04-13 19:09:36.298 [restartedMain] DEBUG o.s.b.factory.support.DefaultListableBeanFactory - Creating shared instance of singleton bean 'viewControllerHandlerMapping'
2026-04-13 19:09:36.299 [restartedMain] DEBUG o.s.b.factory.support.DefaultListableBeanFactory - Autowiring by type from bean name 'viewControllerHandlerMapping' via factory method to bean named 'mvcConversionService'
2026-04-13 19:09:36.299 [restartedMain] DEBUG o.s.b.factory.support.DefaultListableBeanFactory - Autowiring by type from bean name 'viewControllerHandlerMapping' via factory method to bean named 'mvcResourceUrlProvider'
2026-04-13 19:09:36.301 [restartedMain] DEBUG o.s.b.factory.support.DefaultListableBeanFactory - Creating shared instance of singleton bean 'beanNameHandlerMapping'
2026-04-13 19:09:36.302 [restartedMain] DEBUG o.s.b.factory.support.DefaultListableBeanFactory - Autowiring by type from bean name 'beanNameHandlerMapping' via factory method to bean named 'mvcConversionService'
2026-04-13 19:09:36.302 [restartedMain] DEBUG o.s.b.factory.support.DefaultListableBeanFactory - Autowiring by type from bean name 'beanNameHandlerMapping' via factory method to bean named 'mvcResourceUrlProvider'
2026-04-13 19:09:36.305 [restartedMain] DEBUG _.s.web.servlet.HandlerMapping.Mappings - 'beanNameHandlerMapping' {}
2026-04-13 19:09:36.307 [restartedMain] DEBUG o.s.b.factory.support.DefaultListableBeanFactory - Creating shared instance of singleton bean 'routerFunctionMapping'
2026-04-13 19:09:36.308 [restartedMain] DEBUG o.s.b.factory.support.DefaultListableBeanFactory - Autowiring by type from bean name 'routerFunctionMapping' via factory method to bean named 'mvcConversionService'
2026-04-13 19:09:36.308 [restartedMain] DEBUG o.s.b.factory.support.DefaultListableBeanFactory - Autowiring by type from bean name 'routerFunctionMapping' via factory method to bean named 'mvcResourceUrlProvider'
2026-04-13 19:09:36.321 [restartedMain] DEBUG o.s.b.factory.support.DefaultListableBeanFactory - Creating shared instance of singleton bean 'resourceHandlerMapping'
2026-04-13 19:09:36.322 [restartedMain] DEBUG o.s.b.factory.support.DefaultListableBeanFactory - Autowiring by type from bean name 'resourceHandlerMapping' via factory method to bean named 'mvcContentNegotiationManager'
2026-04-13 19:09:36.322 [restartedMain] DEBUG o.s.b.factory.support.DefaultListableBeanFactory - Autowiring by type from bean name 'resourceHandlerMapping' via factory method to bean named 'mvcConversionService'
2026-04-13 19:09:36.322 [restartedMain] DEBUG o.s.b.factory.support.DefaultListableBeanFactory - Autowiring by type from bean name 'resourceHandlerMapping' via factory method to bean named 'mvcResourceUrlProvider'
2026-04-13 19:09:36.360 [restartedMain] DEBUG _.s.web.servlet.HandlerMapping.Mappings - 'resourceHandlerMapping' {/webjars/**=ResourceHttpRequestHandler [classpath [META-INF/resources/webjars/]], /**=ResourceHttpRequestHandler [classpath [static/]]}
2026-04-13 19:09:36.363 [restartedMain] DEBUG o.s.b.factory.support.DefaultListableBeanFactory - Creating shared instance of singleton bean 'defaultServletHandlerMapping'
2026-04-13 19:09:36.377 [restartedMain] DEBUG o.s.b.factory.support.DefaultListableBeanFactory - Creating shared instance of singleton bean 'filterChain'
2026-04-13 19:09:36.377 [restartedMain] DEBUG o.s.b.factory.support.DefaultListableBeanFactory - Autowiring by type from bean name 'filterChain' via factory method to bean named 'org.springframework.security.config.annotation.web.configuration.HttpSecurityConfiguration.httpSecurity'
2026-04-13 19:09:36.421 [restartedMain] DEBUG o.s.b.factory.support.DefaultListableBeanFactory - Creating shared instance of singleton bean 'webAuthorizationManagerPostProcessor'
2026-04-13 19:09:36.468 [restartedMain] DEBUG o.s.b.factory.support.DefaultListableBeanFactory - Creating shared instance of singleton bean 'authenticationManagerPostProcessor'
2026-04-13 19:09:36.502 [restartedMain] DEBUG o.s.security.web.DefaultSecurityFilterChain - Will secure any request with filters: DisableEncodeUrlFilter, WebAsyncManagerIntegrationFilter, SecurityContextHolderFilter, HeaderWriterFilter, BQAuthenticationFilter, RequestCacheAwareFilter, SecurityContextHolderAwareRequestFilter, AnonymousAuthenticationFilter, SessionManagementFilter, ExceptionTranslationFilter, AuthorizationFilter
2026-04-13 19:09:36.507 [restartedMain] DEBUG o.s.b.factory.support.DefaultListableBeanFactory - Creating shared instance of singleton bean 'delegatingApplicationListener'
2026-04-13 19:09:36.511 [restartedMain] DEBUG o.s.b.factory.support.DefaultListableBeanFactory - Creating shared instance of singleton bean 'springSecurityFilterChain'
2026-04-13 19:09:36.544 [restartedMain] DEBUG o.s.b.factory.support.DefaultListableBeanFactory - Creating shared instance of singleton bean 'webSecurityExpressionHandler'
2026-04-13 19:09:36.546 [restartedMain] DEBUG o.s.b.factory.support.DefaultListableBeanFactory - Creating shared instance of singleton bean 'privilegeEvaluator'
2026-04-13 19:09:36.547 [restartedMain] DEBUG o.s.b.factory.support.DefaultListableBeanFactory - Creating shared instance of singleton bean 'requestDataValueProcessor'
2026-04-13 19:09:36.550 [restartedMain] DEBUG o.s.b.factory.support.DefaultListableBeanFactory - Creating shared instance of singleton bean 'org.springframework.security.config.annotation.web.configuration.ObservationConfiguration'
2026-04-13 19:09:36.550 [restartedMain] DEBUG o.s.b.factory.support.DefaultListableBeanFactory - Creating shared instance of singleton bean 'org.springframework.boot.autoconfigure.context.PropertyPlaceholderAutoConfiguration'
2026-04-13 19:09:36.551 [restartedMain] DEBUG o.s.b.factory.support.DefaultListableBeanFactory - Creating shared instance of singleton bean 'org.springframework.boot.context.properties.EnableConfigurationPropertiesRegistrar.methodValidationExcludeFilter'
2026-04-13 19:09:36.561 [restartedMain] DEBUG o.s.b.factory.support.DefaultListableBeanFactory - Creating shared instance of singleton bean 'org.springframework.boot.autoconfigure.websocket.servlet.WebSocketServletAutoConfiguration'
2026-04-13 19:09:36.562 [restartedMain] DEBUG o.s.b.factory.support.DefaultListableBeanFactory - Creating shared instance of singleton bean 'org.springframework.boot.autoconfigure.web.servlet.DispatcherServletAutoConfiguration'
2026-04-13 19:09:36.562 [restartedMain] DEBUG o.s.b.factory.support.DefaultListableBeanFactory - Creating shared instance of singleton bean 'org.springframework.boot.autoconfigure.task.TaskExecutorConfigurations$ThreadPoolTaskExecutorBuilderConfiguration'
2026-04-13 19:09:36.562 [restartedMain] DEBUG o.s.b.factory.support.DefaultListableBeanFactory - Creating shared instance of singleton bean 'threadPoolTaskExecutorBuilder'
2026-04-13 19:09:36.564 [restartedMain] DEBUG o.s.b.factory.support.DefaultListableBeanFactory - Creating shared instance of singleton bean 'spring.task.execution-org.springframework.boot.autoconfigure.task.TaskExecutionProperties'
2026-04-13 19:09:36.567 [restartedMain] DEBUG o.s.b.factory.support.DefaultListableBeanFactory - Autowiring by type from bean name 'threadPoolTaskExecutorBuilder' via factory method to bean named 'spring.task.execution-org.springframework.boot.autoconfigure.task.TaskExecutionProperties'
2026-04-13 19:09:36.573 [restartedMain] DEBUG o.s.b.factory.support.DefaultListableBeanFactory - Creating shared instance of singleton bean 'org.springframework.boot.autoconfigure.task.TaskExecutorConfigurations$SimpleAsyncTaskExecutorBuilderConfiguration'
2026-04-13 19:09:36.573 [restartedMain] DEBUG o.s.b.factory.support.DefaultListableBeanFactory - Autowiring by type from bean name 'org.springframework.boot.autoconfigure.task.TaskExecutorConfigurations$SimpleAsyncTaskExecutorBuilderConfiguration' via constructor to bean named 'spring.task.execution-org.springframework.boot.autoconfigure.task.TaskExecutionProperties'
2026-04-13 19:09:36.575 [restartedMain] DEBUG o.s.b.factory.support.DefaultListableBeanFactory - Creating shared instance of singleton bean 'simpleAsyncTaskExecutorBuilder'
2026-04-13 19:09:36.575 [restartedMain] DEBUG o.s.b.factory.support.DefaultListableBeanFactory - Creating shared instance of singleton bean 'org.springframework.boot.autoconfigure.task.TaskExecutorConfigurations$TaskExecutorConfiguration'
2026-04-13 19:09:36.575 [restartedMain] DEBUG o.s.b.factory.support.DefaultListableBeanFactory - Creating shared instance of singleton bean 'org.springframework.boot.autoconfigure.task.TaskExecutionAutoConfiguration'
2026-04-13 19:09:36.575 [restartedMain] DEBUG o.s.b.factory.support.DefaultListableBeanFactory - Creating shared instance of singleton bean 'org.springframework.boot.autoconfigure.web.servlet.error.ErrorMvcAutoConfiguration$DefaultErrorViewResolverConfiguration'
2026-04-13 19:09:36.575 [restartedMain] DEBUG o.s.b.factory.support.DefaultListableBeanFactory - Autowiring by type from bean name 'org.springframework.boot.autoconfigure.web.servlet.error.ErrorMvcAutoConfiguration$DefaultErrorViewResolverConfiguration' via constructor to bean named 'org.springframework.boot.web.servlet.context.AnnotationConfigServletWebServerApplicationContext@3621edd'
2026-04-13 19:09:36.575 [restartedMain] DEBUG o.s.b.factory.support.DefaultListableBeanFactory - Autowiring by type from bean name 'org.springframework.boot.autoconfigure.web.servlet.error.ErrorMvcAutoConfiguration$DefaultErrorViewResolverConfiguration' via constructor to bean named 'spring.web-org.springframework.boot.autoconfigure.web.WebProperties'
2026-04-13 19:09:36.575 [restartedMain] DEBUG o.s.b.factory.support.DefaultListableBeanFactory - Creating shared instance of singleton bean 'conventionErrorViewResolver'
2026-04-13 19:09:36.575 [restartedMain] DEBUG o.s.b.factory.support.DefaultListableBeanFactory - Creating shared instance of singleton bean 'errorAttributes'
2026-04-13 19:09:36.575 [restartedMain] DEBUG o.s.b.factory.support.DefaultListableBeanFactory - Creating shared instance of singleton bean 'basicErrorController'
2026-04-13 19:09:36.575 [restartedMain] DEBUG o.s.b.factory.support.DefaultListableBeanFactory - Autowiring by type from bean name 'basicErrorController' via factory method to bean named 'errorAttributes'
2026-04-13 19:09:36.591 [restartedMain] DEBUG o.s.b.factory.support.DefaultListableBeanFactory - Creating shared instance of singleton bean 'localeResolver'
2026-04-13 19:09:36.594 [restartedMain] DEBUG o.s.b.factory.support.DefaultListableBeanFactory - Creating shared instance of singleton bean 'themeResolver'
2026-04-13 19:09:36.596 [restartedMain] DEBUG o.s.b.factory.support.DefaultListableBeanFactory - Creating shared instance of singleton bean 'flashMapManager'
2026-04-13 19:09:36.596 [restartedMain] DEBUG o.s.b.factory.support.DefaultListableBeanFactory - Creating shared instance of singleton bean 'viewNameTranslator'
2026-04-13 19:09:36.608 [restartedMain] DEBUG o.s.b.factory.support.DefaultListableBeanFactory - Creating shared instance of singleton bean 'mvcValidator'
2026-04-13 19:09:36.612 [restartedMain] DEBUG o.s.b.factory.support.DefaultListableBeanFactory - Creating shared instance of singleton bean 'mvcPatternParser'
2026-04-13 19:09:36.614 [restartedMain] DEBUG o.s.b.factory.support.DefaultListableBeanFactory - Creating shared instance of singleton bean 'mvcUrlPathHelper'
2026-04-13 19:09:36.615 [restartedMain] DEBUG o.s.b.factory.support.DefaultListableBeanFactory - Creating shared instance of singleton bean 'mvcPathMatcher'
2026-04-13 19:09:36.618 [restartedMain] DEBUG o.s.b.factory.support.DefaultListableBeanFactory - Creating shared instance of singleton bean 'requestMappingHandlerAdapter'
2026-04-13 19:09:36.618 [restartedMain] DEBUG o.s.b.factory.support.DefaultListableBeanFactory - Autowiring by type from bean name 'requestMappingHandlerAdapter' via factory method to bean named 'mvcContentNegotiationManager'
2026-04-13 19:09:36.618 [restartedMain] DEBUG o.s.b.factory.support.DefaultListableBeanFactory - Autowiring by type from bean name 'requestMappingHandlerAdapter' via factory method to bean named 'mvcConversionService'
2026-04-13 19:09:36.618 [restartedMain] DEBUG o.s.b.factory.support.DefaultListableBeanFactory - Autowiring by type from bean name 'requestMappingHandlerAdapter' via factory method to bean named 'mvcValidator'
2026-04-13 19:09:36.635 [restartedMain] DEBUG o.s.b.factory.support.DefaultListableBeanFactory - Creating shared instance of singleton bean 'applicationTaskExecutor'
2026-04-13 19:09:36.636 [restartedMain] DEBUG o.s.b.factory.support.DefaultListableBeanFactory - Autowiring by type from bean name 'applicationTaskExecutor' via factory method to bean named 'threadPoolTaskExecutorBuilder'
2026-04-13 19:09:36.638 [restartedMain] DEBUG o.s.scheduling.concurrent.ThreadPoolTaskExecutor - Initializing ExecutorService 'applicationTaskExecutor'
2026-04-13 19:09:36.671 [restartedMain] DEBUG o.s.w.s.m.m.a.RequestMappingHandlerAdapter - ControllerAdvice beans: 0 @ModelAttribute, 0 @InitBinder, 1 RequestBodyAdvice, 2 ResponseBodyAdvice
2026-04-13 19:09:36.691 [restartedMain] DEBUG o.s.b.factory.support.DefaultListableBeanFactory - Creating shared instance of singleton bean 'mvcViewResolver'
2026-04-13 19:09:36.691 [restartedMain] DEBUG o.s.b.factory.support.DefaultListableBeanFactory - Autowiring by type from bean name 'mvcViewResolver' via factory method to bean named 'mvcContentNegotiationManager'
2026-04-13 19:09:36.697 [restartedMain] DEBUG o.s.b.factory.support.DefaultListableBeanFactory - Creating shared instance of singleton bean 'defaultViewResolver'
2026-04-13 19:09:36.708 [restartedMain] DEBUG o.s.b.factory.support.DefaultListableBeanFactory - Creating shared instance of singleton bean 'viewResolver'
2026-04-13 19:09:36.709 [restartedMain] DEBUG o.s.b.factory.support.DefaultListableBeanFactory - Autowiring by type from bean name 'viewResolver' via factory method to bean named 'org.springframework.beans.factory.support.DefaultListableBeanFactory@26636e76'
2026-04-13 19:09:36.712 [restartedMain] DEBUG o.s.b.factory.support.DefaultListableBeanFactory - Creating shared instance of singleton bean 'viewResolver'
2026-04-13 19:09:36.713 [restartedMain] DEBUG o.s.b.factory.support.DefaultListableBeanFactory - Creating shared instance of singleton bean 'freeMarkerViewResolver'
2026-04-13 19:09:36.713 [restartedMain] DEBUG o.s.b.factory.support.DefaultListableBeanFactory - Creating shared instance of singleton bean 'org.springframework.boot.autoconfigure.freemarker.FreeMarkerServletWebConfiguration'
2026-04-13 19:09:36.715 [restartedMain] DEBUG o.s.b.factory.support.DefaultListableBeanFactory - Creating shared instance of singleton bean 'spring.freemarker-org.springframework.boot.autoconfigure.freemarker.FreeMarkerProperties'
2026-04-13 19:09:36.718 [restartedMain] DEBUG o.s.b.factory.support.DefaultListableBeanFactory - Autowiring by type from bean name 'org.springframework.boot.autoconfigure.freemarker.FreeMarkerServletWebConfiguration' via constructor to bean named 'spring.freemarker-org.springframework.boot.autoconfigure.freemarker.FreeMarkerProperties'
2026-04-13 19:09:36.718 [restartedMain] DEBUG o.s.b.factory.support.DefaultListableBeanFactory - Creating shared instance of singleton bean 'thymeleafViewResolver'
2026-04-13 19:09:36.718 [restartedMain] DEBUG o.s.b.factory.support.DefaultListableBeanFactory - Creating shared instance of singleton bean 'org.springframework.boot.autoconfigure.thymeleaf.ThymeleafAutoConfiguration$ThymeleafWebMvcConfiguration$ThymeleafViewResolverConfiguration'
2026-04-13 19:09:36.718 [restartedMain] DEBUG o.s.b.factory.support.DefaultListableBeanFactory - Creating shared instance of singleton bean 'spring.thymeleaf-org.springframework.boot.autoconfigure.thymeleaf.ThymeleafProperties'
2026-04-13 19:09:36.733 [restartedMain] DEBUG o.s.b.factory.support.DefaultListableBeanFactory - Creating shared instance of singleton bean 'templateEngine'
2026-04-13 19:09:36.733 [restartedMain] DEBUG o.s.b.factory.support.DefaultListableBeanFactory - Creating shared instance of singleton bean 'org.springframework.boot.autoconfigure.thymeleaf.TemplateEngineConfigurations$DefaultTemplateEngineConfiguration'
2026-04-13 19:09:36.734 [restartedMain] DEBUG o.s.b.factory.support.DefaultListableBeanFactory - Autowiring by type from bean name 'templateEngine' via factory method to bean named 'spring.thymeleaf-org.springframework.boot.autoconfigure.thymeleaf.ThymeleafProperties'
2026-04-13 19:09:36.759 [restartedMain] DEBUG o.s.b.factory.support.DefaultListableBeanFactory - Creating shared instance of singleton bean 'defaultTemplateResolver'
2026-04-13 19:09:36.759 [restartedMain] DEBUG o.s.b.factory.support.DefaultListableBeanFactory - Creating shared instance of singleton bean 'org.springframework.boot.autoconfigure.thymeleaf.ThymeleafAutoConfiguration$DefaultTemplateResolverConfiguration'
2026-04-13 19:09:36.759 [restartedMain] DEBUG o.s.b.factory.support.DefaultListableBeanFactory - Autowiring by type from bean name 'org.springframework.boot.autoconfigure.thymeleaf.ThymeleafAutoConfiguration$DefaultTemplateResolverConfiguration' via constructor to bean named 'spring.thymeleaf-org.springframework.boot.autoconfigure.thymeleaf.ThymeleafProperties'
2026-04-13 19:09:36.759 [restartedMain] DEBUG o.s.b.factory.support.DefaultListableBeanFactory - Autowiring by type from bean name 'org.springframework.boot.autoconfigure.thymeleaf.ThymeleafAutoConfiguration$DefaultTemplateResolverConfiguration' via constructor to bean named 'org.springframework.boot.web.servlet.context.AnnotationConfigServletWebServerApplicationContext@3621edd'
2026-04-13 19:09:36.763 [restartedMain] DEBUG o.s.b.factory.support.DefaultListableBeanFactory - Autowiring by type from bean name 'thymeleafViewResolver' via factory method to bean named 'spring.thymeleaf-org.springframework.boot.autoconfigure.thymeleaf.ThymeleafProperties'
2026-04-13 19:09:36.763 [restartedMain] DEBUG o.s.b.factory.support.DefaultListableBeanFactory - Autowiring by type from bean name 'thymeleafViewResolver' via factory method to bean named 'templateEngine'
2026-04-13 19:09:36.780 [restartedMain] DEBUG o.s.b.factory.support.DefaultListableBeanFactory - Creating shared instance of singleton bean 'handlerFunctionAdapter'
2026-04-13 19:09:36.780 [restartedMain] DEBUG o.s.b.factory.support.DefaultListableBeanFactory - Creating shared instance of singleton bean 'mvcUriComponentsContributor'
2026-04-13 19:09:36.780 [restartedMain] DEBUG o.s.b.factory.support.DefaultListableBeanFactory - Autowiring by type from bean name 'mvcUriComponentsContributor' via factory method to bean named 'mvcConversionService'
2026-04-13 19:09:36.780 [restartedMain] DEBUG o.s.b.factory.support.DefaultListableBeanFactory - Autowiring by type from bean name 'mvcUriComponentsContributor' via factory method to bean named 'requestMappingHandlerAdapter'
2026-04-13 19:09:36.797 [restartedMain] DEBUG o.s.b.factory.support.DefaultListableBeanFactory - Creating shared instance of singleton bean 'httpRequestHandlerAdapter'
2026-04-13 19:09:36.798 [restartedMain] DEBUG o.s.b.factory.support.DefaultListableBeanFactory - Creating shared instance of singleton bean 'simpleControllerHandlerAdapter'
2026-04-13 19:09:36.800 [restartedMain] DEBUG o.s.b.factory.support.DefaultListableBeanFactory - Creating shared instance of singleton bean 'org.springframework.boot.autoconfigure.jdbc.DataSourceJmxConfiguration$Hikari'
2026-04-13 19:09:36.801 [restartedMain] DEBUG o.s.b.factory.support.DefaultListableBeanFactory - Autowiring by type from bean name 'org.springframework.boot.autoconfigure.jdbc.DataSourceJmxConfiguration$Hikari' via constructor to bean named 'dataSource'
2026-04-13 19:09:36.802 [restartedMain] DEBUG o.s.b.factory.support.DefaultListableBeanFactory - Creating shared instance of singleton bean 'org.springframework.boot.autoconfigure.jdbc.DataSourceJmxConfiguration'
2026-04-13 19:09:36.802 [restartedMain] DEBUG o.s.b.factory.support.DefaultListableBeanFactory - Creating shared instance of singleton bean 'org.springframework.boot.autoconfigure.jdbc.metadata.DataSourcePoolMetadataProvidersConfiguration$HikariPoolDataSourceMetadataProviderConfiguration'
2026-04-13 19:09:36.803 [restartedMain] DEBUG o.s.b.factory.support.DefaultListableBeanFactory - Creating shared instance of singleton bean 'hikariPoolDataSourceMetadataProvider'
2026-04-13 19:09:36.807 [restartedMain] DEBUG o.s.b.factory.support.DefaultListableBeanFactory - Creating shared instance of singleton bean 'org.springframework.boot.autoconfigure.jdbc.metadata.DataSourcePoolMetadataProvidersConfiguration'
2026-04-13 19:09:36.808 [restartedMain] DEBUG o.s.b.factory.support.DefaultListableBeanFactory - Creating shared instance of singleton bean 'org.springframework.boot.autoconfigure.jdbc.DataSourceAutoConfiguration'
2026-04-13 19:09:36.808 [restartedMain] DEBUG o.s.b.factory.support.DefaultListableBeanFactory - Creating shared instance of singleton bean 'com.baomidou.mybatisplus.autoconfigure.MybatisPlusAutoConfiguration$MapperScannerRegistrarNotFoundConfiguration'
2026-04-13 19:09:36.808 [restartedMain] DEBUG c.b.m.autoconfigure.MybatisPlusAutoConfiguration - Not found configuration for registering mapper bean using @MapperScan, MapperFactoryBean and MapperScannerConfigurer.
2026-04-13 19:09:36.808 [restartedMain] DEBUG o.s.b.factory.support.DefaultListableBeanFactory - Creating shared instance of singleton bean 'ddlApplicationRunner'
2026-04-13 19:09:36.811 [restartedMain] DEBUG o.s.b.factory.support.DefaultListableBeanFactory - Creating shared instance of singleton bean 'org.springframework.boot.autoconfigure.aop.AopAutoConfiguration$AspectJAutoProxyingConfiguration$CglibAutoProxyConfiguration'
2026-04-13 19:09:36.812 [restartedMain] DEBUG o.s.b.factory.support.DefaultListableBeanFactory - Creating shared instance of singleton bean 'org.springframework.boot.autoconfigure.aop.AopAutoConfiguration$AspectJAutoProxyingConfiguration'
2026-04-13 19:09:36.812 [restartedMain] DEBUG o.s.b.factory.support.DefaultListableBeanFactory - Creating shared instance of singleton bean 'org.springframework.boot.autoconfigure.aop.AopAutoConfiguration'
2026-04-13 19:09:36.812 [restartedMain] DEBUG o.s.b.factory.support.DefaultListableBeanFactory - Creating shared instance of singleton bean 'org.springframework.boot.autoconfigure.availability.ApplicationAvailabilityAutoConfiguration'
2026-04-13 19:09:36.813 [restartedMain] DEBUG o.s.b.factory.support.DefaultListableBeanFactory - Creating shared instance of singleton bean 'applicationAvailability'
2026-04-13 19:09:36.817 [restartedMain] DEBUG o.s.b.factory.support.DefaultListableBeanFactory - Creating shared instance of singleton bean 'stringRedisTemplate'
2026-04-13 19:09:36.818 [restartedMain] DEBUG o.s.b.factory.support.DefaultListableBeanFactory - Autowiring by type from bean name 'stringRedisTemplate' via factory method to bean named 'redisConnectionFactory'
2026-04-13 19:09:36.821 [restartedMain] DEBUG o.s.b.factory.support.DefaultListableBeanFactory - Creating shared instance of singleton bean 'org.springframework.boot.autoconfigure.jackson.JacksonAutoConfiguration$Jackson2ObjectMapperBuilderCustomizerConfiguration'
2026-04-13 19:09:36.821 [restartedMain] DEBUG o.s.b.factory.support.DefaultListableBeanFactory - Creating shared instance of singleton bean 'standardJacksonObjectMapperBuilderCustomizer'
2026-04-13 19:09:36.822 [restartedMain] DEBUG o.s.b.factory.support.DefaultListableBeanFactory - Creating shared instance of singleton bean 'spring.jackson-org.springframework.boot.autoconfigure.jackson.JacksonProperties'
2026-04-13 19:09:36.826 [restartedMain] DEBUG o.s.b.factory.support.DefaultListableBeanFactory - Autowiring by type from bean name 'standardJacksonObjectMapperBuilderCustomizer' via factory method to bean named 'spring.jackson-org.springframework.boot.autoconfigure.jackson.JacksonProperties'
2026-04-13 19:09:36.826 [restartedMain] DEBUG o.s.b.factory.support.DefaultListableBeanFactory - Creating shared instance of singleton bean 'parameterNamesModule'
2026-04-13 19:09:36.826 [restartedMain] DEBUG o.s.b.factory.support.DefaultListableBeanFactory - Creating shared instance of singleton bean 'org.springframework.boot.autoconfigure.jackson.JacksonAutoConfiguration$ParameterNamesModuleConfiguration'
2026-04-13 19:09:36.826 [restartedMain] DEBUG o.s.b.factory.support.DefaultListableBeanFactory - Creating shared instance of singleton bean 'jsonMixinModule'
2026-04-13 19:09:36.826 [restartedMain] DEBUG o.s.b.factory.support.DefaultListableBeanFactory - Creating shared instance of singleton bean 'org.springframework.boot.autoconfigure.jackson.JacksonAutoConfiguration$JacksonMixinConfiguration'
2026-04-13 19:09:36.842 [restartedMain] DEBUG o.s.b.factory.support.DefaultListableBeanFactory - Creating shared instance of singleton bean 'jsonMixinModuleEntries'
2026-04-13 19:09:36.843 [restartedMain] DEBUG o.s.b.factory.support.DefaultListableBeanFactory - Autowiring by type from bean name 'jsonMixinModuleEntries' via factory method to bean named 'org.springframework.boot.web.servlet.context.AnnotationConfigServletWebServerApplicationContext@3621edd'
2026-04-13 19:09:36.853 [restartedMain] DEBUG o.s.b.factory.support.DefaultListableBeanFactory - Autowiring by type from bean name 'jsonMixinModule' via factory method to bean named 'org.springframework.boot.web.servlet.context.AnnotationConfigServletWebServerApplicationContext@3621edd'
2026-04-13 19:09:36.853 [restartedMain] DEBUG o.s.b.factory.support.DefaultListableBeanFactory - Autowiring by type from bean name 'jsonMixinModule' via factory method to bean named 'jsonMixinModuleEntries'
2026-04-13 19:09:36.856 [restartedMain] DEBUG o.s.b.factory.support.DefaultListableBeanFactory - Creating shared instance of singleton bean 'jsonComponentModule'
2026-04-13 19:09:36.856 [restartedMain] DEBUG o.s.b.factory.support.DefaultListableBeanFactory - Creating shared instance of singleton bean 'org.springframework.boot.autoconfigure.jackson.JacksonAutoConfiguration'
2026-04-13 19:09:36.863 [restartedMain] DEBUG o.s.b.factory.support.DefaultListableBeanFactory - Creating shared instance of singleton bean 'jacksonGeoModule'
2026-04-13 19:09:36.863 [restartedMain] DEBUG o.s.b.factory.support.DefaultListableBeanFactory - Creating shared instance of singleton bean 'org.springframework.data.web.config.SpringDataJacksonConfiguration'
2026-04-13 19:09:36.866 [restartedMain] DEBUG o.s.b.factory.support.DefaultListableBeanFactory - Creating shared instance of singleton bean 'springDataWebSettings'
2026-04-13 19:09:36.874 [restartedMain] DEBUG o.s.b.factory.support.DefaultListableBeanFactory - Creating shared instance of singleton bean 'pageModule'
2026-04-13 19:09:36.879 [restartedMain] DEBUG o.s.b.factory.support.DefaultListableBeanFactory - Creating shared instance of singleton bean 'org.springframework.boot.autoconfigure.jackson.JacksonAutoConfiguration$JacksonObjectMapperBuilderConfiguration'
2026-04-13 19:09:36.880 [restartedMain] DEBUG o.s.b.factory.support.DefaultListableBeanFactory - Creating shared instance of singleton bean 'org.springframework.boot.autoconfigure.jackson.JacksonAutoConfiguration$JacksonObjectMapperConfiguration'
2026-04-13 19:09:36.880 [restartedMain] DEBUG o.s.b.factory.support.DefaultListableBeanFactory - Creating shared instance of singleton bean 'org.springframework.boot.autoconfigure.transaction.TransactionManagerCustomizationAutoConfiguration'
2026-04-13 19:09:36.881 [restartedMain] DEBUG o.s.b.factory.support.DefaultListableBeanFactory - Creating shared instance of singleton bean 'platformTransactionManagerCustomizers'
2026-04-13 19:09:36.882 [restartedMain] DEBUG o.s.b.factory.support.DefaultListableBeanFactory - Creating shared instance of singleton bean 'transactionExecutionListeners'
2026-04-13 19:09:36.885 [restartedMain] DEBUG o.s.b.factory.support.DefaultListableBeanFactory - Creating shared instance of singleton bean 'spring.transaction-org.springframework.boot.autoconfigure.transaction.TransactionProperties'
2026-04-13 19:09:36.889 [restartedMain] DEBUG o.s.b.factory.support.DefaultListableBeanFactory - Creating shared instance of singleton bean 'org.springframework.boot.autoconfigure.context.ConfigurationPropertiesAutoConfiguration'
2026-04-13 19:09:36.890 [restartedMain] DEBUG o.s.b.factory.support.DefaultListableBeanFactory - Creating shared instance of singleton bean 'org.springframework.boot.autoconfigure.context.LifecycleAutoConfiguration'
2026-04-13 19:09:36.891 [restartedMain] DEBUG o.s.b.factory.support.DefaultListableBeanFactory - Creating shared instance of singleton bean 'lifecycleProcessor'
2026-04-13 19:09:36.892 [restartedMain] DEBUG o.s.b.factory.support.DefaultListableBeanFactory - Creating shared instance of singleton bean 'spring.lifecycle-org.springframework.boot.autoconfigure.context.LifecycleProperties'
2026-04-13 19:09:36.893 [restartedMain] DEBUG o.s.b.factory.support.DefaultListableBeanFactory - Autowiring by type from bean name 'lifecycleProcessor' via factory method to bean named 'spring.lifecycle-org.springframework.boot.autoconfigure.context.LifecycleProperties'
2026-04-13 19:09:36.893 [restartedMain] DEBUG o.s.b.factory.support.DefaultListableBeanFactory - Creating shared instance of singleton bean 'org.springframework.boot.autoconfigure.dao.PersistenceExceptionTranslationAutoConfiguration'
2026-04-13 19:09:36.893 [restartedMain] DEBUG o.s.b.factory.support.DefaultListableBeanFactory - Creating shared instance of singleton bean 'org.springframework.boot.autoconfigure.elasticsearch.ElasticsearchRestClientAutoConfiguration'
2026-04-13 19:09:36.893 [restartedMain] DEBUG o.s.b.factory.support.DefaultListableBeanFactory - Creating shared instance of singleton bean 'org.springframework.boot.autoconfigure.elasticsearch.ElasticsearchClientConfigurations$JsonpMapperConfiguration'
2026-04-13 19:09:36.893 [restartedMain] DEBUG o.s.b.factory.support.DefaultListableBeanFactory - Creating shared instance of singleton bean 'org.springframework.boot.autoconfigure.elasticsearch.ElasticsearchClientAutoConfiguration'
2026-04-13 19:09:36.893 [restartedMain] DEBUG o.s.b.factory.support.DefaultListableBeanFactory - Creating shared instance of singleton bean 'org.springframework.boot.autoconfigure.elasticsearch.ReactiveElasticsearchClientAutoConfiguration'
2026-04-13 19:09:36.893 [restartedMain] DEBUG o.s.b.factory.support.DefaultListableBeanFactory - Creating shared instance of singleton bean 'reactiveElasticsearchClient'
2026-04-13 19:09:36.893 [restartedMain] DEBUG o.s.b.factory.support.DefaultListableBeanFactory - Autowiring by type from bean name 'reactiveElasticsearchClient' via factory method to bean named 'restClientTransport'
2026-04-13 19:09:36.917 [restartedMain] DEBUG o.s.b.factory.support.DefaultListableBeanFactory - Creating shared instance of singleton bean 'org.springframework.boot.autoconfigure.data.elasticsearch.ElasticsearchDataConfiguration$BaseConfiguration'
2026-04-13 19:09:36.917 [restartedMain] DEBUG o.s.b.factory.support.DefaultListableBeanFactory - Creating shared instance of singleton bean 'elasticsearchCustomConversions'
2026-04-13 19:09:36.971 [restartedMain] DEBUG o.springframework.data.convert.CustomConversions - Adding converter from class org.springframework.data.geo.Point to interface java.util.Map as writing converter
2026-04-13 19:09:36.971 [restartedMain] DEBUG o.springframework.data.convert.CustomConversions - Adding converter from interface java.util.Map to class org.springframework.data.geo.Point as reading converter
2026-04-13 19:09:36.971 [restartedMain] DEBUG o.springframework.data.convert.CustomConversions - Adding converter from class org.springframework.data.elasticsearch.core.geo.GeoPoint to interface java.util.Map as writing converter
2026-04-13 19:09:36.971 [restartedMain] DEBUG o.springframework.data.convert.CustomConversions - Adding converter from interface java.util.Map to class org.springframework.data.elasticsearch.core.geo.GeoPoint as reading converter
2026-04-13 19:09:36.971 [restartedMain] DEBUG o.springframework.data.convert.CustomConversions - Adding converter from interface org.springframework.data.elasticsearch.core.geo.GeoJson to interface java.util.Map as writing converter
2026-04-13 19:09:36.971 [restartedMain] DEBUG o.springframework.data.convert.CustomConversions - Adding converter from interface java.util.Map to interface org.springframework.data.elasticsearch.core.geo.GeoJson as reading converter
2026-04-13 19:09:36.971 [restartedMain] DEBUG o.springframework.data.convert.CustomConversions - Adding converter from class org.springframework.data.elasticsearch.core.geo.GeoJsonPoint to interface java.util.Map as writing converter
2026-04-13 19:09:36.971 [restartedMain] DEBUG o.springframework.data.convert.CustomConversions - Adding converter from interface java.util.Map to class org.springframework.data.elasticsearch.core.geo.GeoJsonPoint as reading converter
2026-04-13 19:09:36.971 [restartedMain] DEBUG o.springframework.data.convert.CustomConversions - Adding converter from class org.springframework.data.elasticsearch.core.geo.GeoJsonMultiPoint to interface java.util.Map as writing converter
2026-04-13 19:09:36.971 [restartedMain] DEBUG o.springframework.data.convert.CustomConversions - Adding converter from interface java.util.Map to class org.springframework.data.elasticsearch.core.geo.GeoJsonMultiPoint as reading converter
2026-04-13 19:09:36.971 [restartedMain] DEBUG o.springframework.data.convert.CustomConversions - Adding converter from class org.springframework.data.elasticsearch.core.geo.GeoJsonLineString to interface java.util.Map as writing converter
2026-04-13 19:09:36.971 [restartedMain] DEBUG o.springframework.data.convert.CustomConversions - Adding converter from interface java.util.Map to class org.springframework.data.elasticsearch.core.geo.GeoJsonLineString as reading converter
2026-04-13 19:09:36.971 [restartedMain] DEBUG o.springframework.data.convert.CustomConversions - Adding converter from class org.springframework.data.elasticsearch.core.geo.GeoJsonMultiLineString to interface java.util.Map as writing converter
2026-04-13 19:09:36.971 [restartedMain] DEBUG o.springframework.data.convert.CustomConversions - Adding converter from interface java.util.Map to class org.springframework.data.elasticsearch.core.geo.GeoJsonMultiLineString as reading converter
2026-04-13 19:09:36.971 [restartedMain] DEBUG o.springframework.data.convert.CustomConversions - Adding converter from class org.springframework.data.elasticsearch.core.geo.GeoJsonPolygon to interface java.util.Map as writing converter
2026-04-13 19:09:36.971 [restartedMain] DEBUG o.springframework.data.convert.CustomConversions - Adding converter from interface java.util.Map to class org.springframework.data.elasticsearch.core.geo.GeoJsonPolygon as reading converter
2026-04-13 19:09:36.971 [restartedMain] DEBUG o.springframework.data.convert.CustomConversions - Adding converter from class org.springframework.data.elasticsearch.core.geo.GeoJsonMultiPolygon to interface java.util.Map as writing converter
2026-04-13 19:09:36.971 [restartedMain] DEBUG o.springframework.data.convert.CustomConversions - Adding converter from interface java.util.Map to class org.springframework.data.elasticsearch.core.geo.GeoJsonMultiPolygon as reading converter
2026-04-13 19:09:36.971 [restartedMain] DEBUG o.springframework.data.convert.CustomConversions - Adding converter from class org.springframework.data.elasticsearch.core.geo.GeoJsonGeometryCollection to interface java.util.Map as writing converter
2026-04-13 19:09:36.971 [restartedMain] DEBUG o.springframework.data.convert.CustomConversions - Adding converter from interface java.util.Map to class org.springframework.data.elasticsearch.core.geo.GeoJsonGeometryCollection as reading converter
2026-04-13 19:09:36.971 [restartedMain] DEBUG o.springframework.data.convert.CustomConversions - Adding converter from class java.lang.String to class java.util.UUID as reading converter
2026-04-13 19:09:36.971 [restartedMain] DEBUG o.springframework.data.convert.CustomConversions - Adding converter from class java.util.UUID to class java.lang.String as writing converter
2026-04-13 19:09:36.971 [restartedMain] DEBUG o.springframework.data.convert.CustomConversions - Adding converter from class java.math.BigDecimal to class java.lang.Double as writing converter
2026-04-13 19:09:36.971 [restartedMain] DEBUG o.springframework.data.convert.CustomConversions - Adding converter from class java.lang.Double to class java.math.BigDecimal as reading converter
2026-04-13 19:09:36.971 [restartedMain] DEBUG o.springframework.data.convert.CustomConversions - Adding converter from class [B to class java.lang.String as writing converter
2026-04-13 19:09:36.971 [restartedMain] DEBUG o.springframework.data.convert.CustomConversions - Adding converter from class java.lang.String to class [B as reading converter
2026-04-13 19:09:36.971 [restartedMain] DEBUG o.springframework.data.convert.CustomConversions - Adding converter from class java.util.Date to class java.time.LocalDateTime as reading converter
2026-04-13 19:09:36.971 [restartedMain] DEBUG o.springframework.data.convert.CustomConversions - Adding converter from class java.time.LocalDateTime to class java.util.Date as writing converter
2026-04-13 19:09:36.971 [restartedMain] DEBUG o.springframework.data.convert.CustomConversions - Adding converter from class java.util.Date to class java.time.LocalDate as reading converter
2026-04-13 19:09:36.971 [restartedMain] DEBUG o.springframework.data.convert.CustomConversions - Adding converter from class java.time.LocalDate to class java.util.Date as writing converter
2026-04-13 19:09:36.971 [restartedMain] DEBUG o.springframework.data.convert.CustomConversions - Adding converter from class java.util.Date to class java.time.LocalTime as reading converter
2026-04-13 19:09:36.971 [restartedMain] DEBUG o.springframework.data.convert.CustomConversions - Adding converter from class java.time.LocalTime to class java.util.Date as writing converter
2026-04-13 19:09:36.971 [restartedMain] DEBUG o.springframework.data.convert.CustomConversions - Adding converter from class java.util.Date to class java.time.Instant as reading converter
2026-04-13 19:09:36.971 [restartedMain] DEBUG o.springframework.data.convert.CustomConversions - Adding converter from class java.time.Instant to class java.util.Date as writing converter
2026-04-13 19:09:36.971 [restartedMain] DEBUG o.springframework.data.convert.CustomConversions - Adding converter from class java.time.LocalDateTime to class java.time.Instant as reading converter
2026-04-13 19:09:36.971 [restartedMain] DEBUG o.springframework.data.convert.CustomConversions - Adding converter from class java.time.Instant to class java.time.LocalDateTime as reading converter
2026-04-13 19:09:36.971 [restartedMain] DEBUG o.springframework.data.convert.CustomConversions - Adding converter from class java.time.ZoneId to class java.lang.String as writing converter
2026-04-13 19:09:36.971 [restartedMain] DEBUG o.springframework.data.convert.CustomConversions - Adding converter from class java.lang.String to class java.time.ZoneId as reading converter
2026-04-13 19:09:36.971 [restartedMain] DEBUG o.springframework.data.convert.CustomConversions - Adding converter from class java.time.Duration to class java.lang.String as writing converter
2026-04-13 19:09:36.971 [restartedMain] DEBUG o.springframework.data.convert.CustomConversions - Adding converter from class java.lang.String to class java.time.Duration as reading converter
2026-04-13 19:09:36.971 [restartedMain] DEBUG o.springframework.data.convert.CustomConversions - Adding converter from class java.time.Period to class java.lang.String as writing converter
2026-04-13 19:09:36.971 [restartedMain] DEBUG o.springframework.data.convert.CustomConversions - Adding converter from class java.lang.String to class java.time.Period as reading converter
2026-04-13 19:09:36.971 [restartedMain] DEBUG o.springframework.data.convert.CustomConversions - Adding converter from class java.lang.String to class java.time.LocalDate as reading converter
2026-04-13 19:09:36.971 [restartedMain] DEBUG o.springframework.data.convert.CustomConversions - Adding converter from class java.lang.String to class java.time.LocalDateTime as reading converter
2026-04-13 19:09:36.971 [restartedMain] DEBUG o.springframework.data.convert.CustomConversions - Adding converter from class java.lang.String to class java.time.Instant as reading converter
2026-04-13 19:09:36.981 [restartedMain] DEBUG o.s.b.factory.support.DefaultListableBeanFactory - Creating shared instance of singleton bean 'elasticsearchMappingContext'
2026-04-13 19:09:36.981 [restartedMain] DEBUG o.s.b.factory.support.DefaultListableBeanFactory - Autowiring by type from bean name 'elasticsearchMappingContext' via factory method to bean named 'org.springframework.boot.web.servlet.context.AnnotationConfigServletWebServerApplicationContext@3621edd'
2026-04-13 19:09:36.981 [restartedMain] DEBUG o.s.b.factory.support.DefaultListableBeanFactory - Autowiring by type from bean name 'elasticsearchMappingContext' via factory method to bean named 'elasticsearchCustomConversions'
2026-04-13 19:09:36.993 [restartedMain] DEBUG o.s.c.a.ClassPathScanningCandidateComponentProvider - Identified candidate component class: file [D:\Wcke\000SourceCode\IDEAProjects\Clinic-Server\target\classes\com\qkplm\clinic\clinicserver\entity\fulltext\BqRecordFullTextEntity.class]
2026-04-13 19:09:37.054 [restartedMain] DEBUG o.springframework.beans.CachedIntrospectionResults - Not strongly caching class [com.qkplm.clinic.clinicserver.entity.fulltext.BqRecordFullTextEntity] because it is not cache-safe
2026-04-13 19:09:37.072 [restartedMain] DEBUG o.s.b.factory.support.DefaultListableBeanFactory - Creating shared instance of singleton bean 'liveReloadServerEventListener'
2026-04-13 19:09:37.072 [restartedMain] DEBUG o.s.b.factory.support.DefaultListableBeanFactory - Creating shared instance of singleton bean 'org.springframework.boot.devtools.autoconfigure.LocalDevToolsAutoConfiguration$LiveReloadConfiguration'
2026-04-13 19:09:37.074 [restartedMain] DEBUG o.s.b.factory.support.DefaultListableBeanFactory - Creating shared instance of singleton bean 'optionalLiveReloadServer'
2026-04-13 19:09:37.076 [restartedMain] DEBUG o.s.b.factory.support.DefaultListableBeanFactory - Creating shared instance of singleton bean 'spring.devtools-org.springframework.boot.devtools.autoconfigure.DevToolsProperties'
2026-04-13 19:09:37.076 [restartedMain] DEBUG o.s.b.factory.support.DefaultListableBeanFactory - Autowiring by type from bean name 'liveReloadServer' via factory method to bean named 'spring.devtools-org.springframework.boot.devtools.autoconfigure.DevToolsProperties'
2026-04-13 19:09:37.076 [restartedMain] DEBUG o.s.b.factory.support.DefaultListableBeanFactory - Autowiring by type from bean name 'optionalLiveReloadServer' via factory method to bean named 'liveReloadServer'
2026-04-13 19:09:37.076 [restartedMain] DEBUG o.s.boot.devtools.livereload.LiveReloadServer - Starting live reload server on port 35729
2026-04-13 19:09:37.095 [restartedMain] DEBUG o.s.b.factory.support.DefaultListableBeanFactory - Autowiring by type from bean name 'liveReloadServerEventListener' via factory method to bean named 'optionalLiveReloadServer'
2026-04-13 19:09:37.096 [restartedMain] DEBUG o.s.b.factory.support.DefaultListableBeanFactory - Creating shared instance of singleton bean 'elasticsearchConverter'
2026-04-13 19:09:37.096 [restartedMain] DEBUG o.s.b.factory.support.DefaultListableBeanFactory - Autowiring by type from bean name 'elasticsearchConverter' via factory method to bean named 'elasticsearchMappingContext'
2026-04-13 19:09:37.096 [restartedMain] DEBUG o.s.b.factory.support.DefaultListableBeanFactory - Autowiring by type from bean name 'elasticsearchConverter' via factory method to bean named 'elasticsearchCustomConversions'
2026-04-13 19:09:37.106 [restartedMain] DEBUG o.springframework.data.convert.CustomConversions - Adding converter from class org.springframework.data.geo.Point to interface java.util.Map as writing converter
2026-04-13 19:09:37.106 [restartedMain] DEBUG o.springframework.data.convert.CustomConversions - Adding converter from interface java.util.Map to class org.springframework.data.geo.Point as reading converter
2026-04-13 19:09:37.106 [restartedMain] DEBUG o.springframework.data.convert.CustomConversions - Adding converter from class org.springframework.data.elasticsearch.core.geo.GeoPoint to interface java.util.Map as writing converter
2026-04-13 19:09:37.106 [restartedMain] DEBUG o.springframework.data.convert.CustomConversions - Adding converter from interface java.util.Map to class org.springframework.data.elasticsearch.core.geo.GeoPoint as reading converter
2026-04-13 19:09:37.106 [restartedMain] DEBUG o.springframework.data.convert.CustomConversions - Adding converter from interface org.springframework.data.elasticsearch.core.geo.GeoJson to interface java.util.Map as writing converter
2026-04-13 19:09:37.106 [restartedMain] DEBUG o.springframework.data.convert.CustomConversions - Adding converter from interface java.util.Map to interface org.springframework.data.elasticsearch.core.geo.GeoJson as reading converter
2026-04-13 19:09:37.106 [restartedMain] DEBUG o.springframework.data.convert.CustomConversions - Adding converter from class org.springframework.data.elasticsearch.core.geo.GeoJsonPoint to interface java.util.Map as writing converter
2026-04-13 19:09:37.106 [restartedMain] DEBUG o.springframework.data.convert.CustomConversions - Adding converter from interface java.util.Map to class org.springframework.data.elasticsearch.core.geo.GeoJsonPoint as reading converter
2026-04-13 19:09:37.106 [restartedMain] DEBUG o.springframework.data.convert.CustomConversions - Adding converter from class org.springframework.data.elasticsearch.core.geo.GeoJsonMultiPoint to interface java.util.Map as writing converter
2026-04-13 19:09:37.106 [restartedMain] DEBUG o.springframework.data.convert.CustomConversions - Adding converter from interface java.util.Map to class org.springframework.data.elasticsearch.core.geo.GeoJsonMultiPoint as reading converter
2026-04-13 19:09:37.106 [restartedMain] DEBUG o.springframework.data.convert.CustomConversions - Adding converter from class org.springframework.data.elasticsearch.core.geo.GeoJsonLineString to interface java.util.Map as writing converter
2026-04-13 19:09:37.106 [restartedMain] DEBUG o.springframework.data.convert.CustomConversions - Adding converter from interface java.util.Map to class org.springframework.data.elasticsearch.core.geo.GeoJsonLineString as reading converter
2026-04-13 19:09:37.106 [restartedMain] DEBUG o.springframework.data.convert.CustomConversions - Adding converter from class org.springframework.data.elasticsearch.core.geo.GeoJsonMultiLineString to interface java.util.Map as writing converter
2026-04-13 19:09:37.106 [restartedMain] DEBUG o.springframework.data.convert.CustomConversions - Adding converter from interface java.util.Map to class org.springframework.data.elasticsearch.core.geo.GeoJsonMultiLineString as reading converter
2026-04-13 19:09:37.106 [restartedMain] DEBUG o.springframework.data.convert.CustomConversions - Adding converter from class org.springframework.data.elasticsearch.core.geo.GeoJsonPolygon to interface java.util.Map as writing converter
2026-04-13 19:09:37.106 [restartedMain] DEBUG o.springframework.data.convert.CustomConversions - Adding converter from interface java.util.Map to class org.springframework.data.elasticsearch.core.geo.GeoJsonPolygon as reading converter
2026-04-13 19:09:37.107 [restartedMain] DEBUG o.springframework.data.convert.CustomConversions - Adding converter from class org.springframework.data.elasticsearch.core.geo.GeoJsonMultiPolygon to interface java.util.Map as writing converter
2026-04-13 19:09:37.107 [restartedMain] DEBUG o.springframework.data.convert.CustomConversions - Adding converter from interface java.util.Map to class org.springframework.data.elasticsearch.core.geo.GeoJsonMultiPolygon as reading converter
2026-04-13 19:09:37.107 [restartedMain] DEBUG o.springframework.data.convert.CustomConversions - Adding converter from class org.springframework.data.elasticsearch.core.geo.GeoJsonGeometryCollection to interface java.util.Map as writing converter
2026-04-13 19:09:37.107 [restartedMain] DEBUG o.springframework.data.convert.CustomConversions - Adding converter from interface java.util.Map to class org.springframework.data.elasticsearch.core.geo.GeoJsonGeometryCollection as reading converter
2026-04-13 19:09:37.107 [restartedMain] DEBUG o.springframework.data.convert.CustomConversions - Adding converter from class java.lang.String to class java.util.UUID as reading converter
2026-04-13 19:09:37.107 [restartedMain] DEBUG o.springframework.data.convert.CustomConversions - Adding converter from class java.util.UUID to class java.lang.String as writing converter
2026-04-13 19:09:37.107 [restartedMain] DEBUG o.springframework.data.convert.CustomConversions - Adding converter from class java.math.BigDecimal to class java.lang.Double as writing converter
2026-04-13 19:09:37.107 [restartedMain] DEBUG o.springframework.data.convert.CustomConversions - Adding converter from class java.lang.Double to class java.math.BigDecimal as reading converter
2026-04-13 19:09:37.107 [restartedMain] DEBUG o.springframework.data.convert.CustomConversions - Adding converter from class [B to class java.lang.String as writing converter
2026-04-13 19:09:37.107 [restartedMain] DEBUG o.springframework.data.convert.CustomConversions - Adding converter from class java.lang.String to class [B as reading converter
2026-04-13 19:09:37.107 [restartedMain] DEBUG o.springframework.data.convert.CustomConversions - Adding converter from class java.util.Date to class java.time.LocalDateTime as reading converter
2026-04-13 19:09:37.107 [restartedMain] DEBUG o.springframework.data.convert.CustomConversions - Adding converter from class java.time.LocalDateTime to class java.util.Date as writing converter
2026-04-13 19:09:37.107 [restartedMain] DEBUG o.springframework.data.convert.CustomConversions - Adding converter from class java.util.Date to class java.time.LocalDate as reading converter
2026-04-13 19:09:37.107 [restartedMain] DEBUG o.springframework.data.convert.CustomConversions - Adding converter from class java.time.LocalDate to class java.util.Date as writing converter
2026-04-13 19:09:37.107 [restartedMain] DEBUG o.springframework.data.convert.CustomConversions - Adding converter from class java.util.Date to class java.time.LocalTime as reading converter
2026-04-13 19:09:37.107 [restartedMain] DEBUG o.springframework.data.convert.CustomConversions - Adding converter from class java.time.LocalTime to class java.util.Date as writing converter
2026-04-13 19:09:37.107 [restartedMain] DEBUG o.springframework.data.convert.CustomConversions - Adding converter from class java.util.Date to class java.time.Instant as reading converter
2026-04-13 19:09:37.107 [restartedMain] DEBUG o.springframework.data.convert.CustomConversions - Adding converter from class java.time.Instant to class java.util.Date as writing converter
2026-04-13 19:09:37.107 [restartedMain] DEBUG o.springframework.data.convert.CustomConversions - Adding converter from class java.time.LocalDateTime to class java.time.Instant as reading converter
2026-04-13 19:09:37.107 [restartedMain] DEBUG o.springframework.data.convert.CustomConversions - Adding converter from class java.time.Instant to class java.time.LocalDateTime as reading converter
2026-04-13 19:09:37.107 [restartedMain] DEBUG o.springframework.data.convert.CustomConversions - Adding converter from class java.time.ZoneId to class java.lang.String as writing converter
2026-04-13 19:09:37.107 [restartedMain] DEBUG o.springframework.data.convert.CustomConversions - Adding converter from class java.lang.String to class java.time.ZoneId as reading converter
2026-04-13 19:09:37.107 [restartedMain] DEBUG o.springframework.data.convert.CustomConversions - Adding converter from class java.time.Duration to class java.lang.String as writing converter
2026-04-13 19:09:37.107 [restartedMain] DEBUG o.springframework.data.convert.CustomConversions - Adding converter from class java.lang.String to class java.time.Duration as reading converter
2026-04-13 19:09:37.107 [restartedMain] DEBUG o.springframework.data.convert.CustomConversions - Adding converter from class java.time.Period to class java.lang.String as writing converter
2026-04-13 19:09:37.107 [restartedMain] DEBUG o.springframework.data.convert.CustomConversions - Adding converter from class java.lang.String to class java.time.Period as reading converter
2026-04-13 19:09:37.108 [restartedMain] DEBUG o.springframework.data.convert.CustomConversions - Adding converter from class java.lang.String to class java.time.LocalDate as reading converter
2026-04-13 19:09:37.108 [restartedMain] DEBUG o.springframework.data.convert.CustomConversions - Adding converter from class java.lang.String to class java.time.LocalDateTime as reading converter
2026-04-13 19:09:37.108 [restartedMain] DEBUG o.springframework.data.convert.CustomConversions - Adding converter from class java.lang.String to class java.time.Instant as reading converter
2026-04-13 19:09:37.119 [restartedMain] DEBUG o.s.b.factory.support.DefaultListableBeanFactory - Creating shared instance of singleton bean 'org.springframework.boot.autoconfigure.data.elasticsearch.ElasticsearchDataConfiguration$JavaClientConfiguration'
2026-04-13 19:09:37.120 [restartedMain] DEBUG o.s.b.factory.support.DefaultListableBeanFactory - Creating shared instance of singleton bean 'elasticsearchTemplate'
2026-04-13 19:09:37.120 [restartedMain] DEBUG o.s.b.factory.support.DefaultListableBeanFactory - Autowiring by type from bean name 'elasticsearchTemplate' via factory method to bean named 'elasticsearchClient'
2026-04-13 19:09:37.121 [restartedMain] DEBUG o.s.b.factory.support.DefaultListableBeanFactory - Autowiring by type from bean name 'elasticsearchTemplate' via factory method to bean named 'elasticsearchConverter'
2026-04-13 19:09:37.160 [restartedMain] DEBUG o.s.b.factory.support.DefaultListableBeanFactory - Creating shared instance of singleton bean 'org.springframework.boot.autoconfigure.data.elasticsearch.ElasticsearchDataConfiguration$ReactiveRestClientConfiguration'
2026-04-13 19:09:37.160 [restartedMain] DEBUG o.s.b.factory.support.DefaultListableBeanFactory - Creating shared instance of singleton bean 'reactiveElasticsearchTemplate'
2026-04-13 19:09:37.160 [restartedMain] DEBUG o.s.b.factory.support.DefaultListableBeanFactory - Autowiring by type from bean name 'reactiveElasticsearchTemplate' via factory method to bean named 'reactiveElasticsearchClient'
2026-04-13 19:09:37.160 [restartedMain] DEBUG o.s.b.factory.support.DefaultListableBeanFactory - Autowiring by type from bean name 'reactiveElasticsearchTemplate' via factory method to bean named 'elasticsearchConverter'
2026-04-13 19:09:37.183 [restartedMain] DEBUG o.s.b.factory.support.DefaultListableBeanFactory - Creating shared instance of singleton bean 'org.springframework.boot.autoconfigure.data.elasticsearch.ElasticsearchDataAutoConfiguration'
2026-04-13 19:09:37.183 [restartedMain] DEBUG o.s.b.factory.support.DefaultListableBeanFactory - Creating shared instance of singleton bean 'org.springframework.boot.autoconfigure.data.elasticsearch.ElasticsearchRepositoriesAutoConfiguration'
2026-04-13 19:09:37.183 [restartedMain] DEBUG o.s.b.factory.support.DefaultListableBeanFactory - Creating shared instance of singleton bean 'data-elasticsearch.repository-aot-processor#0'
2026-04-13 19:09:37.187 [restartedMain] DEBUG o.s.b.factory.support.DefaultListableBeanFactory - Creating shared instance of singleton bean 'org.springframework.boot.autoconfigure.data.elasticsearch.ReactiveElasticsearchRepositoriesAutoConfiguration'
2026-04-13 19:09:37.188 [restartedMain] DEBUG o.s.b.factory.support.DefaultListableBeanFactory - Creating shared instance of singleton bean 'data-reactive-elasticsearch.repository-aot-processor#0'
2026-04-13 19:09:37.188 [restartedMain] DEBUG o.s.b.factory.support.DefaultListableBeanFactory - Creating shared instance of singleton bean 'org.springframework.boot.autoconfigure.data.redis.RedisReactiveAutoConfiguration'
2026-04-13 19:09:37.188 [restartedMain] DEBUG o.s.b.factory.support.DefaultListableBeanFactory - Creating shared instance of singleton bean 'reactiveRedisTemplate'
2026-04-13 19:09:37.189 [restartedMain] DEBUG o.s.b.factory.support.DefaultListableBeanFactory - Autowiring by type from bean name 'reactiveRedisTemplate' via factory method to bean named 'redisConnectionFactory'
2026-04-13 19:09:37.189 [restartedMain] DEBUG o.s.b.factory.support.DefaultListableBeanFactory - Autowiring by type from bean name 'reactiveRedisTemplate' via factory method to bean named 'org.springframework.boot.web.servlet.context.AnnotationConfigServletWebServerApplicationContext@3621edd'
2026-04-13 19:09:37.239 [restartedMain] DEBUG o.s.b.factory.support.DefaultListableBeanFactory - Creating shared instance of singleton bean 'reactiveStringRedisTemplate'
2026-04-13 19:09:37.240 [restartedMain] DEBUG o.s.b.factory.support.DefaultListableBeanFactory - Autowiring by type from bean name 'reactiveStringRedisTemplate' via factory method to bean named 'redisConnectionFactory'
2026-04-13 19:09:37.241 [restartedMain] DEBUG o.s.b.factory.support.DefaultListableBeanFactory - Creating shared instance of singleton bean 'org.springframework.boot.autoconfigure.data.redis.RedisRepositoriesAutoConfiguration'
2026-04-13 19:09:37.241 [restartedMain] DEBUG o.s.b.factory.support.DefaultListableBeanFactory - Creating shared instance of singleton bean 'redisIndexConfiguration#0'
2026-04-13 19:09:37.242 [restartedMain] DEBUG o.s.b.factory.support.DefaultListableBeanFactory - Creating shared instance of singleton bean 'redisKeyspaceConfiguration#0'
2026-04-13 19:09:37.242 [restartedMain] DEBUG o.s.b.factory.support.DefaultListableBeanFactory - Creating shared instance of singleton bean 'redisMappingConfiguration#0'
2026-04-13 19:09:37.243 [restartedMain] DEBUG o.s.b.factory.support.DefaultListableBeanFactory - Creating shared instance of singleton bean 'keyValueMappingContext'
2026-04-13 19:09:37.246 [restartedMain] DEBUG o.s.b.factory.support.DefaultListableBeanFactory - Creating shared instance of singleton bean 'redisCustomConversions'
2026-04-13 19:09:37.246 [restartedMain] DEBUG o.springframework.data.convert.CustomConversions - Adding converter from class java.lang.String to class [B as writing converter
2026-04-13 19:09:37.246 [restartedMain] DEBUG o.springframework.data.convert.CustomConversions - Adding converter from class [B to class java.lang.String as reading converter
2026-04-13 19:09:37.246 [restartedMain] DEBUG o.springframework.data.convert.CustomConversions - Adding converter from class java.lang.Number to class [B as writing converter
2026-04-13 19:09:37.246 [restartedMain] DEBUG o.springframework.data.convert.CustomConversions - Adding converter from class [B to class java.lang.Number as reading converter
2026-04-13 19:09:37.246 [restartedMain] DEBUG o.springframework.data.convert.CustomConversions - Adding converter from class java.lang.Enum to class [B as writing converter
2026-04-13 19:09:37.246 [restartedMain] DEBUG o.springframework.data.convert.CustomConversions - Adding converter from class [B to class java.lang.Enum as reading converter
2026-04-13 19:09:37.246 [restartedMain] DEBUG o.springframework.data.convert.CustomConversions - Adding converter from class java.lang.Boolean to class [B as writing converter
2026-04-13 19:09:37.246 [restartedMain] DEBUG o.springframework.data.convert.CustomConversions - Adding converter from class [B to class java.lang.Boolean as reading converter
2026-04-13 19:09:37.246 [restartedMain] DEBUG o.springframework.data.convert.CustomConversions - Adding converter from class java.util.Date to class [B as writing converter
2026-04-13 19:09:37.246 [restartedMain] DEBUG o.springframework.data.convert.CustomConversions - Adding converter from class [B to class java.util.Date as reading converter
2026-04-13 19:09:37.246 [restartedMain] DEBUG o.springframework.data.convert.CustomConversions - Adding converter from class java.util.UUID to class [B as writing converter
2026-04-13 19:09:37.246 [restartedMain] DEBUG o.springframework.data.convert.CustomConversions - Adding converter from class [B to class java.util.UUID as reading converter
2026-04-13 19:09:37.246 [restartedMain] DEBUG o.springframework.data.convert.CustomConversions - Adding converter from class java.time.LocalDateTime to class [B as reading converter
2026-04-13 19:09:37.246 [restartedMain] DEBUG o.springframework.data.convert.CustomConversions - Adding converter from class [B to class java.time.LocalDateTime as reading converter
2026-04-13 19:09:37.246 [restartedMain] DEBUG o.springframework.data.convert.CustomConversions - Adding converter from class java.time.LocalDate to class [B as reading converter
2026-04-13 19:09:37.246 [restartedMain] DEBUG o.springframework.data.convert.CustomConversions - Adding converter from class [B to class java.time.LocalDate as reading converter
2026-04-13 19:09:37.246 [restartedMain] DEBUG o.springframework.data.convert.CustomConversions - Adding converter from class java.time.LocalTime to class [B as reading converter
2026-04-13 19:09:37.246 [restartedMain] DEBUG o.springframework.data.convert.CustomConversions - Adding converter from class [B to class java.time.LocalTime as reading converter
2026-04-13 19:09:37.246 [restartedMain] DEBUG o.springframework.data.convert.CustomConversions - Adding converter from class java.time.ZonedDateTime to class [B as reading converter
2026-04-13 19:09:37.246 [restartedMain] DEBUG o.springframework.data.convert.CustomConversions - Adding converter from class [B to class java.time.ZonedDateTime as reading converter
2026-04-13 19:09:37.246 [restartedMain] DEBUG o.springframework.data.convert.CustomConversions - Adding converter from class java.time.Instant to class [B as reading converter
2026-04-13 19:09:37.246 [restartedMain] DEBUG o.springframework.data.convert.CustomConversions - Adding converter from class [B to class java.time.Instant as reading converter
2026-04-13 19:09:37.246 [restartedMain] DEBUG o.springframework.data.convert.CustomConversions - Adding converter from class java.time.ZoneId to class [B as reading converter
2026-04-13 19:09:37.246 [restartedMain] DEBUG o.springframework.data.convert.CustomConversions - Adding converter from class [B to class java.time.ZoneId as reading converter
2026-04-13 19:09:37.246 [restartedMain] DEBUG o.springframework.data.convert.CustomConversions - Adding converter from class java.time.Period to class [B as reading converter
2026-04-13 19:09:37.246 [restartedMain] DEBUG o.springframework.data.convert.CustomConversions - Adding converter from class [B to class java.time.Period as reading converter
2026-04-13 19:09:37.246 [restartedMain] DEBUG o.springframework.data.convert.CustomConversions - Adding converter from class java.time.Duration to class [B as reading converter
2026-04-13 19:09:37.246 [restartedMain] DEBUG o.springframework.data.convert.CustomConversions - Adding converter from class [B to class java.time.Duration as reading converter
2026-04-13 19:09:37.246 [restartedMain] DEBUG o.springframework.data.convert.CustomConversions - Adding converter from class java.time.OffsetDateTime to class [B as reading converter
2026-04-13 19:09:37.246 [restartedMain] DEBUG o.springframework.data.convert.CustomConversions - Adding converter from class [B to class java.time.OffsetDateTime as reading converter
2026-04-13 19:09:37.246 [restartedMain] DEBUG o.springframework.data.convert.CustomConversions - Adding converter from class java.time.OffsetTime to class [B as reading converter
2026-04-13 19:09:37.246 [restartedMain] DEBUG o.springframework.data.convert.CustomConversions - Adding converter from class [B to class java.time.OffsetTime as reading converter
2026-04-13 19:09:37.246 [restartedMain] DEBUG o.springframework.data.convert.CustomConversions - Adding converter from class java.util.Date to class java.time.LocalDateTime as reading converter
2026-04-13 19:09:37.246 [restartedMain] DEBUG o.springframework.data.convert.CustomConversions - Adding converter from class java.time.LocalDateTime to class java.util.Date as writing converter
2026-04-13 19:09:37.246 [restartedMain] DEBUG o.springframework.data.convert.CustomConversions - Adding converter from class java.util.Date to class java.time.LocalDate as reading converter
2026-04-13 19:09:37.246 [restartedMain] DEBUG o.springframework.data.convert.CustomConversions - Adding converter from class java.time.LocalDate to class java.util.Date as writing converter
2026-04-13 19:09:37.246 [restartedMain] DEBUG o.springframework.data.convert.CustomConversions - Adding converter from class java.util.Date to class java.time.LocalTime as reading converter
2026-04-13 19:09:37.247 [restartedMain] DEBUG o.springframework.data.convert.CustomConversions - Adding converter from class java.time.LocalTime to class java.util.Date as writing converter
2026-04-13 19:09:37.247 [restartedMain] DEBUG o.springframework.data.convert.CustomConversions - Adding converter from class java.util.Date to class java.time.Instant as reading converter
2026-04-13 19:09:37.247 [restartedMain] DEBUG o.springframework.data.convert.CustomConversions - Adding converter from class java.time.Instant to class java.util.Date as writing converter
2026-04-13 19:09:37.247 [restartedMain] DEBUG o.springframework.data.convert.CustomConversions - Adding converter from class java.time.LocalDateTime to class java.time.Instant as reading converter
2026-04-13 19:09:37.247 [restartedMain] DEBUG o.springframework.data.convert.CustomConversions - Adding converter from class java.time.Instant to class java.time.LocalDateTime as reading converter
2026-04-13 19:09:37.247 [restartedMain] DEBUG o.springframework.data.convert.CustomConversions - Adding converter from class java.time.ZoneId to class java.lang.String as writing converter
2026-04-13 19:09:37.247 [restartedMain] DEBUG o.springframework.data.convert.CustomConversions - Adding converter from class java.lang.String to class java.time.ZoneId as reading converter
2026-04-13 19:09:37.247 [restartedMain] DEBUG o.springframework.data.convert.CustomConversions - Adding converter from class java.time.Duration to class java.lang.String as writing converter
2026-04-13 19:09:37.247 [restartedMain] DEBUG o.springframework.data.convert.CustomConversions - Adding converter from class java.lang.String to class java.time.Duration as reading converter
2026-04-13 19:09:37.247 [restartedMain] DEBUG o.springframework.data.convert.CustomConversions - Adding converter from class java.time.Period to class java.lang.String as writing converter
2026-04-13 19:09:37.247 [restartedMain] DEBUG o.springframework.data.convert.CustomConversions - Adding converter from class java.lang.String to class java.time.Period as reading converter
2026-04-13 19:09:37.247 [restartedMain] DEBUG o.springframework.data.convert.CustomConversions - Adding converter from class java.lang.String to class java.time.LocalDate as reading converter
2026-04-13 19:09:37.247 [restartedMain] DEBUG o.springframework.data.convert.CustomConversions - Adding converter from class java.lang.String to class java.time.LocalDateTime as reading converter
2026-04-13 19:09:37.247 [restartedMain] DEBUG o.springframework.data.convert.CustomConversions - Adding converter from class java.lang.String to class java.time.Instant as reading converter
2026-04-13 19:09:37.247 [restartedMain] DEBUG o.s.b.factory.support.DefaultListableBeanFactory - Creating shared instance of singleton bean 'redisReferenceResolver'
2026-04-13 19:09:37.248 [restartedMain] DEBUG o.s.b.factory.support.DefaultListableBeanFactory - Creating shared instance of singleton bean 'redisConverter'
2026-04-13 19:09:37.249 [restartedMain] DEBUG o.springframework.data.convert.CustomConversions - Adding converter from class java.lang.String to class [B as writing converter
2026-04-13 19:09:37.249 [restartedMain] DEBUG o.springframework.data.convert.CustomConversions - Adding converter from class [B to class java.lang.String as reading converter
2026-04-13 19:09:37.249 [restartedMain] DEBUG o.springframework.data.convert.CustomConversions - Adding converter from class java.lang.Number to class [B as writing converter
2026-04-13 19:09:37.249 [restartedMain] DEBUG o.springframework.data.convert.CustomConversions - Adding converter from class [B to class java.lang.Number as reading converter
2026-04-13 19:09:37.249 [restartedMain] DEBUG o.springframework.data.convert.CustomConversions - Adding converter from class java.lang.Enum to class [B as writing converter
2026-04-13 19:09:37.249 [restartedMain] DEBUG o.springframework.data.convert.CustomConversions - Adding converter from class [B to class java.lang.Enum as reading converter
2026-04-13 19:09:37.249 [restartedMain] DEBUG o.springframework.data.convert.CustomConversions - Adding converter from class java.lang.Boolean to class [B as writing converter
2026-04-13 19:09:37.249 [restartedMain] DEBUG o.springframework.data.convert.CustomConversions - Adding converter from class [B to class java.lang.Boolean as reading converter
2026-04-13 19:09:37.249 [restartedMain] DEBUG o.springframework.data.convert.CustomConversions - Adding converter from class java.util.Date to class [B as writing converter
2026-04-13 19:09:37.249 [restartedMain] DEBUG o.springframework.data.convert.CustomConversions - Adding converter from class [B to class java.util.Date as reading converter
2026-04-13 19:09:37.249 [restartedMain] DEBUG o.springframework.data.convert.CustomConversions - Adding converter from class java.util.UUID to class [B as writing converter
2026-04-13 19:09:37.249 [restartedMain] DEBUG o.springframework.data.convert.CustomConversions - Adding converter from class [B to class java.util.UUID as reading converter
2026-04-13 19:09:37.249 [restartedMain] DEBUG o.springframework.data.convert.CustomConversions - Adding converter from class java.time.LocalDateTime to class [B as reading converter
2026-04-13 19:09:37.249 [restartedMain] DEBUG o.springframework.data.convert.CustomConversions - Adding converter from class [B to class java.time.LocalDateTime as reading converter
2026-04-13 19:09:37.249 [restartedMain] DEBUG o.springframework.data.convert.CustomConversions - Adding converter from class java.time.LocalDate to class [B as reading converter
2026-04-13 19:09:37.249 [restartedMain] DEBUG o.springframework.data.convert.CustomConversions - Adding converter from class [B to class java.time.LocalDate as reading converter
2026-04-13 19:09:37.249 [restartedMain] DEBUG o.springframework.data.convert.CustomConversions - Adding converter from class java.time.LocalTime to class [B as reading converter
2026-04-13 19:09:37.249 [restartedMain] DEBUG o.springframework.data.convert.CustomConversions - Adding converter from class [B to class java.time.LocalTime as reading converter
2026-04-13 19:09:37.249 [restartedMain] DEBUG o.springframework.data.convert.CustomConversions - Adding converter from class java.time.ZonedDateTime to class [B as reading converter
2026-04-13 19:09:37.249 [restartedMain] DEBUG o.springframework.data.convert.CustomConversions - Adding converter from class [B to class java.time.ZonedDateTime as reading converter
2026-04-13 19:09:37.249 [restartedMain] DEBUG o.springframework.data.convert.CustomConversions - Adding converter from class java.time.Instant to class [B as reading converter
2026-04-13 19:09:37.249 [restartedMain] DEBUG o.springframework.data.convert.CustomConversions - Adding converter from class [B to class java.time.Instant as reading converter
2026-04-13 19:09:37.249 [restartedMain] DEBUG o.springframework.data.convert.CustomConversions - Adding converter from class java.time.ZoneId to class [B as reading converter
2026-04-13 19:09:37.249 [restartedMain] DEBUG o.springframework.data.convert.CustomConversions - Adding converter from class [B to class java.time.ZoneId as reading converter
2026-04-13 19:09:37.249 [restartedMain] DEBUG o.springframework.data.convert.CustomConversions - Adding converter from class java.time.Period to class [B as reading converter
2026-04-13 19:09:37.249 [restartedMain] DEBUG o.springframework.data.convert.CustomConversions - Adding converter from class [B to class java.time.Period as reading converter
2026-04-13 19:09:37.249 [restartedMain] DEBUG o.springframework.data.convert.CustomConversions - Adding converter from class java.time.Duration to class [B as reading converter
2026-04-13 19:09:37.249 [restartedMain] DEBUG o.springframework.data.convert.CustomConversions - Adding converter from class [B to class java.time.Duration as reading converter
2026-04-13 19:09:37.249 [restartedMain] DEBUG o.springframework.data.convert.CustomConversions - Adding converter from class java.time.OffsetDateTime to class [B as reading converter
2026-04-13 19:09:37.249 [restartedMain] DEBUG o.springframework.data.convert.CustomConversions - Adding converter from class [B to class java.time.OffsetDateTime as reading converter
2026-04-13 19:09:37.249 [restartedMain] DEBUG o.springframework.data.convert.CustomConversions - Adding converter from class java.time.OffsetTime to class [B as reading converter
2026-04-13 19:09:37.250 [restartedMain] DEBUG o.springframework.data.convert.CustomConversions - Adding converter from class [B to class java.time.OffsetTime as reading converter
2026-04-13 19:09:37.250 [restartedMain] DEBUG o.springframework.data.convert.CustomConversions - Adding converter from class java.util.Date to class java.time.LocalDateTime as reading converter
2026-04-13 19:09:37.250 [restartedMain] DEBUG o.springframework.data.convert.CustomConversions - Adding converter from class java.time.LocalDateTime to class java.util.Date as writing converter
2026-04-13 19:09:37.250 [restartedMain] DEBUG o.springframework.data.convert.CustomConversions - Adding converter from class java.util.Date to class java.time.LocalDate as reading converter
2026-04-13 19:09:37.250 [restartedMain] DEBUG o.springframework.data.convert.CustomConversions - Adding converter from class java.time.LocalDate to class java.util.Date as writing converter
2026-04-13 19:09:37.250 [restartedMain] DEBUG o.springframework.data.convert.CustomConversions - Adding converter from class java.util.Date to class java.time.LocalTime as reading converter
2026-04-13 19:09:37.250 [restartedMain] DEBUG o.springframework.data.convert.CustomConversions - Adding converter from class java.time.LocalTime to class java.util.Date as writing converter
2026-04-13 19:09:37.250 [restartedMain] DEBUG o.springframework.data.convert.CustomConversions - Adding converter from class java.util.Date to class java.time.Instant as reading converter
2026-04-13 19:09:37.250 [restartedMain] DEBUG o.springframework.data.convert.CustomConversions - Adding converter from class java.time.Instant to class java.util.Date as writing converter
2026-04-13 19:09:37.250 [restartedMain] DEBUG o.springframework.data.convert.CustomConversions - Adding converter from class java.time.LocalDateTime to class java.time.Instant as reading converter
2026-04-13 19:09:37.250 [restartedMain] DEBUG o.springframework.data.convert.CustomConversions - Adding converter from class java.time.Instant to class java.time.LocalDateTime as reading converter
2026-04-13 19:09:37.250 [restartedMain] DEBUG o.springframework.data.convert.CustomConversions - Adding converter from class java.time.ZoneId to class java.lang.String as writing converter
2026-04-13 19:09:37.250 [restartedMain] DEBUG o.springframework.data.convert.CustomConversions - Adding converter from class java.lang.String to class java.time.ZoneId as reading converter
2026-04-13 19:09:37.250 [restartedMain] DEBUG o.springframework.data.convert.CustomConversions - Adding converter from class java.time.Duration to class java.lang.String as writing converter
2026-04-13 19:09:37.250 [restartedMain] DEBUG o.springframework.data.convert.CustomConversions - Adding converter from class java.lang.String to class java.time.Duration as reading converter
2026-04-13 19:09:37.250 [restartedMain] DEBUG o.springframework.data.convert.CustomConversions - Adding converter from class java.time.Period to class java.lang.String as writing converter
2026-04-13 19:09:37.250 [restartedMain] DEBUG o.springframework.data.convert.CustomConversions - Adding converter from class java.lang.String to class java.time.Period as reading converter
2026-04-13 19:09:37.250 [restartedMain] DEBUG o.springframework.data.convert.CustomConversions - Adding converter from class java.lang.String to class java.time.LocalDate as reading converter
2026-04-13 19:09:37.250 [restartedMain] DEBUG o.springframework.data.convert.CustomConversions - Adding converter from class java.lang.String to class java.time.LocalDateTime as reading converter
2026-04-13 19:09:37.250 [restartedMain] DEBUG o.springframework.data.convert.CustomConversions - Adding converter from class java.lang.String to class java.time.Instant as reading converter
2026-04-13 19:09:37.250 [restartedMain] DEBUG o.springframework.data.convert.CustomConversions - Adding converter from class java.lang.String to class [B as writing converter
2026-04-13 19:09:37.250 [restartedMain] DEBUG o.springframework.data.convert.CustomConversions - Adding converter from class [B to class java.lang.String as reading converter
2026-04-13 19:09:37.250 [restartedMain] DEBUG o.springframework.data.convert.CustomConversions - Adding converter from class java.lang.Number to class [B as writing converter
2026-04-13 19:09:37.250 [restartedMain] DEBUG o.springframework.data.convert.CustomConversions - Adding converter from class [B to class java.lang.Number as reading converter
2026-04-13 19:09:37.250 [restartedMain] DEBUG o.springframework.data.convert.CustomConversions - Adding converter from class java.lang.Enum to class [B as writing converter
2026-04-13 19:09:37.250 [restartedMain] DEBUG o.springframework.data.convert.CustomConversions - Adding converter from class [B to class java.lang.Enum as reading converter
2026-04-13 19:09:37.250 [restartedMain] DEBUG o.springframework.data.convert.CustomConversions - Adding converter from class java.lang.Boolean to class [B as writing converter
2026-04-13 19:09:37.250 [restartedMain] DEBUG o.springframework.data.convert.CustomConversions - Adding converter from class [B to class java.lang.Boolean as reading converter
2026-04-13 19:09:37.250 [restartedMain] DEBUG o.springframework.data.convert.CustomConversions - Adding converter from class java.util.Date to class [B as writing converter
2026-04-13 19:09:37.250 [restartedMain] DEBUG o.springframework.data.convert.CustomConversions - Adding converter from class [B to class java.util.Date as reading converter
2026-04-13 19:09:37.250 [restartedMain] DEBUG o.springframework.data.convert.CustomConversions - Adding converter from class java.util.UUID to class [B as writing converter
2026-04-13 19:09:37.250 [restartedMain] DEBUG o.springframework.data.convert.CustomConversions - Adding converter from class [B to class java.util.UUID as reading converter
2026-04-13 19:09:37.250 [restartedMain] DEBUG o.springframework.data.convert.CustomConversions - Adding converter from class java.time.LocalDateTime to class [B as reading converter
2026-04-13 19:09:37.250 [restartedMain] DEBUG o.springframework.data.convert.CustomConversions - Adding converter from class [B to class java.time.LocalDateTime as reading converter
2026-04-13 19:09:37.250 [restartedMain] DEBUG o.springframework.data.convert.CustomConversions - Adding converter from class java.time.LocalDate to class [B as reading converter
2026-04-13 19:09:37.250 [restartedMain] DEBUG o.springframework.data.convert.CustomConversions - Adding converter from class [B to class java.time.LocalDate as reading converter
2026-04-13 19:09:37.250 [restartedMain] DEBUG o.springframework.data.convert.CustomConversions - Adding converter from class java.time.LocalTime to class [B as reading converter
2026-04-13 19:09:37.250 [restartedMain] DEBUG o.springframework.data.convert.CustomConversions - Adding converter from class [B to class java.time.LocalTime as reading converter
2026-04-13 19:09:37.250 [restartedMain] DEBUG o.springframework.data.convert.CustomConversions - Adding converter from class java.time.ZonedDateTime to class [B as reading converter
2026-04-13 19:09:37.250 [restartedMain] DEBUG o.springframework.data.convert.CustomConversions - Adding converter from class [B to class java.time.ZonedDateTime as reading converter
2026-04-13 19:09:37.250 [restartedMain] DEBUG o.springframework.data.convert.CustomConversions - Adding converter from class java.time.Instant to class [B as reading converter
2026-04-13 19:09:37.250 [restartedMain] DEBUG o.springframework.data.convert.CustomConversions - Adding converter from class [B to class java.time.Instant as reading converter
2026-04-13 19:09:37.250 [restartedMain] DEBUG o.springframework.data.convert.CustomConversions - Adding converter from class java.time.ZoneId to class [B as reading converter
2026-04-13 19:09:37.250 [restartedMain] DEBUG o.springframework.data.convert.CustomConversions - Adding converter from class [B to class java.time.ZoneId as reading converter
2026-04-13 19:09:37.250 [restartedMain] DEBUG o.springframework.data.convert.CustomConversions - Adding converter from class java.time.Period to class [B as reading converter
2026-04-13 19:09:37.250 [restartedMain] DEBUG o.springframework.data.convert.CustomConversions - Adding converter from class [B to class java.time.Period as reading converter
2026-04-13 19:09:37.250 [restartedMain] DEBUG o.springframework.data.convert.CustomConversions - Adding converter from class java.time.Duration to class [B as reading converter
2026-04-13 19:09:37.250 [restartedMain] DEBUG o.springframework.data.convert.CustomConversions - Adding converter from class [B to class java.time.Duration as reading converter
2026-04-13 19:09:37.250 [restartedMain] DEBUG o.springframework.data.convert.CustomConversions - Adding converter from class java.time.OffsetDateTime to class [B as reading converter
2026-04-13 19:09:37.250 [restartedMain] DEBUG o.springframework.data.convert.CustomConversions - Adding converter from class [B to class java.time.OffsetDateTime as reading converter
2026-04-13 19:09:37.250 [restartedMain] DEBUG o.springframework.data.convert.CustomConversions - Adding converter from class java.time.OffsetTime to class [B as reading converter
2026-04-13 19:09:37.250 [restartedMain] DEBUG o.springframework.data.convert.CustomConversions - Adding converter from class [B to class java.time.OffsetTime as reading converter
2026-04-13 19:09:37.250 [restartedMain] DEBUG o.springframework.data.convert.CustomConversions - Adding converter from class java.util.Date to class java.time.LocalDateTime as reading converter
2026-04-13 19:09:37.250 [restartedMain] DEBUG o.springframework.data.convert.CustomConversions - Adding converter from class java.time.LocalDateTime to class java.util.Date as writing converter
2026-04-13 19:09:37.250 [restartedMain] DEBUG o.springframework.data.convert.CustomConversions - Adding converter from class java.util.Date to class java.time.LocalDate as reading converter
2026-04-13 19:09:37.250 [restartedMain] DEBUG o.springframework.data.convert.CustomConversions - Adding converter from class java.time.LocalDate to class java.util.Date as writing converter
2026-04-13 19:09:37.250 [restartedMain] DEBUG o.springframework.data.convert.CustomConversions - Adding converter from class java.util.Date to class java.time.LocalTime as reading converter
2026-04-13 19:09:37.250 [restartedMain] DEBUG o.springframework.data.convert.CustomConversions - Adding converter from class java.time.LocalTime to class java.util.Date as writing converter
2026-04-13 19:09:37.250 [restartedMain] DEBUG o.springframework.data.convert.CustomConversions - Adding converter from class java.util.Date to class java.time.Instant as reading converter
2026-04-13 19:09:37.250 [restartedMain] DEBUG o.springframework.data.convert.CustomConversions - Adding converter from class java.time.Instant to class java.util.Date as writing converter
2026-04-13 19:09:37.250 [restartedMain] DEBUG o.springframework.data.convert.CustomConversions - Adding converter from class java.time.LocalDateTime to class java.time.Instant as reading converter
2026-04-13 19:09:37.250 [restartedMain] DEBUG o.springframework.data.convert.CustomConversions - Adding converter from class java.time.Instant to class java.time.LocalDateTime as reading converter
2026-04-13 19:09:37.250 [restartedMain] DEBUG o.springframework.data.convert.CustomConversions - Adding converter from class java.time.ZoneId to class java.lang.String as writing converter
2026-04-13 19:09:37.250 [restartedMain] DEBUG o.springframework.data.convert.CustomConversions - Adding converter from class java.lang.String to class java.time.ZoneId as reading converter
2026-04-13 19:09:37.250 [restartedMain] DEBUG o.springframework.data.convert.CustomConversions - Adding converter from class java.time.Duration to class java.lang.String as writing converter
2026-04-13 19:09:37.250 [restartedMain] DEBUG o.springframework.data.convert.CustomConversions - Adding converter from class java.lang.String to class java.time.Duration as reading converter
2026-04-13 19:09:37.250 [restartedMain] DEBUG o.springframework.data.convert.CustomConversions - Adding converter from class java.time.Period to class java.lang.String as writing converter
2026-04-13 19:09:37.250 [restartedMain] DEBUG o.springframework.data.convert.CustomConversions - Adding converter from class java.lang.String to class java.time.Period as reading converter
2026-04-13 19:09:37.250 [restartedMain] DEBUG o.springframework.data.convert.CustomConversions - Adding converter from class java.lang.String to class java.time.LocalDate as reading converter
2026-04-13 19:09:37.250 [restartedMain] DEBUG o.springframework.data.convert.CustomConversions - Adding converter from class java.lang.String to class java.time.LocalDateTime as reading converter
2026-04-13 19:09:37.250 [restartedMain] DEBUG o.springframework.data.convert.CustomConversions - Adding converter from class java.lang.String to class java.time.Instant as reading converter
2026-04-13 19:09:37.263 [restartedMain] DEBUG o.s.b.factory.support.DefaultListableBeanFactory - Creating shared instance of singleton bean 'redisKeyValueAdapter'
2026-04-13 19:09:37.274 [restartedMain] DEBUG o.s.b.factory.support.DefaultListableBeanFactory - Creating shared instance of singleton bean 'redisKeyValueTemplate'
2026-04-13 19:09:37.274 [restartedMain] DEBUG o.s.b.factory.support.DefaultListableBeanFactory - Creating shared instance of singleton bean 'data-redis.repository-aot-processor#0'
2026-04-13 19:09:37.274 [restartedMain] DEBUG o.s.b.factory.support.DefaultListableBeanFactory - Creating shared instance of singleton bean 'org.springframework.boot.autoconfigure.http.JacksonHttpMessageConvertersConfiguration$MappingJackson2HttpMessageConverterConfiguration'
2026-04-13 19:09:37.274 [restartedMain] DEBUG o.s.b.factory.support.DefaultListableBeanFactory - Creating shared instance of singleton bean 'org.springframework.boot.autoconfigure.http.JacksonHttpMessageConvertersConfiguration'
2026-04-13 19:09:37.274 [restartedMain] DEBUG o.s.b.factory.support.DefaultListableBeanFactory - Creating shared instance of singleton bean 'org.springframework.data.web.config.ProjectingArgumentResolverRegistrar'
2026-04-13 19:09:37.274 [restartedMain] DEBUG o.s.b.factory.support.DefaultListableBeanFactory - Creating shared instance of singleton bean 'offsetResolver'
2026-04-13 19:09:37.274 [restartedMain] DEBUG o.s.b.factory.support.DefaultListableBeanFactory - Creating shared instance of singleton bean 'freeMarkerConfigurer'
2026-04-13 19:09:37.371 [restartedMain] DEBUG o.s.w.servlet.view.freemarker.FreeMarkerConfigurer - File system access not preferred: using SpringTemplateLoader
2026-04-13 19:09:37.372 [restartedMain] DEBUG o.s.ui.freemarker.SpringTemplateLoader - SpringTemplateLoader for FreeMarker: using resource loader [org.springframework.boot.web.servlet.context.AnnotationConfigServletWebServerApplicationContext@3621edd, started on Mon Apr 13 19:09:29 CST 2026] and template loader path [classpath:/templates/]
2026-04-13 19:09:37.374 [restartedMain] DEBUG o.s.b.factory.support.DefaultListableBeanFactory - Creating shared instance of singleton bean 'freeMarkerConfiguration'
2026-04-13 19:09:37.374 [restartedMain] DEBUG o.s.b.factory.support.DefaultListableBeanFactory - Autowiring by type from bean name 'freeMarkerConfiguration' via factory method to bean named 'freeMarkerConfigurer'
2026-04-13 19:09:37.383 [restartedMain] DEBUG o.s.b.factory.support.DefaultListableBeanFactory - Creating shared instance of singleton bean 'org.springframework.boot.autoconfigure.freemarker.FreeMarkerAutoConfiguration'
2026-04-13 19:09:37.383 [restartedMain] DEBUG o.s.b.factory.support.DefaultListableBeanFactory - Autowiring by type from bean name 'org.springframework.boot.autoconfigure.freemarker.FreeMarkerAutoConfiguration' via constructor to bean named 'org.springframework.boot.web.servlet.context.AnnotationConfigServletWebServerApplicationContext@3621edd'
2026-04-13 19:09:37.383 [restartedMain] DEBUG o.s.b.factory.support.DefaultListableBeanFactory - Autowiring by type from bean name 'org.springframework.boot.autoconfigure.freemarker.FreeMarkerAutoConfiguration' via constructor to bean named 'spring.freemarker-org.springframework.boot.autoconfigure.freemarker.FreeMarkerProperties'
2026-04-13 19:09:37.384 [restartedMain] DEBUG o.s.b.factory.support.DefaultListableBeanFactory - Creating shared instance of singleton bean 'org.springframework.boot.autoconfigure.info.ProjectInfoAutoConfiguration'
2026-04-13 19:09:37.386 [restartedMain] DEBUG o.s.b.factory.support.DefaultListableBeanFactory - Creating shared instance of singleton bean 'spring.info-org.springframework.boot.autoconfigure.info.ProjectInfoProperties'
2026-04-13 19:09:37.388 [restartedMain] DEBUG o.s.b.factory.support.DefaultListableBeanFactory - Autowiring by type from bean name 'org.springframework.boot.autoconfigure.info.ProjectInfoAutoConfiguration' via constructor to bean named 'spring.info-org.springframework.boot.autoconfigure.info.ProjectInfoProperties'
2026-04-13 19:09:37.389 [restartedMain] DEBUG o.s.b.factory.support.DefaultListableBeanFactory - Creating shared instance of singleton bean 'org.springframework.boot.autoconfigure.jdbc.JdbcTemplateConfiguration'
2026-04-13 19:09:37.389 [restartedMain] DEBUG o.s.b.factory.support.DefaultListableBeanFactory - Creating shared instance of singleton bean 'jdbcTemplate'
2026-04-13 19:09:37.390 [restartedMain] DEBUG o.s.b.factory.support.DefaultListableBeanFactory - Creating shared instance of singleton bean 'spring.jdbc-org.springframework.boot.autoconfigure.jdbc.JdbcProperties'
2026-04-13 19:09:37.390 [restartedMain] DEBUG o.s.b.factory.support.DefaultListableBeanFactory - Autowiring by type from bean name 'jdbcTemplate' via factory method to bean named 'dataSource'
2026-04-13 19:09:37.392 [restartedMain] DEBUG o.s.b.factory.support.DefaultListableBeanFactory - Autowiring by type from bean name 'jdbcTemplate' via factory method to bean named 'spring.jdbc-org.springframework.boot.autoconfigure.jdbc.JdbcProperties'
2026-04-13 19:09:37.399 [restartedMain] DEBUG o.s.b.factory.support.DefaultListableBeanFactory - Creating shared instance of singleton bean 'org.springframework.boot.autoconfigure.jdbc.NamedParameterJdbcTemplateConfiguration'
2026-04-13 19:09:37.399 [restartedMain] DEBUG o.s.b.factory.support.DefaultListableBeanFactory - Creating shared instance of singleton bean 'namedParameterJdbcTemplate'
2026-04-13 19:09:37.399 [restartedMain] DEBUG o.s.b.factory.support.DefaultListableBeanFactory - Autowiring by type from bean name 'namedParameterJdbcTemplate' via factory method to bean named 'jdbcTemplate'
2026-04-13 19:09:37.399 [restartedMain] DEBUG o.s.b.factory.support.DefaultListableBeanFactory - Creating shared instance of singleton bean 'org.springframework.boot.autoconfigure.jdbc.JdbcTemplateAutoConfiguration'
2026-04-13 19:09:37.399 [restartedMain] DEBUG o.s.b.factory.support.DefaultListableBeanFactory - Creating shared instance of singleton bean 'org.springframework.boot.autoconfigure.jdbc.JdbcClientAutoConfiguration'
2026-04-13 19:09:37.399 [restartedMain] DEBUG o.s.b.factory.support.DefaultListableBeanFactory - Creating shared instance of singleton bean 'jdbcClient'
2026-04-13 19:09:37.399 [restartedMain] DEBUG o.s.b.factory.support.DefaultListableBeanFactory - Autowiring by type from bean name 'jdbcClient' via factory method to bean named 'namedParameterJdbcTemplate'
2026-04-13 19:09:37.399 [restartedMain] DEBUG o.s.b.factory.support.DefaultListableBeanFactory - Creating shared instance of singleton bean 'org.springframework.boot.autoconfigure.netty.NettyAutoConfiguration'
2026-04-13 19:09:37.399 [restartedMain] DEBUG o.s.b.factory.support.DefaultListableBeanFactory - Creating shared instance of singleton bean 'spring.netty-org.springframework.boot.autoconfigure.netty.NettyProperties'
2026-04-13 19:09:37.407 [restartedMain] DEBUG o.s.b.factory.support.DefaultListableBeanFactory - Autowiring by type from bean name 'org.springframework.boot.autoconfigure.netty.NettyAutoConfiguration' via constructor to bean named 'spring.netty-org.springframework.boot.autoconfigure.netty.NettyProperties'
2026-04-13 19:09:37.407 [restartedMain] DEBUG o.s.b.factory.support.DefaultListableBeanFactory - Creating shared instance of singleton bean 'org.springframework.boot.autoconfigure.reactor.ReactorAutoConfiguration'
2026-04-13 19:09:37.407 [restartedMain] DEBUG o.s.b.factory.support.DefaultListableBeanFactory - Creating shared instance of singleton bean 'spring.reactor-org.springframework.boot.autoconfigure.reactor.ReactorProperties'
2026-04-13 19:09:37.407 [restartedMain] DEBUG o.s.b.factory.support.DefaultListableBeanFactory - Autowiring by type from bean name 'org.springframework.boot.autoconfigure.reactor.ReactorAutoConfiguration' via constructor to bean named 'spring.reactor-org.springframework.boot.autoconfigure.reactor.ReactorProperties'
2026-04-13 19:09:37.407 [restartedMain] DEBUG o.s.b.factory.support.DefaultListableBeanFactory - Creating shared instance of singleton bean 'org.springframework.boot.autoconfigure.security.servlet.SpringBootWebSecurityConfiguration'
2026-04-13 19:09:37.407 [restartedMain] DEBUG o.s.b.factory.support.DefaultListableBeanFactory - Creating shared instance of singleton bean 'org.springframework.boot.autoconfigure.sql.init.SqlInitializationAutoConfiguration'
2026-04-13 19:09:37.407 [restartedMain] DEBUG o.s.b.factory.support.DefaultListableBeanFactory - Creating shared instance of singleton bean 'org.springframework.boot.autoconfigure.task.TaskSchedulingConfigurations$ThreadPoolTaskSchedulerBuilderConfiguration'
2026-04-13 19:09:37.407 [restartedMain] DEBUG o.s.b.factory.support.DefaultListableBeanFactory - Creating shared instance of singleton bean 'threadPoolTaskSchedulerBuilder'
2026-04-13 19:09:37.407 [restartedMain] DEBUG o.s.b.factory.support.DefaultListableBeanFactory - Creating shared instance of singleton bean 'spring.task.scheduling-org.springframework.boot.autoconfigure.task.TaskSchedulingProperties'
2026-04-13 19:09:37.407 [restartedMain] DEBUG o.s.b.factory.support.DefaultListableBeanFactory - Autowiring by type from bean name 'threadPoolTaskSchedulerBuilder' via factory method to bean named 'spring.task.scheduling-org.springframework.boot.autoconfigure.task.TaskSchedulingProperties'
2026-04-13 19:09:37.407 [restartedMain] DEBUG o.s.b.factory.support.DefaultListableBeanFactory - Creating shared instance of singleton bean 'org.springframework.boot.autoconfigure.task.TaskSchedulingConfigurations$SimpleAsyncTaskSchedulerBuilderConfiguration'
2026-04-13 19:09:37.407 [restartedMain] DEBUG o.s.b.factory.support.DefaultListableBeanFactory - Autowiring by type from bean name 'org.springframework.boot.autoconfigure.task.TaskSchedulingConfigurations$SimpleAsyncTaskSchedulerBuilderConfiguration' via constructor to bean named 'spring.task.scheduling-org.springframework.boot.autoconfigure.task.TaskSchedulingProperties'
2026-04-13 19:09:37.407 [restartedMain] DEBUG o.s.b.factory.support.DefaultListableBeanFactory - Creating shared instance of singleton bean 'simpleAsyncTaskSchedulerBuilder'
2026-04-13 19:09:37.407 [restartedMain] DEBUG o.s.b.factory.support.DefaultListableBeanFactory - Creating shared instance of singleton bean 'org.springframework.boot.autoconfigure.task.TaskSchedulingAutoConfiguration'
2026-04-13 19:09:37.407 [restartedMain] DEBUG o.s.b.factory.support.DefaultListableBeanFactory - Creating shared instance of singleton bean 'org.springframework.boot.autoconfigure.thymeleaf.ThymeleafAutoConfiguration$ThymeleafWebMvcConfiguration'
2026-04-13 19:09:37.407 [restartedMain] DEBUG o.s.b.factory.support.DefaultListableBeanFactory - Creating shared instance of singleton bean 'org.springframework.boot.autoconfigure.thymeleaf.ThymeleafAutoConfiguration'
2026-04-13 19:09:37.407 [restartedMain] DEBUG o.s.b.factory.support.DefaultListableBeanFactory - Creating shared instance of singleton bean 'org.springframework.boot.autoconfigure.jdbc.DataSourceTransactionManagerAutoConfiguration$JdbcTransactionManagerConfiguration'
2026-04-13 19:09:37.407 [restartedMain] DEBUG o.s.b.factory.support.DefaultListableBeanFactory - Creating shared instance of singleton bean 'transactionManager'
2026-04-13 19:09:37.407 [restartedMain] DEBUG o.s.b.factory.support.DefaultListableBeanFactory - Autowiring by type from bean name 'transactionManager' via factory method to bean named 'environment'
2026-04-13 19:09:37.407 [restartedMain] DEBUG o.s.b.factory.support.DefaultListableBeanFactory - Autowiring by type from bean name 'transactionManager' via factory method to bean named 'dataSource'
2026-04-13 19:09:37.422 [restartedMain] DEBUG o.s.b.factory.support.DefaultListableBeanFactory - Creating shared instance of singleton bean 'org.springframework.boot.autoconfigure.jdbc.DataSourceTransactionManagerAutoConfiguration'
2026-04-13 19:09:37.422 [restartedMain] DEBUG o.s.b.factory.support.DefaultListableBeanFactory - Creating shared instance of singleton bean 'org.springframework.boot.autoconfigure.transaction.TransactionAutoConfiguration$EnableTransactionManagementConfiguration$CglibAutoProxyConfiguration'
2026-04-13 19:09:37.422 [restartedMain] DEBUG o.s.b.factory.support.DefaultListableBeanFactory - Creating shared instance of singleton bean 'org.springframework.boot.autoconfigure.transaction.TransactionAutoConfiguration$EnableTransactionManagementConfiguration'
2026-04-13 19:09:37.422 [restartedMain] DEBUG o.s.b.factory.support.DefaultListableBeanFactory - Creating shared instance of singleton bean 'org.springframework.boot.autoconfigure.transaction.TransactionAutoConfiguration$TransactionTemplateConfiguration'
2026-04-13 19:09:37.424 [restartedMain] DEBUG o.s.b.factory.support.DefaultListableBeanFactory - Creating shared instance of singleton bean 'transactionTemplate'
2026-04-13 19:09:37.424 [restartedMain] DEBUG o.s.b.factory.support.DefaultListableBeanFactory - Autowiring by type from bean name 'transactionTemplate' via factory method to bean named 'transactionManager'
2026-04-13 19:09:37.425 [restartedMain] DEBUG o.s.b.factory.support.DefaultListableBeanFactory - Creating shared instance of singleton bean 'org.springframework.boot.autoconfigure.transaction.TransactionAutoConfiguration'
2026-04-13 19:09:37.426 [restartedMain] DEBUG o.s.b.factory.support.DefaultListableBeanFactory - Creating shared instance of singleton bean 'org.springframework.boot.autoconfigure.web.client.RestClientAutoConfiguration'
2026-04-13 19:09:37.426 [restartedMain] DEBUG o.s.b.factory.support.DefaultListableBeanFactory - Creating shared instance of singleton bean 'httpMessageConvertersRestClientCustomizer'
2026-04-13 19:09:37.427 [restartedMain] DEBUG o.s.b.factory.support.DefaultListableBeanFactory - Creating shared instance of singleton bean 'restClientSsl'
2026-04-13 19:09:37.427 [restartedMain] DEBUG o.s.b.factory.support.DefaultListableBeanFactory - Autowiring by type from bean name 'restClientSsl' via factory method to bean named 'sslBundleRegistry'
2026-04-13 19:09:37.428 [restartedMain] DEBUG o.s.b.factory.support.DefaultListableBeanFactory - Creating shared instance of singleton bean 'restClientBuilderConfigurer'
2026-04-13 19:09:37.429 [restartedMain] DEBUG o.s.b.factory.support.DefaultListableBeanFactory - Creating shared instance of singleton bean 'org.springframework.boot.autoconfigure.web.embedded.EmbeddedWebServerFactoryCustomizerAutoConfiguration'
2026-04-13 19:09:37.429 [restartedMain] DEBUG o.s.b.factory.support.DefaultListableBeanFactory - Creating shared instance of singleton bean 'multipartResolver'
2026-04-13 19:09:37.430 [restartedMain] DEBUG o.s.b.factory.support.DefaultListableBeanFactory - Creating shared instance of singleton bean 'org.springframework.boot.devtools.autoconfigure.DevToolsDataSourceAutoConfiguration'
2026-04-13 19:09:37.430 [restartedMain] DEBUG o.s.b.factory.support.DefaultListableBeanFactory - Creating shared instance of singleton bean 'inMemoryDatabaseShutdownExecutor'
2026-04-13 19:09:37.431 [restartedMain] DEBUG o.s.b.factory.support.DefaultListableBeanFactory - Autowiring by type from bean name 'inMemoryDatabaseShutdownExecutor' via factory method to bean named 'dataSource'
2026-04-13 19:09:37.431 [restartedMain] DEBUG o.s.b.factory.support.DefaultListableBeanFactory - Autowiring by type from bean name 'inMemoryDatabaseShutdownExecutor' via factory method to bean named 'spring.datasource-org.springframework.boot.autoconfigure.jdbc.DataSourceProperties'
2026-04-13 19:09:37.431 [restartedMain] DEBUG o.s.b.factory.support.DefaultListableBeanFactory - Creating shared instance of singleton bean 'org.springframework.boot.devtools.autoconfigure.LocalDevToolsAutoConfiguration$RestartConfiguration'
2026-04-13 19:09:37.431 [restartedMain] DEBUG o.s.b.factory.support.DefaultListableBeanFactory - Autowiring by type from bean name 'org.springframework.boot.devtools.autoconfigure.LocalDevToolsAutoConfiguration$RestartConfiguration' via constructor to bean named 'spring.devtools-org.springframework.boot.devtools.autoconfigure.DevToolsProperties'
2026-04-13 19:09:37.431 [restartedMain] DEBUG o.s.b.factory.support.DefaultListableBeanFactory - Creating shared instance of singleton bean 'restartingClassPathChangedEventListener'
2026-04-13 19:09:37.431 [restartedMain] DEBUG o.s.b.factory.support.DefaultListableBeanFactory - Creating shared instance of singleton bean 'fileSystemWatcherFactory'
2026-04-13 19:09:37.433 [restartedMain] DEBUG o.s.b.factory.support.DefaultListableBeanFactory - Autowiring by type from bean name 'restartingClassPathChangedEventListener' via factory method to bean named 'fileSystemWatcherFactory'
2026-04-13 19:09:37.433 [restartedMain] DEBUG o.s.b.factory.support.DefaultListableBeanFactory - Creating shared instance of singleton bean 'classPathFileSystemWatcher'
2026-04-13 19:09:37.433 [restartedMain] DEBUG o.s.b.factory.support.DefaultListableBeanFactory - Creating shared instance of singleton bean 'classPathRestartStrategy'
2026-04-13 19:09:37.434 [restartedMain] DEBUG o.s.b.factory.support.DefaultListableBeanFactory - Autowiring by type from bean name 'classPathFileSystemWatcher' via factory method to bean named 'fileSystemWatcherFactory'
2026-04-13 19:09:37.434 [restartedMain] DEBUG o.s.b.factory.support.DefaultListableBeanFactory - Autowiring by type from bean name 'classPathFileSystemWatcher' via factory method to bean named 'classPathRestartStrategy'
2026-04-13 19:09:37.496 [restartedMain] DEBUG o.s.b.factory.support.DefaultListableBeanFactory - Creating shared instance of singleton bean 'conditionEvaluationDeltaLoggingListener'
2026-04-13 19:09:37.497 [restartedMain] DEBUG o.s.b.factory.support.DefaultListableBeanFactory - Creating shared instance of singleton bean 'org.springframework.boot.devtools.autoconfigure.LocalDevToolsAutoConfiguration'
2026-04-13 19:09:37.543 [restartedMain] DEBUG o.s.context.support.DefaultLifecycleProcessor - Starting beans in phase -2147483647
2026-04-13 19:09:37.543 [restartedMain] DEBUG o.s.context.support.DefaultLifecycleProcessor - Successfully started bean 'springBootLoggingLifecycle'
2026-04-13 19:09:37.543 [restartedMain] DEBUG o.s.context.support.DefaultLifecycleProcessor - Starting beans in phase 0
2026-04-13 19:09:37.543 [restartedMain] DEBUG o.s.context.support.DefaultLifecycleProcessor - Starting beans in phase 1073741823
2026-04-13 19:09:37.543 [restartedMain] DEBUG o.s.context.support.DefaultLifecycleProcessor - Starting beans in phase 2147481599
2026-04-13 19:09:37.556 [restartedMain] DEBUG o.s.context.support.DefaultLifecycleProcessor - Successfully started bean 'webServerStartStop'
2026-04-13 19:09:37.556 [restartedMain] DEBUG o.s.context.support.DefaultLifecycleProcessor - Starting beans in phase 2147482623
2026-04-13 19:09:37.556 [restartedMain] DEBUG o.s.context.support.DefaultLifecycleProcessor - Successfully started bean 'webServerGracefulShutdown'
2026-04-13 19:09:37.556 [restartedMain] DEBUG o.s.context.support.DefaultLifecycleProcessor - Starting beans in phase 2147483647
2026-04-13 19:09:37.556 [restartedMain] DEBUG o.s.d.redis.listener.RedisMessageListenerContainer - Starting RedisMessageListenerContainer...
2026-04-13 19:09:37.557 [restartedMain] DEBUG o.s.d.redis.listener.RedisMessageListenerContainer - Postpone listening for Redis messages until actual listeners are added
2026-04-13 19:09:37.557 [restartedMain] DEBUG o.s.context.support.DefaultLifecycleProcessor - Successfully started bean 'redisKeyValueAdapter'
2026-04-13 19:09:37.568 [restartedMain] DEBUG o.s.b.a.logging.ConditionEvaluationReportLogger - 


============================
CONDITIONS EVALUATION REPORT
============================


Positive matches:
-----------------

   AopAutoConfiguration matched:
      - @ConditionalOnProperty (spring.aop.auto=true) matched (OnPropertyCondition)

   AopAutoConfiguration.AspectJAutoProxyingConfiguration matched:
      - @ConditionalOnClass found required class 'org.aspectj.weaver.Advice' (OnClassCondition)

   AopAutoConfiguration.AspectJAutoProxyingConfiguration.CglibAutoProxyConfiguration matched:
      - @ConditionalOnProperty (spring.aop.proxy-target-class=true) matched (OnPropertyCondition)

   ApplicationAvailabilityAutoConfiguration#applicationAvailability matched:
      - @ConditionalOnMissingBean (types: org.springframework.boot.availability.ApplicationAvailability; SearchStrategy: all) did not find any beans (OnBeanCondition)

   DataSourceAutoConfiguration matched:
      - @ConditionalOnClass found required classes 'javax.sql.DataSource', 'org.springframework.jdbc.datasource.embedded.EmbeddedDatabaseType' (OnClassCondition)
      - @ConditionalOnMissingBean (types: io.r2dbc.spi.ConnectionFactory; SearchStrategy: all) did not find any beans (OnBeanCondition)

   DataSourceAutoConfiguration.PooledDataSourceConfiguration matched:
      - AnyNestedCondition 1 matched 1 did not; NestedCondition on DataSourceAutoConfiguration.PooledDataSourceCondition.PooledDataSourceAvailable PooledDataSource found supported DataSource; NestedCondition on DataSourceAutoConfiguration.PooledDataSourceCondition.ExplicitType @ConditionalOnProperty (spring.datasource.type) did not find property 'type' (DataSourceAutoConfiguration.PooledDataSourceCondition)
      - @ConditionalOnMissingBean (types: javax.sql.DataSource,javax.sql.XADataSource; SearchStrategy: all) did not find any beans (OnBeanCondition)

   DataSourceAutoConfiguration.PooledDataSourceConfiguration#jdbcConnectionDetails matched:
      - @ConditionalOnMissingBean (types: org.springframework.boot.autoconfigure.jdbc.JdbcConnectionDetails; SearchStrategy: all) did not find any beans (OnBeanCondition)

   DataSourceConfiguration.Hikari matched:
      - @ConditionalOnClass found required class 'com.zaxxer.hikari.HikariDataSource' (OnClassCondition)
      - @ConditionalOnProperty (spring.datasource.type=com.zaxxer.hikari.HikariDataSource) matched (OnPropertyCondition)
      - @ConditionalOnMissingBean (types: javax.sql.DataSource; SearchStrategy: all) did not find any beans (OnBeanCondition)

   DataSourceInitializationConfiguration matched:
      - @ConditionalOnClass found required class 'org.springframework.jdbc.datasource.init.DatabasePopulator' (OnClassCondition)
      - @ConditionalOnSingleCandidate (types: javax.sql.DataSource; SearchStrategy: all) found a single bean 'dataSource'; @ConditionalOnMissingBean (types: org.springframework.boot.autoconfigure.sql.init.SqlDataSourceScriptDatabaseInitializer,org.springframework.boot.autoconfigure.sql.init.SqlR2dbcScriptDatabaseInitializer; SearchStrategy: all) did not find any beans (OnBeanCondition)

   DataSourceJmxConfiguration matched:
      - @ConditionalOnProperty (spring.jmx.enabled=true) matched (OnPropertyCondition)

   DataSourceJmxConfiguration.Hikari matched:
      - @ConditionalOnClass found required class 'com.zaxxer.hikari.HikariDataSource' (OnClassCondition)
      - @ConditionalOnSingleCandidate (types: javax.sql.DataSource; SearchStrategy: all) found a single bean 'dataSource' (OnBeanCondition)

   DataSourcePoolMetadataProvidersConfiguration.HikariPoolDataSourceMetadataProviderConfiguration matched:
      - @ConditionalOnClass found required class 'com.zaxxer.hikari.HikariDataSource' (OnClassCondition)

   DataSourceTransactionManagerAutoConfiguration matched:
      - @ConditionalOnClass found required classes 'javax.sql.DataSource', 'org.springframework.jdbc.core.JdbcTemplate', 'org.springframework.transaction.TransactionManager' (OnClassCondition)

   DataSourceTransactionManagerAutoConfiguration.JdbcTransactionManagerConfiguration matched:
      - @ConditionalOnSingleCandidate (types: javax.sql.DataSource; SearchStrategy: all) found a single bean 'dataSource' (OnBeanCondition)

   DataSourceTransactionManagerAutoConfiguration.JdbcTransactionManagerConfiguration#transactionManager matched:
      - @ConditionalOnMissingBean (types: org.springframework.transaction.TransactionManager; SearchStrategy: all) did not find any beans (OnBeanCondition)

   DevToolsDataSourceAutoConfiguration matched:
      - @ConditionalOnClass found required class 'javax.sql.DataSource' (OnClassCondition)
      - Devtools devtools enabled. (OnEnabledDevToolsCondition)
      - DevTools DataSource Condition found auto-configured DataSource (DevToolsDataSourceAutoConfiguration.DevToolsDataSourceCondition)

   DispatcherServletAutoConfiguration matched:
      - @ConditionalOnClass found required class 'org.springframework.web.servlet.DispatcherServlet' (OnClassCondition)
      - found 'session' scope (OnWebApplicationCondition)

   DispatcherServletAutoConfiguration.DispatcherServletConfiguration matched:
      - @ConditionalOnClass found required class 'jakarta.servlet.ServletRegistration' (OnClassCondition)
      - Default DispatcherServlet did not find dispatcher servlet beans (DispatcherServletAutoConfiguration.DefaultDispatcherServletCondition)

   DispatcherServletAutoConfiguration.DispatcherServletRegistrationConfiguration matched:
      - @ConditionalOnClass found required class 'jakarta.servlet.ServletRegistration' (OnClassCondition)
      - DispatcherServlet Registration did not find servlet registration bean (DispatcherServletAutoConfiguration.DispatcherServletRegistrationCondition)

   DispatcherServletAutoConfiguration.DispatcherServletRegistrationConfiguration#dispatcherServletRegistration matched:
      - @ConditionalOnBean (names: dispatcherServlet types: org.springframework.web.servlet.DispatcherServlet; SearchStrategy: all) found bean 'dispatcherServlet' (OnBeanCondition)

   ElasticsearchClientAutoConfiguration matched:
      - @ConditionalOnClass found required class 'co.elastic.clients.elasticsearch.ElasticsearchClient' (OnClassCondition)
      - @ConditionalOnBean (types: org.elasticsearch.client.RestClient; SearchStrategy: all) found bean 'elasticsearchRestClient' (OnBeanCondition)

   ElasticsearchClientConfigurations.ElasticsearchClientConfiguration matched:
      - @ConditionalOnBean (types: co.elastic.clients.transport.ElasticsearchTransport; SearchStrategy: all) found bean 'restClientTransport' (OnBeanCondition)

   ElasticsearchClientConfigurations.ElasticsearchClientConfiguration#elasticsearchClient matched:
      - @ConditionalOnMissingBean (types: co.elastic.clients.elasticsearch.ElasticsearchClient; SearchStrategy: all) did not find any beans (OnBeanCondition)

   ElasticsearchClientConfigurations.ElasticsearchTransportConfiguration matched:
      - @ConditionalOnMissingBean (types: co.elastic.clients.transport.ElasticsearchTransport; SearchStrategy: all) did not find any beans (OnBeanCondition)

   ElasticsearchClientConfigurations.JacksonJsonpMapperConfiguration matched:
      - @ConditionalOnClass found required class 'com.fasterxml.jackson.databind.ObjectMapper' (OnClassCondition)
      - @ConditionalOnMissingBean (types: co.elastic.clients.json.JsonpMapper; SearchStrategy: all) did not find any beans (OnBeanCondition)

   ElasticsearchDataAutoConfiguration matched:
      - @ConditionalOnClass found required class 'org.springframework.data.elasticsearch.client.elc.ElasticsearchTemplate' (OnClassCondition)

   ElasticsearchDataConfiguration.BaseConfiguration#elasticsearchConverter matched:
      - @ConditionalOnMissingBean (types: org.springframework.data.elasticsearch.core.convert.ElasticsearchConverter; SearchStrategy: all) did not find any beans (OnBeanCondition)

   ElasticsearchDataConfiguration.BaseConfiguration#elasticsearchCustomConversions matched:
      - @ConditionalOnMissingBean (types: org.springframework.data.elasticsearch.core.convert.ElasticsearchCustomConversions; SearchStrategy: all) did not find any beans (OnBeanCondition)

   ElasticsearchDataConfiguration.BaseConfiguration#elasticsearchMappingContext matched:
      - @ConditionalOnMissingBean (types: org.springframework.data.elasticsearch.core.mapping.SimpleElasticsearchMappingContext; SearchStrategy: all) did not find any beans (OnBeanCondition)

   ElasticsearchDataConfiguration.JavaClientConfiguration matched:
      - @ConditionalOnClass found required class 'co.elastic.clients.elasticsearch.ElasticsearchClient' (OnClassCondition)

   ElasticsearchDataConfiguration.JavaClientConfiguration#elasticsearchTemplate matched:
      - @ConditionalOnBean (types: co.elastic.clients.elasticsearch.ElasticsearchClient; SearchStrategy: all) found bean 'elasticsearchClient'; @ConditionalOnMissingBean (names: elasticsearchTemplate types: org.springframework.data.elasticsearch.core.ElasticsearchOperations; SearchStrategy: all) did not find any beans (OnBeanCondition)

   ElasticsearchDataConfiguration.ReactiveRestClientConfiguration#reactiveElasticsearchTemplate matched:
      - @ConditionalOnBean (types: org.springframework.data.elasticsearch.client.elc.ReactiveElasticsearchClient; SearchStrategy: all) found bean 'reactiveElasticsearchClient'; @ConditionalOnMissingBean (names: reactiveElasticsearchTemplate types: org.springframework.data.elasticsearch.core.ReactiveElasticsearchOperations; SearchStrategy: all) did not find any beans (OnBeanCondition)

   ElasticsearchRepositoriesAutoConfiguration matched:
      - @ConditionalOnClass found required class 'org.springframework.data.elasticsearch.repository.ElasticsearchRepository' (OnClassCondition)
      - @ConditionalOnProperty (spring.data.elasticsearch.repositories.enabled=true) matched (OnPropertyCondition)
      - @ConditionalOnMissingBean (types: org.springframework.data.elasticsearch.repository.support.ElasticsearchRepositoryFactoryBean; SearchStrategy: all) did not find any beans (OnBeanCondition)

   ElasticsearchRestClientAutoConfiguration matched:
      - @ConditionalOnClass found required class 'org.elasticsearch.client.RestClientBuilder' (OnClassCondition)

   ElasticsearchRestClientConfigurations.RestClientBuilderConfiguration matched:
      - @ConditionalOnMissingBean (types: org.elasticsearch.client.RestClientBuilder; SearchStrategy: all) did not find any beans (OnBeanCondition)

   ElasticsearchRestClientConfigurations.RestClientBuilderConfiguration#elasticsearchConnectionDetails matched:
      - @ConditionalOnMissingBean (types: org.springframework.boot.autoconfigure.elasticsearch.ElasticsearchConnectionDetails; SearchStrategy: all) did not find any beans (OnBeanCondition)

   ElasticsearchRestClientConfigurations.RestClientConfiguration matched:
      - @ConditionalOnMissingBean (types: org.elasticsearch.client.RestClient; SearchStrategy: all) did not find any beans (OnBeanCondition)

   EmbeddedWebServerFactoryCustomizerAutoConfiguration matched:
      - @ConditionalOnWebApplication (required) found 'session' scope (OnWebApplicationCondition)
      - @ConditionalOnWarDeployment the application is not deployed as a WAR file. (OnWarDeploymentCondition)

   EmbeddedWebServerFactoryCustomizerAutoConfiguration.TomcatWebServerFactoryCustomizerConfiguration matched:
      - @ConditionalOnClass found required classes 'org.apache.catalina.startup.Tomcat', 'org.apache.coyote.UpgradeProtocol' (OnClassCondition)

   ErrorMvcAutoConfiguration matched:
      - @ConditionalOnClass found required classes 'jakarta.servlet.Servlet', 'org.springframework.web.servlet.DispatcherServlet' (OnClassCondition)
      - found 'session' scope (OnWebApplicationCondition)

   ErrorMvcAutoConfiguration#basicErrorController matched:
      - @ConditionalOnMissingBean (types: org.springframework.boot.web.servlet.error.ErrorController; SearchStrategy: current) did not find any beans (OnBeanCondition)

   ErrorMvcAutoConfiguration#errorAttributes matched:
      - @ConditionalOnMissingBean (types: org.springframework.boot.web.servlet.error.ErrorAttributes; SearchStrategy: current) did not find any beans (OnBeanCondition)

   ErrorMvcAutoConfiguration.DefaultErrorViewResolverConfiguration#conventionErrorViewResolver matched:
      - @ConditionalOnBean (types: org.springframework.web.servlet.DispatcherServlet; SearchStrategy: all) found bean 'dispatcherServlet'; @ConditionalOnMissingBean (types: org.springframework.boot.autoconfigure.web.servlet.error.ErrorViewResolver; SearchStrategy: all) did not find any beans (OnBeanCondition)

   FreeMarkerAutoConfiguration matched:
      - @ConditionalOnClass found required classes 'freemarker.template.Configuration', 'org.springframework.ui.freemarker.FreeMarkerConfigurationFactory' (OnClassCondition)

   FreeMarkerServletWebConfiguration matched:
      - @ConditionalOnClass found required classes 'jakarta.servlet.Servlet', 'org.springframework.web.servlet.view.freemarker.FreeMarkerConfigurer' (OnClassCondition)
      - found 'session' scope (OnWebApplicationCondition)

   FreeMarkerServletWebConfiguration#freeMarkerConfigurer matched:
      - @ConditionalOnMissingBean (types: org.springframework.web.servlet.view.freemarker.FreeMarkerConfig; SearchStrategy: all) did not find any beans (OnBeanCondition)

   FreeMarkerServletWebConfiguration#freeMarkerViewResolver matched:
      - @ConditionalOnProperty (spring.freemarker.enabled) matched (OnPropertyCondition)
      - @ConditionalOnMissingBean (names: freeMarkerViewResolver; SearchStrategy: all) did not find any beans (OnBeanCondition)

   GenericCacheConfiguration matched:
      - Cache org.springframework.boot.autoconfigure.cache.GenericCacheConfiguration automatic cache type (CacheCondition)

   HttpClientAutoConfiguration matched:
      - @ConditionalOnClass found required class 'org.springframework.http.client.ClientHttpRequestFactory' (OnClassCondition)
      - NoneNestedConditions 0 matched 1 did not; NestedCondition on NotReactiveWebApplicationCondition.ReactiveWebApplication did not find reactive web application classes (NotReactiveWebApplicationCondition)

   HttpClientAutoConfiguration#clientHttpRequestFactoryBuilder matched:
      - @ConditionalOnMissingBean (types: org.springframework.boot.http.client.ClientHttpRequestFactoryBuilder; SearchStrategy: all) did not find any beans (OnBeanCondition)

   HttpClientAutoConfiguration#clientHttpRequestFactorySettings matched:
      - @ConditionalOnMissingBean (types: org.springframework.boot.http.client.ClientHttpRequestFactorySettings; SearchStrategy: all) did not find any beans (OnBeanCondition)

   HttpEncodingAutoConfiguration matched:
      - @ConditionalOnClass found required class 'org.springframework.web.filter.CharacterEncodingFilter' (OnClassCondition)
      - found 'session' scope (OnWebApplicationCondition)
      - @ConditionalOnProperty (server.servlet.encoding.enabled) matched (OnPropertyCondition)

   HttpEncodingAutoConfiguration#characterEncodingFilter matched:
      - @ConditionalOnMissingBean (types: org.springframework.web.filter.CharacterEncodingFilter; SearchStrategy: all) did not find any beans (OnBeanCondition)

   HttpMessageConvertersAutoConfiguration matched:
      - @ConditionalOnClass found required class 'org.springframework.http.converter.HttpMessageConverter' (OnClassCondition)
      - NoneNestedConditions 0 matched 1 did not; NestedCondition on HttpMessageConvertersAutoConfiguration.NotReactiveWebApplicationCondition.ReactiveWebApplication did not find reactive web application classes (HttpMessageConvertersAutoConfiguration.NotReactiveWebApplicationCondition)

   HttpMessageConvertersAutoConfiguration#messageConverters matched:
      - @ConditionalOnMissingBean (types: org.springframework.boot.autoconfigure.http.HttpMessageConverters; SearchStrategy: all) did not find any beans (OnBeanCondition)

   HttpMessageConvertersAutoConfiguration.StringHttpMessageConverterConfiguration matched:
      - @ConditionalOnClass found required class 'org.springframework.http.converter.StringHttpMessageConverter' (OnClassCondition)

   HttpMessageConvertersAutoConfiguration.StringHttpMessageConverterConfiguration#stringHttpMessageConverter matched:
      - @ConditionalOnMissingBean (types: org.springframework.http.converter.StringHttpMessageConverter; SearchStrategy: all) did not find any beans (OnBeanCondition)

   JacksonAutoConfiguration matched:
      - @ConditionalOnClass found required class 'com.fasterxml.jackson.databind.ObjectMapper' (OnClassCondition)

   JacksonAutoConfiguration.Jackson2ObjectMapperBuilderCustomizerConfiguration matched:
      - @ConditionalOnClass found required class 'org.springframework.http.converter.json.Jackson2ObjectMapperBuilder' (OnClassCondition)

   JacksonAutoConfiguration.JacksonObjectMapperBuilderConfiguration matched:
      - @ConditionalOnClass found required class 'org.springframework.http.converter.json.Jackson2ObjectMapperBuilder' (OnClassCondition)

   JacksonAutoConfiguration.JacksonObjectMapperBuilderConfiguration#jacksonObjectMapperBuilder matched:
      - @ConditionalOnMissingBean (types: org.springframework.http.converter.json.Jackson2ObjectMapperBuilder; SearchStrategy: all) did not find any beans (OnBeanCondition)

   JacksonAutoConfiguration.JacksonObjectMapperConfiguration matched:
      - @ConditionalOnClass found required class 'org.springframework.http.converter.json.Jackson2ObjectMapperBuilder' (OnClassCondition)

   JacksonAutoConfiguration.ParameterNamesModuleConfiguration matched:
      - @ConditionalOnClass found required class 'com.fasterxml.jackson.module.paramnames.ParameterNamesModule' (OnClassCondition)

   JacksonAutoConfiguration.ParameterNamesModuleConfiguration#parameterNamesModule matched:
      - @ConditionalOnMissingBean (types: com.fasterxml.jackson.module.paramnames.ParameterNamesModule; SearchStrategy: all) did not find any beans (OnBeanCondition)

   JacksonHttpMessageConvertersConfiguration.MappingJackson2HttpMessageConverterConfiguration matched:
      - @ConditionalOnClass found required class 'com.fasterxml.jackson.databind.ObjectMapper' (OnClassCondition)
      - @ConditionalOnProperty (spring.mvc.converters.preferred-json-mapper=jackson) matched (OnPropertyCondition)
      - @ConditionalOnBean (types: com.fasterxml.jackson.databind.ObjectMapper; SearchStrategy: all) found bean 'objectMapper' (OnBeanCondition)

   JdbcClientAutoConfiguration matched:
      - @ConditionalOnSingleCandidate (types: org.springframework.jdbc.core.namedparam.NamedParameterJdbcTemplate; SearchStrategy: all) found a single bean 'namedParameterJdbcTemplate'; @ConditionalOnMissingBean (types: org.springframework.jdbc.core.simple.JdbcClient; SearchStrategy: all) did not find any beans (OnBeanCondition)

   JdbcTemplateAutoConfiguration matched:
      - @ConditionalOnClass found required classes 'javax.sql.DataSource', 'org.springframework.jdbc.core.JdbcTemplate' (OnClassCondition)
      - @ConditionalOnSingleCandidate (types: javax.sql.DataSource; SearchStrategy: all) found a single bean 'dataSource' (OnBeanCondition)

   JdbcTemplateConfiguration matched:
      - @ConditionalOnMissingBean (types: org.springframework.jdbc.core.JdbcOperations; SearchStrategy: all) did not find any beans (OnBeanCondition)

   LettuceConnectionConfiguration matched:
      - @ConditionalOnClass found required class 'io.lettuce.core.RedisClient' (OnClassCondition)
      - @ConditionalOnProperty (spring.data.redis.client-type=lettuce) matched (OnPropertyCondition)

   LettuceConnectionConfiguration#lettuceClientResources matched:
      - @ConditionalOnMissingBean (types: io.lettuce.core.resource.ClientResources; SearchStrategy: all) did not find any beans (OnBeanCondition)

   LettuceConnectionConfiguration#redisConnectionFactory matched:
      - @ConditionalOnMissingBean (types: org.springframework.data.redis.connection.RedisConnectionFactory; SearchStrategy: all) did not find any beans (OnBeanCondition)
      - @ConditionalOnThreading found PLATFORM (OnThreadingCondition)

   LifecycleAutoConfiguration#defaultLifecycleProcessor matched:
      - @ConditionalOnMissingBean (names: lifecycleProcessor; SearchStrategy: current) did not find any beans (OnBeanCondition)

   LocalDevToolsAutoConfiguration matched:
      - Initialized Restarter Condition available and initialized (OnInitializedRestarterCondition)

   LocalDevToolsAutoConfiguration.LiveReloadConfiguration matched:
      - @ConditionalOnProperty (spring.devtools.livereload.enabled) matched (OnPropertyCondition)

   LocalDevToolsAutoConfiguration.LiveReloadConfiguration#liveReloadServer matched:
      - @ConditionalOnMissingBean (types: org.springframework.boot.devtools.livereload.LiveReloadServer; SearchStrategy: all) did not find any beans (OnBeanCondition)

   LocalDevToolsAutoConfiguration.RestartConfiguration matched:
      - @ConditionalOnProperty (spring.devtools.restart.enabled) matched (OnPropertyCondition)

   LocalDevToolsAutoConfiguration.RestartConfiguration#classPathFileSystemWatcher matched:
      - @ConditionalOnMissingBean (types: org.springframework.boot.devtools.classpath.ClassPathFileSystemWatcher; SearchStrategy: all) did not find any beans (OnBeanCondition)

   LocalDevToolsAutoConfiguration.RestartConfiguration#classPathRestartStrategy matched:
      - @ConditionalOnMissingBean (types: org.springframework.boot.devtools.classpath.ClassPathRestartStrategy; SearchStrategy: all) did not find any beans (OnBeanCondition)

   LocalDevToolsAutoConfiguration.RestartConfiguration#conditionEvaluationDeltaLoggingListener matched:
      - @ConditionalOnProperty (spring.devtools.restart.log-condition-evaluation-delta) matched (OnPropertyCondition)

   MultipartAutoConfiguration matched:
      - @ConditionalOnClass found required classes 'jakarta.servlet.Servlet', 'org.springframework.web.multipart.support.StandardServletMultipartResolver', 'jakarta.servlet.MultipartConfigElement' (OnClassCondition)
      - found 'session' scope (OnWebApplicationCondition)
      - @ConditionalOnProperty (spring.servlet.multipart.enabled) matched (OnPropertyCondition)

   MultipartAutoConfiguration#multipartConfigElement matched:
      - @ConditionalOnMissingBean (types: jakarta.servlet.MultipartConfigElement; SearchStrategy: all) did not find any beans (OnBeanCondition)

   MultipartAutoConfiguration#multipartResolver matched:
      - @ConditionalOnMissingBean (types: org.springframework.web.multipart.MultipartResolver; SearchStrategy: all) did not find any beans (OnBeanCondition)

   MybatisPlusAutoConfiguration matched:
      - @ConditionalOnClass found required classes 'org.apache.ibatis.session.SqlSessionFactory', 'org.mybatis.spring.SqlSessionFactoryBean' (OnClassCondition)
      - @ConditionalOnSingleCandidate (types: javax.sql.DataSource; SearchStrategy: all) found a single bean 'dataSource' (OnBeanCondition)

   MybatisPlusAutoConfiguration#ddlApplicationRunner matched:
      - @ConditionalOnMissingBean (types: com.baomidou.mybatisplus.autoconfigure.DdlApplicationRunner; SearchStrategy: all) did not find any beans (OnBeanCondition)

   MybatisPlusAutoConfiguration#sqlSessionFactory matched:
      - @ConditionalOnMissingBean (types: org.apache.ibatis.session.SqlSessionFactory; SearchStrategy: all) did not find any beans (OnBeanCondition)

   MybatisPlusAutoConfiguration#sqlSessionTemplate matched:
      - @ConditionalOnMissingBean (types: org.mybatis.spring.SqlSessionTemplate; SearchStrategy: all) did not find any beans (OnBeanCondition)

   MybatisPlusAutoConfiguration.MapperScannerRegistrarNotFoundConfiguration matched:
      - @ConditionalOnMissingBean (types: org.mybatis.spring.mapper.MapperFactoryBean,org.mybatis.spring.mapper.MapperScannerConfigurer; SearchStrategy: all) did not find any beans (OnBeanCondition)

   MybatisPlusLanguageDriverAutoConfiguration matched:
      - @ConditionalOnClass found required class 'org.apache.ibatis.scripting.LanguageDriver' (OnClassCondition)

   NamedParameterJdbcTemplateConfiguration matched:
      - @ConditionalOnSingleCandidate (types: org.springframework.jdbc.core.JdbcTemplate; SearchStrategy: all) found a single bean 'jdbcTemplate'; @ConditionalOnMissingBean (types: org.springframework.jdbc.core.namedparam.NamedParameterJdbcOperations; SearchStrategy: all) did not find any beans (OnBeanCondition)

   NettyAutoConfiguration matched:
      - @ConditionalOnClass found required class 'io.netty.util.NettyRuntime' (OnClassCondition)

   NoOpCacheConfiguration matched:
      - Cache org.springframework.boot.autoconfigure.cache.NoOpCacheConfiguration automatic cache type (CacheCondition)

   PersistenceExceptionTranslationAutoConfiguration matched:
      - @ConditionalOnClass found required class 'org.springframework.dao.annotation.PersistenceExceptionTranslationPostProcessor' (OnClassCondition)

   PersistenceExceptionTranslationAutoConfiguration#persistenceExceptionTranslationPostProcessor matched:
      - @ConditionalOnProperty (spring.dao.exceptiontranslation.enabled) matched (OnPropertyCondition)
      - @ConditionalOnMissingBean (types: org.springframework.dao.annotation.PersistenceExceptionTranslationPostProcessor; SearchStrategy: all) did not find any beans (OnBeanCondition)

   PropertyPlaceholderAutoConfiguration#propertySourcesPlaceholderConfigurer matched:
      - @ConditionalOnMissingBean (types: org.springframework.context.support.PropertySourcesPlaceholderConfigurer; SearchStrategy: current) did not find any beans (OnBeanCondition)

   ReactiveElasticsearchClientAutoConfiguration matched:
      - @ConditionalOnClass found required classes 'org.springframework.data.elasticsearch.client.elc.ReactiveElasticsearchClient', 'co.elastic.clients.transport.ElasticsearchTransport', 'reactor.core.publisher.Mono' (OnClassCondition)
      - @ConditionalOnBean (types: org.elasticsearch.client.RestClient; SearchStrategy: all) found bean 'elasticsearchRestClient' (OnBeanCondition)

   ReactiveElasticsearchClientAutoConfiguration#reactiveElasticsearchClient matched:
      - @ConditionalOnBean (types: co.elastic.clients.transport.ElasticsearchTransport; SearchStrategy: all) found bean 'restClientTransport'; @ConditionalOnMissingBean (types: org.springframework.data.elasticsearch.client.elc.ReactiveElasticsearchClient; SearchStrategy: all) did not find any beans (OnBeanCondition)

   ReactiveElasticsearchRepositoriesAutoConfiguration matched:
      - @ConditionalOnClass found required classes 'org.springframework.data.elasticsearch.client.elc.ReactiveElasticsearchClient', 'org.springframework.data.elasticsearch.repository.ReactiveElasticsearchRepository', 'reactor.core.publisher.Mono' (OnClassCondition)
      - @ConditionalOnProperty (spring.data.elasticsearch.repositories.enabled=true) matched (OnPropertyCondition)
      - @ConditionalOnMissingBean (types: org.springframework.data.elasticsearch.repository.support.ReactiveElasticsearchRepositoryFactoryBean; SearchStrategy: all) did not find any beans (OnBeanCondition)

   ReactorAutoConfiguration matched:
      - @ConditionalOnClass found required class 'reactor.core.publisher.Hooks' (OnClassCondition)

   RedisAutoConfiguration matched:
      - @ConditionalOnClass found required class 'org.springframework.data.redis.core.RedisOperations' (OnClassCondition)

   RedisAutoConfiguration#redisConnectionDetails matched:
      - @ConditionalOnMissingBean (types: org.springframework.boot.autoconfigure.data.redis.RedisConnectionDetails; SearchStrategy: all) did not find any beans (OnBeanCondition)

   RedisAutoConfiguration#stringRedisTemplate matched:
      - @ConditionalOnSingleCandidate (types: org.springframework.data.redis.connection.RedisConnectionFactory; SearchStrategy: all) found a single bean 'redisConnectionFactory'; @ConditionalOnMissingBean (types: org.springframework.data.redis.core.StringRedisTemplate; SearchStrategy: all) did not find any beans (OnBeanCondition)

   RedisCacheConfiguration matched:
      - @ConditionalOnClass found required class 'org.springframework.data.redis.connection.RedisConnectionFactory' (OnClassCondition)
      - Cache org.springframework.boot.autoconfigure.cache.RedisCacheConfiguration automatic cache type (CacheCondition)

   RedisReactiveAutoConfiguration matched:
      - @ConditionalOnClass found required classes 'org.springframework.data.redis.connection.ReactiveRedisConnectionFactory', 'org.springframework.data.redis.core.ReactiveRedisTemplate', 'reactor.core.publisher.Flux' (OnClassCondition)

   RedisReactiveAutoConfiguration#reactiveRedisTemplate matched:
      - @ConditionalOnBean (types: org.springframework.data.redis.connection.ReactiveRedisConnectionFactory; SearchStrategy: all) found bean 'redisConnectionFactory'; @ConditionalOnMissingBean (names: reactiveRedisTemplate; SearchStrategy: all) did not find any beans (OnBeanCondition)

   RedisReactiveAutoConfiguration#reactiveStringRedisTemplate matched:
      - @ConditionalOnBean (types: org.springframework.data.redis.connection.ReactiveRedisConnectionFactory; SearchStrategy: all) found bean 'redisConnectionFactory'; @ConditionalOnMissingBean (names: reactiveStringRedisTemplate; SearchStrategy: all) did not find any beans (OnBeanCondition)

   RedisRepositoriesAutoConfiguration matched:
      - @ConditionalOnClass found required class 'org.springframework.data.redis.repository.configuration.EnableRedisRepositories' (OnClassCondition)
      - @ConditionalOnProperty (spring.data.redis.repositories.enabled=true) matched (OnPropertyCondition)
      - @ConditionalOnBean (types: org.springframework.data.redis.connection.RedisConnectionFactory; SearchStrategy: all) found bean 'redisConnectionFactory'; @ConditionalOnMissingBean (types: org.springframework.data.redis.repository.support.RedisRepositoryFactoryBean; SearchStrategy: all) did not find any beans (OnBeanCondition)

   RestClientAutoConfiguration matched:
      - @ConditionalOnClass found required class 'org.springframework.web.client.RestClient' (OnClassCondition)
      - NoneNestedConditions 0 matched 1 did not; NestedCondition on NotReactiveWebApplicationCondition.ReactiveWebApplication did not find reactive web application classes (NotReactiveWebApplicationCondition)

   RestClientAutoConfiguration#httpMessageConvertersRestClientCustomizer matched:
      - @ConditionalOnMissingBean (types: org.springframework.boot.autoconfigure.web.client.HttpMessageConvertersRestClientCustomizer; SearchStrategy: all) did not find any beans (OnBeanCondition)

   RestClientAutoConfiguration#restClientBuilder matched:
      - @ConditionalOnMissingBean (types: org.springframework.web.client.RestClient$Builder; SearchStrategy: all) did not find any beans (OnBeanCondition)

   RestClientAutoConfiguration#restClientBuilderConfigurer matched:
      - @ConditionalOnMissingBean (types: org.springframework.boot.autoconfigure.web.client.RestClientBuilderConfigurer; SearchStrategy: all) did not find any beans (OnBeanCondition)

   RestClientAutoConfiguration#restClientSsl matched:
      - @ConditionalOnBean (types: org.springframework.boot.ssl.SslBundles; SearchStrategy: all) found bean 'sslBundleRegistry'; @ConditionalOnMissingBean (types: org.springframework.boot.autoconfigure.web.client.RestClientSsl; SearchStrategy: all) did not find any beans (OnBeanCondition)

   RestTemplateAutoConfiguration matched:
      - @ConditionalOnClass found required class 'org.springframework.web.client.RestTemplate' (OnClassCondition)
      - NoneNestedConditions 0 matched 1 did not; NestedCondition on NotReactiveWebApplicationCondition.ReactiveWebApplication did not find reactive web application classes (NotReactiveWebApplicationCondition)

   RestTemplateAutoConfiguration#restTemplateBuilder matched:
      - @ConditionalOnMissingBean (types: org.springframework.boot.web.client.RestTemplateBuilder; SearchStrategy: all) did not find any beans (OnBeanCondition)

   SecurityAutoConfiguration matched:
      - @ConditionalOnClass found required class 'org.springframework.security.authentication.DefaultAuthenticationEventPublisher' (OnClassCondition)

   SecurityAutoConfiguration#authenticationEventPublisher matched:
      - @ConditionalOnMissingBean (types: org.springframework.security.authentication.AuthenticationEventPublisher; SearchStrategy: all) did not find any beans (OnBeanCondition)

   SecurityFilterAutoConfiguration matched:
      - @ConditionalOnClass found required classes 'org.springframework.security.web.context.AbstractSecurityWebApplicationInitializer', 'org.springframework.security.config.http.SessionCreationPolicy' (OnClassCondition)
      - found 'session' scope (OnWebApplicationCondition)

   SecurityFilterAutoConfiguration#securityFilterChainRegistration matched:
      - @ConditionalOnBean (names: springSecurityFilterChain; SearchStrategy: all) found bean 'springSecurityFilterChain' (OnBeanCondition)

   ServletWebServerFactoryAutoConfiguration matched:
      - @ConditionalOnClass found required class 'jakarta.servlet.ServletRequest' (OnClassCondition)
      - found 'session' scope (OnWebApplicationCondition)

   ServletWebServerFactoryAutoConfiguration#tomcatServletWebServerFactoryCustomizer matched:
      - @ConditionalOnClass found required class 'org.apache.catalina.startup.Tomcat' (OnClassCondition)

   SimpleCacheConfiguration matched:
      - Cache org.springframework.boot.autoconfigure.cache.SimpleCacheConfiguration automatic cache type (CacheCondition)

   SpringBootWebSecurityConfiguration matched:
      - found 'session' scope (OnWebApplicationCondition)

   SpringDataWebAutoConfiguration matched:
      - @ConditionalOnClass found required classes 'org.springframework.data.web.PageableHandlerMethodArgumentResolver', 'org.springframework.web.servlet.config.annotation.WebMvcConfigurer' (OnClassCondition)
      - found 'session' scope (OnWebApplicationCondition)
      - @ConditionalOnMissingBean (types: org.springframework.data.web.PageableHandlerMethodArgumentResolver; SearchStrategy: all) did not find any beans (OnBeanCondition)

   SpringDataWebAutoConfiguration#pageableCustomizer matched:
      - @ConditionalOnMissingBean (types: org.springframework.data.web.config.PageableHandlerMethodArgumentResolverCustomizer; SearchStrategy: all) did not find any beans (OnBeanCondition)

   SpringDataWebAutoConfiguration#sortCustomizer matched:
      - @ConditionalOnMissingBean (types: org.springframework.data.web.config.SortHandlerMethodArgumentResolverCustomizer; SearchStrategy: all) did not find any beans (OnBeanCondition)

   SpringDataWebAutoConfiguration#springDataWebSettings matched:
      - @ConditionalOnMissingBean (types: org.springframework.data.web.config.SpringDataWebSettings; SearchStrategy: all) did not find any beans (OnBeanCondition)

   SqlInitializationAutoConfiguration matched:
      - @ConditionalOnProperty (spring.sql.init.enabled) matched (OnPropertyCondition)
      - NoneNestedConditions 0 matched 1 did not; NestedCondition on SqlInitializationAutoConfiguration.SqlInitializationModeCondition.ModeIsNever @ConditionalOnProperty (spring.sql.init.mode=never) did not find property 'mode' (SqlInitializationAutoConfiguration.SqlInitializationModeCondition)

   SslAutoConfiguration#sslBundleRegistry matched:
      - @ConditionalOnMissingBean (types: org.springframework.boot.ssl.SslBundleRegistry,org.springframework.boot.ssl.SslBundles; SearchStrategy: all) did not find any beans (OnBeanCondition)

   TaskExecutionAutoConfiguration matched:
      - @ConditionalOnClass found required class 'org.springframework.scheduling.concurrent.ThreadPoolTaskExecutor' (OnClassCondition)

   TaskExecutorConfigurations.SimpleAsyncTaskExecutorBuilderConfiguration#simpleAsyncTaskExecutorBuilder matched:
      - @ConditionalOnMissingBean (types: org.springframework.boot.task.SimpleAsyncTaskExecutorBuilder; SearchStrategy: all) did not find any beans (OnBeanCondition)
      - @ConditionalOnThreading found PLATFORM (OnThreadingCondition)

   TaskExecutorConfigurations.TaskExecutorConfiguration matched:
      - @ConditionalOnMissingBean (types: java.util.concurrent.Executor; SearchStrategy: all) did not find any beans (OnBeanCondition)

   TaskExecutorConfigurations.TaskExecutorConfiguration#applicationTaskExecutor matched:
      - @ConditionalOnThreading found PLATFORM (OnThreadingCondition)

   TaskExecutorConfigurations.ThreadPoolTaskExecutorBuilderConfiguration#threadPoolTaskExecutorBuilder matched:
      - @ConditionalOnMissingBean (types: org.springframework.boot.task.ThreadPoolTaskExecutorBuilder; SearchStrategy: all) did not find any beans (OnBeanCondition)

   TaskSchedulingAutoConfiguration matched:
      - @ConditionalOnClass found required class 'org.springframework.scheduling.concurrent.ThreadPoolTaskScheduler' (OnClassCondition)

   TaskSchedulingConfigurations.SimpleAsyncTaskSchedulerBuilderConfiguration#simpleAsyncTaskSchedulerBuilder matched:
      - @ConditionalOnMissingBean (types: org.springframework.boot.task.SimpleAsyncTaskSchedulerBuilder; SearchStrategy: all) did not find any beans (OnBeanCondition)
      - @ConditionalOnThreading found PLATFORM (OnThreadingCondition)

   TaskSchedulingConfigurations.ThreadPoolTaskSchedulerBuilderConfiguration#threadPoolTaskSchedulerBuilder matched:
      - @ConditionalOnMissingBean (types: org.springframework.boot.task.ThreadPoolTaskSchedulerBuilder; SearchStrategy: all) did not find any beans (OnBeanCondition)

   TemplateEngineConfigurations.DefaultTemplateEngineConfiguration#templateEngine matched:
      - @ConditionalOnMissingBean (types: org.thymeleaf.spring6.ISpringTemplateEngine; SearchStrategy: all) did not find any beans (OnBeanCondition)

   ThymeleafAutoConfiguration matched:
      - @ConditionalOnClass found required classes 'org.thymeleaf.templatemode.TemplateMode', 'org.thymeleaf.spring6.SpringTemplateEngine' (OnClassCondition)

   ThymeleafAutoConfiguration.DefaultTemplateResolverConfiguration matched:
      - @ConditionalOnMissingBean (names: defaultTemplateResolver; SearchStrategy: all) did not find any beans (OnBeanCondition)

   ThymeleafAutoConfiguration.ThymeleafWebMvcConfiguration matched:
      - found 'session' scope (OnWebApplicationCondition)
      - @ConditionalOnProperty (spring.thymeleaf.enabled) matched (OnPropertyCondition)

   ThymeleafAutoConfiguration.ThymeleafWebMvcConfiguration.ThymeleafViewResolverConfiguration matched:
      - @ConditionalOnClass found required class 'org.springframework.web.servlet.view.AbstractCachingViewResolver' (OnClassCondition)

   ThymeleafAutoConfiguration.ThymeleafWebMvcConfiguration.ThymeleafViewResolverConfiguration#thymeleafViewResolver matched:
      - @ConditionalOnMissingBean (names: thymeleafViewResolver; SearchStrategy: all) did not find any beans (OnBeanCondition)

   TransactionAutoConfiguration matched:
      - @ConditionalOnClass found required class 'org.springframework.transaction.PlatformTransactionManager' (OnClassCondition)

   TransactionAutoConfiguration.EnableTransactionManagementConfiguration matched:
      - @ConditionalOnBean (types: org.springframework.transaction.TransactionManager; SearchStrategy: all) found bean 'transactionManager'; @ConditionalOnMissingBean (types: org.springframework.transaction.annotation.AbstractTransactionManagementConfiguration; SearchStrategy: all) did not find any beans (OnBeanCondition)

   TransactionAutoConfiguration.EnableTransactionManagementConfiguration.CglibAutoProxyConfiguration matched:
      - @ConditionalOnProperty (spring.aop.proxy-target-class=true) matched (OnPropertyCondition)

   TransactionAutoConfiguration.TransactionTemplateConfiguration matched:
      - @ConditionalOnSingleCandidate (types: org.springframework.transaction.PlatformTransactionManager; SearchStrategy: all) found a single bean 'transactionManager' (OnBeanCondition)

   TransactionAutoConfiguration.TransactionTemplateConfiguration#transactionTemplate matched:
      - @ConditionalOnMissingBean (types: org.springframework.transaction.support.TransactionOperations; SearchStrategy: all) did not find any beans (OnBeanCondition)

   TransactionManagerCustomizationAutoConfiguration matched:
      - @ConditionalOnClass found required class 'org.springframework.transaction.PlatformTransactionManager' (OnClassCondition)

   TransactionManagerCustomizationAutoConfiguration#platformTransactionManagerCustomizers matched:
      - @ConditionalOnMissingBean (types: org.springframework.boot.autoconfigure.transaction.TransactionManagerCustomizers; SearchStrategy: all) did not find any beans (OnBeanCondition)

   WebMvcAutoConfiguration matched:
      - @ConditionalOnClass found required classes 'jakarta.servlet.Servlet', 'org.springframework.web.servlet.DispatcherServlet', 'org.springframework.web.servlet.config.annotation.WebMvcConfigurer' (OnClassCondition)
      - found 'session' scope (OnWebApplicationCondition)
      - @ConditionalOnMissingBean (types: org.springframework.web.servlet.config.annotation.WebMvcConfigurationSupport; SearchStrategy: all) did not find any beans (OnBeanCondition)

   WebMvcAutoConfiguration#formContentFilter matched:
      - @ConditionalOnProperty (spring.mvc.formcontent.filter.enabled) matched (OnPropertyCondition)
      - @ConditionalOnMissingBean (types: org.springframework.web.filter.FormContentFilter; SearchStrategy: all) did not find any beans (OnBeanCondition)

   WebMvcAutoConfiguration.EnableWebMvcConfiguration#flashMapManager matched:
      - @ConditionalOnMissingBean (names: flashMapManager; SearchStrategy: all) did not find any beans (OnBeanCondition)

   WebMvcAutoConfiguration.EnableWebMvcConfiguration#localeResolver matched:
      - @ConditionalOnMissingBean (names: localeResolver; SearchStrategy: all) did not find any beans (OnBeanCondition)

   WebMvcAutoConfiguration.EnableWebMvcConfiguration#themeResolver matched:
      - @ConditionalOnMissingBean (names: themeResolver; SearchStrategy: all) did not find any beans (OnBeanCondition)

   WebMvcAutoConfiguration.EnableWebMvcConfiguration#viewNameTranslator matched:
      - @ConditionalOnMissingBean (names: viewNameTranslator; SearchStrategy: all) did not find any beans (OnBeanCondition)

   WebMvcAutoConfiguration.WebMvcAutoConfigurationAdapter#defaultViewResolver matched:
      - @ConditionalOnMissingBean (types: org.springframework.web.servlet.view.InternalResourceViewResolver; SearchStrategy: all) did not find any beans (OnBeanCondition)

   WebMvcAutoConfiguration.WebMvcAutoConfigurationAdapter#requestContextFilter matched:
      - @ConditionalOnMissingBean (types: org.springframework.web.context.request.RequestContextListener,org.springframework.web.filter.RequestContextFilter; SearchStrategy: all) did not find any beans (OnBeanCondition)

   WebMvcAutoConfiguration.WebMvcAutoConfigurationAdapter#viewResolver matched:
      - @ConditionalOnBean (types: org.springframework.web.servlet.ViewResolver; SearchStrategy: all) found beans 'defaultViewResolver', 'mvcViewResolver'; @ConditionalOnMissingBean (names: viewResolver types: org.springframework.web.servlet.view.ContentNegotiatingViewResolver; SearchStrategy: all) did not find any beans (OnBeanCondition)

   WebSocketServletAutoConfiguration matched:
      - @ConditionalOnClass found required classes 'jakarta.servlet.Servlet', 'jakarta.websocket.server.ServerContainer' (OnClassCondition)
      - found 'session' scope (OnWebApplicationCondition)

   WebSocketServletAutoConfiguration.TomcatWebSocketConfiguration matched:
      - @ConditionalOnClass found required classes 'org.apache.catalina.startup.Tomcat', 'org.apache.tomcat.websocket.server.WsSci' (OnClassCondition)

   WebSocketServletAutoConfiguration.TomcatWebSocketConfiguration#websocketServletWebServerCustomizer matched:
      - @ConditionalOnMissingBean (names: websocketServletWebServerCustomizer; SearchStrategy: all) did not find any beans (OnBeanCondition)


Negative matches:
-----------------

   ActiveMQAutoConfiguration:
      Did not match:
         - @ConditionalOnClass did not find required class 'jakarta.jms.ConnectionFactory' (OnClassCondition)

   AopAutoConfiguration.AspectJAutoProxyingConfiguration.JdkDynamicAutoProxyConfiguration:
      Did not match:
         - @ConditionalOnProperty (spring.aop.proxy-target-class=false) did not find property 'proxy-target-class' (OnPropertyCondition)

   AopAutoConfiguration.ClassProxyingConfiguration:
      Did not match:
         - @ConditionalOnMissingClass found unwanted class 'org.aspectj.weaver.Advice' (OnClassCondition)

   ArtemisAutoConfiguration:
      Did not match:
         - @ConditionalOnClass did not find required class 'jakarta.jms.ConnectionFactory' (OnClassCondition)

   BatchAutoConfiguration:
      Did not match:
         - @ConditionalOnClass did not find required class 'org.springframework.batch.core.launch.JobLauncher' (OnClassCondition)

   Cache2kCacheConfiguration:
      Did not match:
         - @ConditionalOnClass did not find required class 'org.cache2k.Cache2kBuilder' (OnClassCondition)

   CacheAutoConfiguration:
      Did not match:
         - @ConditionalOnBean (types: org.springframework.cache.interceptor.CacheAspectSupport; SearchStrategy: all) did not find any beans of type org.springframework.cache.interceptor.CacheAspectSupport (OnBeanCondition)
      Matched:
         - @ConditionalOnClass found required class 'org.springframework.cache.CacheManager' (OnClassCondition)

   CacheAutoConfiguration.CacheManagerEntityManagerFactoryDependsOnPostProcessor:
      Did not match:
         - @ConditionalOnClass did not find required class 'org.springframework.orm.jpa.LocalContainerEntityManagerFactoryBean' (OnClassCondition)
         - Ancestor org.springframework.boot.autoconfigure.cache.CacheAutoConfiguration did not match (ConditionEvaluationReport.AncestorsMatchedCondition)

   CaffeineCacheConfiguration:
      Did not match:
         - @ConditionalOnClass did not find required class 'com.github.benmanes.caffeine.cache.Caffeine' (OnClassCondition)

   CassandraAutoConfiguration:
      Did not match:
         - @ConditionalOnClass did not find required class 'com.datastax.oss.driver.api.core.CqlSession' (OnClassCondition)

   CassandraDataAutoConfiguration:
      Did not match:
         - @ConditionalOnClass did not find required class 'com.datastax.oss.driver.api.core.CqlSession' (OnClassCondition)

   CassandraReactiveDataAutoConfiguration:
      Did not match:
         - @ConditionalOnClass did not find required class 'com.datastax.oss.driver.api.core.CqlSession' (OnClassCondition)

   CassandraReactiveRepositoriesAutoConfiguration:
      Did not match:
         - @ConditionalOnClass did not find required class 'org.springframework.data.cassandra.ReactiveSession' (OnClassCondition)

   CassandraRepositoriesAutoConfiguration:
      Did not match:
         - @ConditionalOnClass did not find required class 'com.datastax.oss.driver.api.core.CqlSession' (OnClassCondition)

   ClientHttpConnectorAutoConfiguration:
      Did not match:
         - @ConditionalOnClass did not find required class 'org.springframework.web.reactive.function.client.WebClient' (OnClassCondition)

   CodecsAutoConfiguration:
      Did not match:
         - @ConditionalOnClass did not find required class 'org.springframework.web.reactive.function.client.WebClient' (OnClassCondition)

   CouchbaseAutoConfiguration:
      Did not match:
         - @ConditionalOnClass did not find required class 'com.couchbase.client.java.Cluster' (OnClassCondition)

   CouchbaseCacheConfiguration:
      Did not match:
         - @ConditionalOnClass did not find required class 'com.couchbase.client.java.Cluster' (OnClassCondition)

   CouchbaseDataAutoConfiguration:
      Did not match:
         - @ConditionalOnClass did not find required class 'com.couchbase.client.java.Bucket' (OnClassCondition)

   CouchbaseReactiveDataAutoConfiguration:
      Did not match:
         - @ConditionalOnClass did not find required class 'com.couchbase.client.java.Cluster' (OnClassCondition)

   CouchbaseReactiveRepositoriesAutoConfiguration:
      Did not match:
         - @ConditionalOnClass did not find required class 'com.couchbase.client.java.Cluster' (OnClassCondition)

   CouchbaseRepositoriesAutoConfiguration:
      Did not match:
         - @ConditionalOnClass did not find required class 'com.couchbase.client.java.Bucket' (OnClassCondition)

   DataSourceAutoConfiguration.EmbeddedDatabaseConfiguration:
      Did not match:
         - EmbeddedDataSource spring.datasource.url is set (DataSourceAutoConfiguration.EmbeddedDatabaseCondition)

   DataSourceCheckpointRestoreConfiguration:
      Did not match:
         - @ConditionalOnClass did not find required class 'org.crac.Resource' (OnClassCondition)

   DataSourceConfiguration.Dbcp2:
      Did not match:
         - @ConditionalOnClass did not find required class 'org.apache.commons.dbcp2.BasicDataSource' (OnClassCondition)

   DataSourceConfiguration.Generic:
      Did not match:
         - @ConditionalOnProperty (spring.datasource.type) did not find property 'spring.datasource.type' (OnPropertyCondition)

   DataSourceConfiguration.OracleUcp:
      Did not match:
         - @ConditionalOnClass did not find required classes 'oracle.ucp.jdbc.PoolDataSourceImpl', 'oracle.jdbc.OracleConnection' (OnClassCondition)

   DataSourceConfiguration.Tomcat:
      Did not match:
         - @ConditionalOnClass did not find required class 'org.apache.tomcat.jdbc.pool.DataSource' (OnClassCondition)

   DataSourceJmxConfiguration.TomcatDataSourceJmxConfiguration:
      Did not match:
         - @ConditionalOnClass did not find required class 'org.apache.tomcat.jdbc.pool.DataSourceProxy' (OnClassCondition)

   DataSourcePoolMetadataProvidersConfiguration.CommonsDbcp2PoolDataSourceMetadataProviderConfiguration:
      Did not match:
         - @ConditionalOnClass did not find required class 'org.apache.commons.dbcp2.BasicDataSource' (OnClassCondition)

   DataSourcePoolMetadataProvidersConfiguration.OracleUcpPoolDataSourceMetadataProviderConfiguration:
      Did not match:
         - @ConditionalOnClass did not find required classes 'oracle.ucp.jdbc.PoolDataSource', 'oracle.jdbc.OracleConnection' (OnClassCondition)

   DataSourcePoolMetadataProvidersConfiguration.TomcatDataSourcePoolMetadataProviderConfiguration:
      Did not match:
         - @ConditionalOnClass did not find required class 'org.apache.tomcat.jdbc.pool.DataSource' (OnClassCondition)

   DevToolsDataSourceAutoConfiguration.DatabaseShutdownExecutorEntityManagerFactoryDependsOnPostProcessor:
      Did not match:
         - @ConditionalOnClass did not find required class 'org.springframework.orm.jpa.LocalContainerEntityManagerFactoryBean' (OnClassCondition)

   DevToolsR2dbcAutoConfiguration:
      Did not match:
         - @ConditionalOnClass did not find required class 'io.r2dbc.spi.ConnectionFactory' (OnClassCondition)

   DispatcherServletAutoConfiguration.DispatcherServletConfiguration#multipartResolver:
      Did not match:
         - @ConditionalOnBean (types: org.springframework.web.multipart.MultipartResolver; SearchStrategy: all) did not find any beans of type org.springframework.web.multipart.MultipartResolver (OnBeanCondition)

   ElasticsearchClientConfigurations.JsonbJsonpMapperConfiguration:
      Did not match:
         - @ConditionalOnBean did not find required type 'jakarta.json.bind.Jsonb' (OnBeanCondition)
         - @ConditionalOnBean (types: jakarta.json.bind.Jsonb; SearchStrategy: all) did not find any beans of type jakarta.json.bind.Jsonb (OnBeanCondition)

   ElasticsearchClientConfigurations.SimpleJsonpMapperConfiguration:
      Did not match:
         - @ConditionalOnMissingBean (types: co.elastic.clients.json.JsonpMapper; SearchStrategy: all) found beans of type 'co.elastic.clients.json.JsonpMapper' jacksonJsonpMapper (OnBeanCondition)

   ElasticsearchRestClientConfigurations.RestClientSnifferConfiguration:
      Did not match:
         - @ConditionalOnClass did not find required class 'org.elasticsearch.client.sniff.Sniffer' (OnClassCondition)

   EmbeddedLdapAutoConfiguration:
      Did not match:
         - @ConditionalOnClass did not find required class 'com.unboundid.ldap.listener.InMemoryDirectoryServer' (OnClassCondition)

   EmbeddedWebServerFactoryCustomizerAutoConfiguration.JettyWebServerFactoryCustomizerConfiguration:
      Did not match:
         - @ConditionalOnClass did not find required classes 'org.eclipse.jetty.server.Server', 'org.eclipse.jetty.util.Loader', 'org.eclipse.jetty.ee10.webapp.WebAppContext' (OnClassCondition)

   EmbeddedWebServerFactoryCustomizerAutoConfiguration.NettyWebServerFactoryCustomizerConfiguration:
      Did not match:
         - @ConditionalOnClass did not find required class 'reactor.netty.http.server.HttpServer' (OnClassCondition)

   EmbeddedWebServerFactoryCustomizerAutoConfiguration.TomcatWebServerFactoryCustomizerConfiguration#tomcatVirtualThreadsProtocolHandlerCustomizer:
      Did not match:
         - @ConditionalOnThreading did not find VIRTUAL (OnThreadingCondition)

   EmbeddedWebServerFactoryCustomizerAutoConfiguration.UndertowWebServerFactoryCustomizerConfiguration:
      Did not match:
         - @ConditionalOnClass did not find required classes 'io.undertow.Undertow', 'org.xnio.SslClientAuthMode' (OnClassCondition)

   ErrorMvcAutoConfiguration.WhitelabelErrorViewConfiguration:
      Did not match:
         - ErrorTemplate Missing found template from org.springframework.boot.autoconfigure.thymeleaf.ThymeleafTemplateAvailabilityProvider@63296741 (ErrorMvcAutoConfiguration.ErrorTemplateMissingCondition)
      Matched:
         - @ConditionalOnProperty (server.error.whitelabel.enabled) matched (OnPropertyCondition)

   ErrorWebFluxAutoConfiguration:
      Did not match:
         - @ConditionalOnClass did not find required class 'org.springframework.web.reactive.config.WebFluxConfigurer' (OnClassCondition)

   FlywayAutoConfiguration:
      Did not match:
         - @ConditionalOnClass did not find required class 'org.flywaydb.core.Flyway' (OnClassCondition)

   FreeMarkerNonWebConfiguration:
      Did not match:
         - @ConditionalOnWebApplication found 'session' scope and did not find reactive web application classes (OnWebApplicationCondition)

   FreeMarkerReactiveWebConfiguration:
      Did not match:
         - did not find reactive web application classes (OnWebApplicationCondition)

   FreeMarkerServletWebConfiguration#resourceUrlEncodingFilter:
      Did not match:
         - @ConditionalOnEnabledResourceChain did not find class org.webjars.WebJarVersionLocator (OnEnabledResourceChainCondition)

   GraphQlAutoConfiguration:
      Did not match:
         - @ConditionalOnClass did not find required class 'graphql.GraphQL' (OnClassCondition)

   GraphQlQueryByExampleAutoConfiguration:
      Did not match:
         - @ConditionalOnClass did not find required class 'graphql.GraphQL' (OnClassCondition)

   GraphQlQuerydslAutoConfiguration:
      Did not match:
         - @ConditionalOnClass did not find required class 'com.querydsl.core.Query' (OnClassCondition)

   GraphQlRSocketAutoConfiguration:
      Did not match:
         - @ConditionalOnClass did not find required class 'graphql.GraphQL' (OnClassCondition)

   GraphQlReactiveQueryByExampleAutoConfiguration:
      Did not match:
         - @ConditionalOnClass did not find required class 'graphql.GraphQL' (OnClassCondition)

   GraphQlReactiveQuerydslAutoConfiguration:
      Did not match:
         - @ConditionalOnClass did not find required class 'com.querydsl.core.Query' (OnClassCondition)

   GraphQlWebFluxAutoConfiguration:
      Did not match:
         - @ConditionalOnClass did not find required class 'graphql.GraphQL' (OnClassCondition)

   GraphQlWebFluxSecurityAutoConfiguration:
      Did not match:
         - @ConditionalOnClass did not find required class 'graphql.GraphQL' (OnClassCondition)

   GraphQlWebMvcAutoConfiguration:
      Did not match:
         - @ConditionalOnClass did not find required class 'graphql.GraphQL' (OnClassCondition)

   GraphQlWebMvcSecurityAutoConfiguration:
      Did not match:
         - @ConditionalOnClass did not find required class 'graphql.GraphQL' (OnClassCondition)

   GroovyTemplateAutoConfiguration:
      Did not match:
         - @ConditionalOnClass did not find required class 'groovy.text.markup.MarkupTemplateEngine' (OnClassCondition)

   GsonAutoConfiguration:
      Did not match:
         - @ConditionalOnClass did not find required class 'com.google.gson.Gson' (OnClassCondition)

   GsonHttpMessageConvertersConfiguration:
      Did not match:
         - @ConditionalOnClass did not find required class 'com.google.gson.Gson' (OnClassCondition)

   H2ConsoleAutoConfiguration:
      Did not match:
         - @ConditionalOnClass did not find required class 'org.h2.server.web.JakartaWebServlet' (OnClassCondition)

   HazelcastAutoConfiguration:
      Did not match:
         - @ConditionalOnClass did not find required class 'com.hazelcast.core.HazelcastInstance' (OnClassCondition)

   HazelcastCacheConfiguration:
      Did not match:
         - @ConditionalOnClass did not find required class 'com.hazelcast.core.HazelcastInstance' (OnClassCondition)

   HazelcastJpaDependencyAutoConfiguration:
      Did not match:
         - @ConditionalOnClass did not find required class 'com.hazelcast.core.HazelcastInstance' (OnClassCondition)

   HibernateJpaAutoConfiguration:
      Did not match:
         - @ConditionalOnClass did not find required class 'jakarta.persistence.EntityManager' (OnClassCondition)

   HttpHandlerAutoConfiguration:
      Did not match:
         - @ConditionalOnClass did not find required class 'org.springframework.web.reactive.DispatcherHandler' (OnClassCondition)

   HypermediaAutoConfiguration:
      Did not match:
         - @ConditionalOnClass did not find required class 'org.springframework.hateoas.EntityModel' (OnClassCondition)

   IdentifierGeneratorAutoConfiguration:
      Did not match:
         - @ConditionalOnClass did not find required class 'org.springframework.cloud.commons.util.InetUtils' (OnClassCondition)

   InfinispanCacheConfiguration:
      Did not match:
         - @ConditionalOnClass did not find required class 'org.infinispan.spring.embedded.provider.SpringEmbeddedCacheManager' (OnClassCondition)

   IntegrationAutoConfiguration:
      Did not match:
         - @ConditionalOnClass did not find required class 'org.springframework.integration.config.EnableIntegration' (OnClassCondition)

   JCacheCacheConfiguration:
      Did not match:
         - @ConditionalOnClass did not find required class 'javax.cache.Caching' (OnClassCondition)

   JacksonAutoConfiguration.JacksonObjectMapperConfiguration#jacksonObjectMapper:
      Did not match:
         - @ConditionalOnMissingBean (types: com.fasterxml.jackson.databind.ObjectMapper; SearchStrategy: all) found beans of type 'com.fasterxml.jackson.databind.ObjectMapper' objectMapper (OnBeanCondition)

   JacksonHttpMessageConvertersConfiguration.MappingJackson2HttpMessageConverterConfiguration#mappingJackson2HttpMessageConverter:
      Did not match:
         - @ConditionalOnMissingBean (types: org.springframework.http.converter.json.MappingJackson2HttpMessageConverter ignored: org.springframework.hateoas.server.mvc.TypeConstrainedMappingJackson2HttpMessageConverter,org.springframework.data.rest.webmvc.alps.AlpsJsonHttpMessageConverter; SearchStrategy: all) found beans of type 'org.springframework.http.converter.json.MappingJackson2HttpMessageConverter' mappingJackson2HttpMessageConverter (OnBeanCondition)

   JacksonHttpMessageConvertersConfiguration.MappingJackson2XmlHttpMessageConverterConfiguration:
      Did not match:
         - @ConditionalOnClass did not find required class 'com.fasterxml.jackson.dataformat.xml.XmlMapper' (OnClassCondition)

   JdbcRepositoriesAutoConfiguration:
      Did not match:
         - @ConditionalOnClass did not find required class 'org.springframework.data.jdbc.repository.config.AbstractJdbcConfiguration' (OnClassCondition)

   JedisConnectionConfiguration:
      Did not match:
         - @ConditionalOnClass did not find required classes 'org.apache.commons.pool2.impl.GenericObjectPool', 'redis.clients.jedis.Jedis' (OnClassCondition)

   JerseyAutoConfiguration:
      Did not match:
         - @ConditionalOnClass did not find required class 'org.glassfish.jersey.server.spring.SpringComponentProvider' (OnClassCondition)

   JmsAutoConfiguration:
      Did not match:
         - @ConditionalOnClass did not find required class 'jakarta.jms.Message' (OnClassCondition)

   JmxAutoConfiguration:
      Did not match:
         - @ConditionalOnProperty (spring.jmx.enabled=true) did not find property 'enabled' (OnPropertyCondition)
      Matched:
         - @ConditionalOnClass found required class 'org.springframework.jmx.export.MBeanExporter' (OnClassCondition)

   JndiConnectionFactoryAutoConfiguration:
      Did not match:
         - @ConditionalOnClass did not find required class 'org.springframework.jms.core.JmsTemplate' (OnClassCondition)

   JndiDataSourceAutoConfiguration:
      Did not match:
         - @ConditionalOnProperty (spring.datasource.jndi-name) did not find property 'jndi-name' (OnPropertyCondition)
      Matched:
         - @ConditionalOnClass found required classes 'javax.sql.DataSource', 'org.springframework.jdbc.datasource.embedded.EmbeddedDatabaseType' (OnClassCondition)

   JooqAutoConfiguration:
      Did not match:
         - @ConditionalOnClass did not find required class 'org.jooq.DSLContext' (OnClassCondition)

   JpaRepositoriesAutoConfiguration:
      Did not match:
         - @ConditionalOnClass did not find required class 'org.springframework.data.jpa.repository.JpaRepository' (OnClassCondition)

   JsonbAutoConfiguration:
      Did not match:
         - @ConditionalOnClass did not find required class 'jakarta.json.bind.Jsonb' (OnClassCondition)

   JsonbHttpMessageConvertersConfiguration:
      Did not match:
         - @ConditionalOnClass did not find required class 'jakarta.json.bind.Jsonb' (OnClassCondition)

   JtaAutoConfiguration:
      Did not match:
         - @ConditionalOnClass did not find required class 'jakarta.transaction.Transaction' (OnClassCondition)

   KafkaAutoConfiguration:
      Did not match:
         - @ConditionalOnClass did not find required class 'org.springframework.kafka.core.KafkaTemplate' (OnClassCondition)

   LdapAutoConfiguration:
      Did not match:
         - @ConditionalOnClass did not find required class 'org.springframework.ldap.core.ContextSource' (OnClassCondition)

   LdapRepositoriesAutoConfiguration:
      Did not match:
         - @ConditionalOnClass did not find required class 'org.springframework.data.ldap.repository.LdapRepository' (OnClassCondition)

   LettuceConnectionConfiguration#redisConnectionFactoryVirtualThreads:
      Did not match:
         - @ConditionalOnMissingBean (types: org.springframework.data.redis.connection.RedisConnectionFactory; SearchStrategy: all) found beans of type 'org.springframework.data.redis.connection.RedisConnectionFactory' redisConnectionFactory (OnBeanCondition)

   LiquibaseAutoConfiguration:
      Did not match:
         - @ConditionalOnClass did not find required class 'liquibase.change.DatabaseChange' (OnClassCondition)

   MailSenderAutoConfiguration:
      Did not match:
         - @ConditionalOnClass did not find required class 'jakarta.mail.internet.MimeMessage' (OnClassCondition)

   MailSenderValidatorAutoConfiguration:
      Did not match:
         - @ConditionalOnProperty (spring.mail.test-connection) did not find property 'test-connection' (OnPropertyCondition)

   MessageSourceAutoConfiguration:
      Did not match:
         - ResourceBundle did not find bundle with basename messages (MessageSourceAutoConfiguration.ResourceBundleCondition)

   MongoAutoConfiguration:
      Did not match:
         - @ConditionalOnClass did not find required class 'com.mongodb.client.MongoClient' (OnClassCondition)

   MongoDataAutoConfiguration:
      Did not match:
         - @ConditionalOnClass did not find required class 'com.mongodb.client.MongoClient' (OnClassCondition)

   MongoReactiveAutoConfiguration:
      Did not match:
         - @ConditionalOnClass did not find required class 'com.mongodb.reactivestreams.client.MongoClient' (OnClassCondition)

   MongoReactiveDataAutoConfiguration:
      Did not match:
         - @ConditionalOnClass did not find required class 'com.mongodb.reactivestreams.client.MongoClient' (OnClassCondition)

   MongoReactiveRepositoriesAutoConfiguration:
      Did not match:
         - @ConditionalOnClass did not find required class 'com.mongodb.reactivestreams.client.MongoClient' (OnClassCondition)

   MongoRepositoriesAutoConfiguration:
      Did not match:
         - @ConditionalOnClass did not find required class 'com.mongodb.client.MongoClient' (OnClassCondition)

   MustacheAutoConfiguration:
      Did not match:
         - @ConditionalOnClass did not find required class 'com.samskivert.mustache.Mustache' (OnClassCondition)

   MybatisPlusInnerInterceptorAutoConfiguration:
      Did not match:
         - @ConditionalOnBean (types: com.baomidou.mybatisplus.extension.plugins.inner.InnerInterceptor; SearchStrategy: all) did not find any beans of type com.baomidou.mybatisplus.extension.plugins.inner.InnerInterceptor (OnBeanCondition)

   MybatisPlusLanguageDriverAutoConfiguration.FreeMarkerConfiguration:
      Did not match:
         - @ConditionalOnClass did not find required classes 'org.mybatis.scripting.freemarker.FreeMarkerLanguageDriver', 'org.mybatis.scripting.freemarker.FreeMarkerLanguageDriverConfig' (OnClassCondition)

   MybatisPlusLanguageDriverAutoConfiguration.LegacyFreeMarkerConfiguration:
      Did not match:
         - @ConditionalOnClass did not find required class 'org.mybatis.scripting.freemarker.FreeMarkerLanguageDriver' (OnClassCondition)

   MybatisPlusLanguageDriverAutoConfiguration.LegacyVelocityConfiguration:
      Did not match:
         - @ConditionalOnClass did not find required class 'org.mybatis.scripting.velocity.Driver' (OnClassCondition)

   MybatisPlusLanguageDriverAutoConfiguration.ThymeleafConfiguration:
      Did not match:
         - @ConditionalOnClass did not find required class 'org.mybatis.scripting.thymeleaf.ThymeleafLanguageDriver' (OnClassCondition)

   MybatisPlusLanguageDriverAutoConfiguration.VelocityConfiguration:
      Did not match:
         - @ConditionalOnClass did not find required classes 'org.mybatis.scripting.velocity.VelocityLanguageDriver', 'org.mybatis.scripting.velocity.VelocityLanguageDriverConfig' (OnClassCondition)

   Neo4jAutoConfiguration:
      Did not match:
         - @ConditionalOnClass did not find required class 'org.neo4j.driver.Driver' (OnClassCondition)

   Neo4jDataAutoConfiguration:
      Did not match:
         - @ConditionalOnClass did not find required class 'org.neo4j.driver.Driver' (OnClassCondition)

   Neo4jReactiveDataAutoConfiguration:
      Did not match:
         - @ConditionalOnClass did not find required class 'org.neo4j.driver.Driver' (OnClassCondition)

   Neo4jReactiveRepositoriesAutoConfiguration:
      Did not match:
         - @ConditionalOnClass did not find required class 'org.neo4j.driver.Driver' (OnClassCondition)

   Neo4jRepositoriesAutoConfiguration:
      Did not match:
         - @ConditionalOnClass did not find required class 'org.neo4j.driver.Driver' (OnClassCondition)

   OAuth2AuthorizationServerAutoConfiguration:
      Did not match:
         - @ConditionalOnClass did not find required class 'org.springframework.security.oauth2.server.authorization.OAuth2Authorization' (OnClassCondition)

   OAuth2AuthorizationServerJwtAutoConfiguration:
      Did not match:
         - @ConditionalOnClass did not find required class 'com.nimbusds.jose.jwk.source.JWKSource' (OnClassCondition)

   OAuth2ClientAutoConfiguration:
      Did not match:
         - @ConditionalOnClass did not find required class 'org.springframework.security.oauth2.client.registration.ClientRegistration' (OnClassCondition)

   OAuth2ResourceServerAutoConfiguration:
      Did not match:
         - @ConditionalOnClass did not find required class 'org.springframework.security.oauth2.server.resource.authentication.BearerTokenAuthenticationToken' (OnClassCondition)

   ProjectInfoAutoConfiguration#buildProperties:
      Did not match:
         - @ConditionalOnResource did not find resource '${spring.info.build.location:classpath:META-INF/build-info.properties}' (OnResourceCondition)

   ProjectInfoAutoConfiguration#gitProperties:
      Did not match:
         - GitResource did not find git info at classpath:git.properties (ProjectInfoAutoConfiguration.GitResourceAvailableCondition)

   PulsarAutoConfiguration:
      Did not match:
         - @ConditionalOnClass did not find required class 'org.apache.pulsar.client.api.PulsarClient' (OnClassCondition)

   PulsarReactiveAutoConfiguration:
      Did not match:
         - @ConditionalOnClass did not find required class 'org.apache.pulsar.client.api.PulsarClient' (OnClassCondition)

   QuartzAutoConfiguration:
      Did not match:
         - @ConditionalOnClass did not find required class 'org.quartz.Scheduler' (OnClassCondition)

   R2dbcAutoConfiguration:
      Did not match:
         - @ConditionalOnClass did not find required class 'io.r2dbc.spi.ConnectionFactory' (OnClassCondition)

   R2dbcDataAutoConfiguration:
      Did not match:
         - @ConditionalOnClass did not find required class 'org.springframework.data.r2dbc.core.R2dbcEntityTemplate' (OnClassCondition)

   R2dbcInitializationConfiguration:
      Did not match:
         - @ConditionalOnClass did not find required classes 'io.r2dbc.spi.ConnectionFactory', 'org.springframework.r2dbc.connection.init.DatabasePopulator' (OnClassCondition)

   R2dbcProxyAutoConfiguration:
      Did not match:
         - @ConditionalOnClass did not find required class 'io.r2dbc.proxy.ProxyConnectionFactory' (OnClassCondition)

   R2dbcRepositoriesAutoConfiguration:
      Did not match:
         - @ConditionalOnClass did not find required class 'io.r2dbc.spi.ConnectionFactory' (OnClassCondition)

   R2dbcTransactionManagerAutoConfiguration:
      Did not match:
         - @ConditionalOnClass did not find required class 'org.springframework.r2dbc.connection.R2dbcTransactionManager' (OnClassCondition)

   RSocketGraphQlClientAutoConfiguration:
      Did not match:
         - @ConditionalOnClass did not find required class 'graphql.GraphQL' (OnClassCondition)

   RSocketMessagingAutoConfiguration:
      Did not match:
         - @ConditionalOnClass did not find required class 'io.rsocket.RSocket' (OnClassCondition)

   RSocketRequesterAutoConfiguration:
      Did not match:
         - @ConditionalOnClass did not find required class 'io.rsocket.RSocket' (OnClassCondition)

   RSocketSecurityAutoConfiguration:
      Did not match:
         - @ConditionalOnClass did not find required class 'org.springframework.security.rsocket.core.SecuritySocketAcceptorInterceptor' (OnClassCondition)

   RSocketServerAutoConfiguration:
      Did not match:
         - @ConditionalOnClass did not find required class 'io.rsocket.core.RSocketServer' (OnClassCondition)

   RSocketStrategiesAutoConfiguration:
      Did not match:
         - @ConditionalOnClass did not find required class 'io.rsocket.RSocket' (OnClassCondition)

   ReactiveMultipartAutoConfiguration:
      Did not match:
         - @ConditionalOnClass did not find required class 'org.springframework.web.reactive.config.WebFluxConfigurer' (OnClassCondition)

   ReactiveOAuth2ClientAutoConfiguration:
      Did not match:
         - @ConditionalOnClass did not find required class 'org.springframework.security.oauth2.client.registration.ClientRegistration' (OnClassCondition)

   ReactiveOAuth2ResourceServerAutoConfiguration:
      Did not match:
         - @ConditionalOnWebApplication did not find reactive web application classes (OnWebApplicationCondition)

   ReactiveSecurityAutoConfiguration:
      Did not match:
         - @ConditionalOnClass did not find required class 'org.springframework.web.reactive.config.WebFluxConfigurer' (OnClassCondition)

   ReactiveUserDetailsServiceAutoConfiguration:
      Did not match:
         - AnyNestedCondition 0 matched 2 did not; NestedCondition on ReactiveUserDetailsServiceAutoConfiguration.RSocketEnabledOrReactiveWebApplication.ReactiveWebApplicationCondition did not find reactive web application classes; NestedCondition on ReactiveUserDetailsServiceAutoConfiguration.RSocketEnabledOrReactiveWebApplication.RSocketSecurityEnabledCondition @ConditionalOnBean (types: org.springframework.messaging.rsocket.annotation.support.RSocketMessageHandler; SearchStrategy: all) did not find any beans of type org.springframework.messaging.rsocket.annotation.support.RSocketMessageHandler (ReactiveUserDetailsServiceAutoConfiguration.RSocketEnabledOrReactiveWebApplication)
      Matched:
         - @ConditionalOnClass found required class 'org.springframework.security.authentication.ReactiveAuthenticationManager' (OnClassCondition)
         - AnyNestedCondition 1 matched 2 did not; NestedCondition on ReactiveUserDetailsServiceAutoConfiguration.MissingAlternativeOrUserPropertiesConfigured.PasswordConfigured @ConditionalOnProperty (spring.security.user.password) did not find property 'password'; NestedCondition on ReactiveUserDetailsServiceAutoConfiguration.MissingAlternativeOrUserPropertiesConfigured.NameConfigured @ConditionalOnProperty (spring.security.user.name) did not find property 'name'; NestedCondition on ReactiveUserDetailsServiceAutoConfiguration.MissingAlternativeOrUserPropertiesConfigured.MissingAlternative @ConditionalOnMissingClass did not find unwanted classes 'org.springframework.security.oauth2.client.registration.ClientRegistrationRepository', 'org.springframework.security.oauth2.server.resource.introspection.ReactiveOpaqueTokenIntrospector' (ReactiveUserDetailsServiceAutoConfiguration.MissingAlternativeOrUserPropertiesConfigured)

   ReactiveWebServerFactoryAutoConfiguration:
      Did not match:
         - @ConditionalOnWebApplication did not find reactive web application classes (OnWebApplicationCondition)

   RedisAutoConfiguration#redisTemplate:
      Did not match:
         - @ConditionalOnMissingBean (names: redisTemplate; SearchStrategy: all) found beans named redisTemplate (OnBeanCondition)

   RemoteDevToolsAutoConfiguration:
      Did not match:
         - @ConditionalOnProperty (spring.devtools.remote.secret) did not find property 'secret' (OnPropertyCondition)
      Matched:
         - @ConditionalOnClass found required classes 'jakarta.servlet.Filter', 'org.springframework.http.server.ServerHttpRequest' (OnClassCondition)

   RepositoryRestMvcAutoConfiguration:
      Did not match:
         - @ConditionalOnClass did not find required class 'org.springframework.data.rest.webmvc.config.RepositoryRestMvcConfiguration' (OnClassCondition)

   Saml2RelyingPartyAutoConfiguration:
      Did not match:
         - @ConditionalOnClass did not find required class 'org.springframework.security.saml2.provider.service.registration.RelyingPartyRegistrationRepository' (OnClassCondition)

   SecurityDataConfiguration:
      Did not match:
         - @ConditionalOnClass did not find required class 'org.springframework.security.data.repository.query.SecurityEvaluationContextExtension' (OnClassCondition)

   SendGridAutoConfiguration:
      Did not match:
         - @ConditionalOnClass did not find required class 'com.sendgrid.SendGrid' (OnClassCondition)

   ServletWebServerFactoryAutoConfiguration.ForwardedHeaderFilterConfiguration:
      Did not match:
         - @ConditionalOnProperty (server.forward-headers-strategy=framework) did not find property 'server.forward-headers-strategy' (OnPropertyCondition)

   ServletWebServerFactoryConfiguration.EmbeddedJetty:
      Did not match:
         - @ConditionalOnClass did not find required classes 'org.eclipse.jetty.server.Server', 'org.eclipse.jetty.util.Loader', 'org.eclipse.jetty.ee10.webapp.WebAppContext' (OnClassCondition)

   ServletWebServerFactoryConfiguration.EmbeddedTomcat:
      Did not match:
         - @ConditionalOnMissingBean (types: org.springframework.boot.web.servlet.server.ServletWebServerFactory; SearchStrategy: current) found beans of type 'org.springframework.boot.web.servlet.server.ServletWebServerFactory' tomcatEmbedded (OnBeanCondition)
      Matched:
         - @ConditionalOnClass found required classes 'jakarta.servlet.Servlet', 'org.apache.catalina.startup.Tomcat', 'org.apache.coyote.UpgradeProtocol' (OnClassCondition)

   ServletWebServerFactoryConfiguration.EmbeddedUndertow:
      Did not match:
         - @ConditionalOnClass did not find required classes 'io.undertow.Undertow', 'org.xnio.SslClientAuthMode' (OnClassCondition)

   SessionAutoConfiguration:
      Did not match:
         - @ConditionalOnClass did not find required class 'org.springframework.session.Session' (OnClassCondition)

   SpringApplicationAdminJmxAutoConfiguration:
      Did not match:
         - @ConditionalOnProperty (spring.application.admin.enabled=true) did not find property 'enabled' (OnPropertyCondition)

   SpringBootWebSecurityConfiguration.SecurityFilterChainConfiguration:
      Did not match:
         - AllNestedConditions 1 matched 1 did not; NestedCondition on DefaultWebSecurityCondition.Beans @ConditionalOnMissingBean (types: org.springframework.security.web.SecurityFilterChain; SearchStrategy: all) found beans of type 'org.springframework.security.web.SecurityFilterChain' filterChain; NestedCondition on DefaultWebSecurityCondition.Classes @ConditionalOnClass found required classes 'org.springframework.security.web.SecurityFilterChain', 'org.springframework.security.config.annotation.web.builders.HttpSecurity' (DefaultWebSecurityCondition)

   SpringBootWebSecurityConfiguration.WebSecurityEnablerConfiguration:
      Did not match:
         - @ConditionalOnMissingBean (names: springSecurityFilterChain; SearchStrategy: all) found beans named springSecurityFilterChain (OnBeanCondition)
      Matched:
         - @ConditionalOnClass found required class 'org.springframework.security.config.annotation.web.configuration.EnableWebSecurity' (OnClassCondition)

   TaskExecutorConfigurations.SimpleAsyncTaskExecutorBuilderConfiguration#simpleAsyncTaskExecutorBuilderVirtualThreads:
      Did not match:
         - @ConditionalOnMissingBean (types: org.springframework.boot.task.SimpleAsyncTaskExecutorBuilder; SearchStrategy: all) found beans of type 'org.springframework.boot.task.SimpleAsyncTaskExecutorBuilder' simpleAsyncTaskExecutorBuilder (OnBeanCondition)

   TaskExecutorConfigurations.TaskExecutorConfiguration#applicationTaskExecutorVirtualThreads:
      Did not match:
         - @ConditionalOnThreading did not find VIRTUAL (OnThreadingCondition)

   TaskSchedulingAutoConfiguration#scheduledBeanLazyInitializationExcludeFilter:
      Did not match:
         - @ConditionalOnBean (names: org.springframework.context.annotation.internalScheduledAnnotationProcessor; SearchStrategy: all) did not find any beans named org.springframework.context.annotation.internalScheduledAnnotationProcessor (OnBeanCondition)

   TaskSchedulingConfigurations.SimpleAsyncTaskSchedulerBuilderConfiguration#simpleAsyncTaskSchedulerBuilderVirtualThreads:
      Did not match:
         - @ConditionalOnMissingBean (types: org.springframework.boot.task.SimpleAsyncTaskSchedulerBuilder; SearchStrategy: all) found beans of type 'org.springframework.boot.task.SimpleAsyncTaskSchedulerBuilder' simpleAsyncTaskSchedulerBuilder (OnBeanCondition)

   TaskSchedulingConfigurations.TaskSchedulerConfiguration:
      Did not match:
         - @ConditionalOnBean (names: org.springframework.context.annotation.internalScheduledAnnotationProcessor; SearchStrategy: all) did not find any beans named org.springframework.context.annotation.internalScheduledAnnotationProcessor (OnBeanCondition)

   TemplateEngineConfigurations.ReactiveTemplateEngineConfiguration:
      Did not match:
         - did not find reactive web application classes (OnWebApplicationCondition)

   ThymeleafAutoConfiguration.DataAttributeDialectConfiguration:
      Did not match:
         - @ConditionalOnClass did not find required class 'com.github.mxab.thymeleaf.extras.dataattribute.dialect.DataAttributeDialect' (OnClassCondition)

   ThymeleafAutoConfiguration.ThymeleafSecurityDialectConfiguration:
      Did not match:
         - @ConditionalOnClass did not find required class 'org.thymeleaf.extras.springsecurity6.dialect.SpringSecurityDialect' (OnClassCondition)

   ThymeleafAutoConfiguration.ThymeleafWebFluxConfiguration:
      Did not match:
         - did not find reactive web application classes (OnWebApplicationCondition)

   ThymeleafAutoConfiguration.ThymeleafWebLayoutConfiguration:
      Did not match:
         - @ConditionalOnClass did not find required class 'nz.net.ultraq.thymeleaf.layoutdialect.LayoutDialect' (OnClassCondition)

   ThymeleafAutoConfiguration.ThymeleafWebMvcConfiguration#resourceUrlEncodingFilter:
      Did not match:
         - @ConditionalOnEnabledResourceChain did not find class org.webjars.WebJarVersionLocator (OnEnabledResourceChainCondition)

   TransactionAutoConfiguration#transactionalOperator:
      Did not match:
         - @ConditionalOnSingleCandidate (types: org.springframework.transaction.ReactiveTransactionManager; SearchStrategy: all) did not find any beans (OnBeanCondition)

   TransactionAutoConfiguration.AspectJTransactionManagementConfiguration:
      Did not match:
         - @ConditionalOnBean did not find required type 'org.springframework.transaction.aspectj.AbstractTransactionAspect' (OnBeanCondition)
         - @ConditionalOnBean (types: org.springframework.transaction.aspectj.AbstractTransactionAspect; SearchStrategy: all) did not find any beans of type org.springframework.transaction.aspectj.AbstractTransactionAspect (OnBeanCondition)

   TransactionAutoConfiguration.EnableTransactionManagementConfiguration.JdkDynamicAutoProxyConfiguration:
      Did not match:
         - @ConditionalOnProperty (spring.aop.proxy-target-class=false) did not find property 'proxy-target-class' (OnPropertyCondition)

   UserDetailsServiceAutoConfiguration:
      Did not match:
         - @ConditionalOnMissingBean (types: org.springframework.security.authentication.AuthenticationManager,org.springframework.security.authentication.AuthenticationProvider,org.springframework.security.core.userdetails.UserDetailsService,org.springframework.security.authentication.AuthenticationManagerResolver,org.springframework.security.oauth2.jwt.JwtDecoder; SearchStrategy: all) found beans of type 'org.springframework.security.authentication.AuthenticationManager' authenticationManager and found beans of type 'org.springframework.security.core.userdetails.UserDetailsService' BQSecurityUserDetailsService (OnBeanCondition)
      Matched:
         - @ConditionalOnClass found required class 'org.springframework.security.authentication.AuthenticationManager' (OnClassCondition)
         - found 'session' scope (OnWebApplicationCondition)
         - AnyNestedCondition 1 matched 2 did not; NestedCondition on UserDetailsServiceAutoConfiguration.MissingAlternativeOrUserPropertiesConfigured.PasswordConfigured @ConditionalOnProperty (spring.security.user.password) did not find property 'password'; NestedCondition on UserDetailsServiceAutoConfiguration.MissingAlternativeOrUserPropertiesConfigured.NameConfigured @ConditionalOnProperty (spring.security.user.name) did not find property 'name'; NestedCondition on UserDetailsServiceAutoConfiguration.MissingAlternativeOrUserPropertiesConfigured.MissingAlternative @ConditionalOnMissingClass did not find unwanted classes 'org.springframework.security.oauth2.client.registration.ClientRegistrationRepository', 'org.springframework.security.oauth2.server.resource.introspection.OpaqueTokenIntrospector', 'org.springframework.security.saml2.provider.service.registration.RelyingPartyRegistrationRepository' (UserDetailsServiceAutoConfiguration.MissingAlternativeOrUserPropertiesConfigured)

   ValidationAutoConfiguration:
      Did not match:
         - @ConditionalOnClass did not find required class 'jakarta.validation.executable.ExecutableValidator' (OnClassCondition)

   WebClientAutoConfiguration:
      Did not match:
         - @ConditionalOnClass did not find required class 'org.springframework.web.reactive.function.client.WebClient' (OnClassCondition)

   WebFluxAutoConfiguration:
      Did not match:
         - @ConditionalOnClass did not find required class 'org.springframework.web.reactive.config.WebFluxConfigurer' (OnClassCondition)

   WebMvcAutoConfiguration#hiddenHttpMethodFilter:
      Did not match:
         - @ConditionalOnProperty (spring.mvc.hiddenmethod.filter.enabled) did not find property 'enabled' (OnPropertyCondition)

   WebMvcAutoConfiguration.ProblemDetailsErrorHandlingConfiguration:
      Did not match:
         - @ConditionalOnProperty (spring.mvc.problemdetails.enabled=true) did not find property 'enabled' (OnPropertyCondition)

   WebMvcAutoConfiguration.ResourceChainCustomizerConfiguration:
      Did not match:
         - @ConditionalOnEnabledResourceChain did not find class org.webjars.WebJarVersionLocator (OnEnabledResourceChainCondition)

   WebMvcAutoConfiguration.WebMvcAutoConfigurationAdapter#beanNameViewResolver:
      Did not match:
         - @ConditionalOnBean (types: org.springframework.web.servlet.View; SearchStrategy: all) did not find any beans of type org.springframework.web.servlet.View (OnBeanCondition)

   WebServiceTemplateAutoConfiguration:
      Did not match:
         - @ConditionalOnClass did not find required class 'org.springframework.ws.client.core.WebServiceTemplate' (OnClassCondition)

   WebServicesAutoConfiguration:
      Did not match:
         - @ConditionalOnClass did not find required class 'org.springframework.ws.transport.http.MessageDispatcherServlet' (OnClassCondition)

   WebSessionIdResolverAutoConfiguration:
      Did not match:
         - @ConditionalOnWebApplication did not find reactive web application classes (OnWebApplicationCondition)

   WebSocketMessagingAutoConfiguration:
      Did not match:
         - @ConditionalOnClass did not find required class 'org.springframework.web.socket.config.annotation.WebSocketMessageBrokerConfigurer' (OnClassCondition)

   WebSocketReactiveAutoConfiguration:
      Did not match:
         - @ConditionalOnWebApplication did not find reactive web application classes (OnWebApplicationCondition)

   WebSocketServletAutoConfiguration.JettyWebSocketConfiguration:
      Did not match:
         - @ConditionalOnClass did not find required class 'org.eclipse.jetty.ee10.websocket.jakarta.server.config.JakartaWebSocketServletContainerInitializer' (OnClassCondition)

   WebSocketServletAutoConfiguration.UndertowWebSocketConfiguration:
      Did not match:
         - @ConditionalOnClass did not find required class 'io.undertow.websockets.jsr.Bootstrap' (OnClassCondition)

   XADataSourceAutoConfiguration:
      Did not match:
         - @ConditionalOnClass did not find required class 'jakarta.transaction.TransactionManager' (OnClassCondition)


Exclusions:
-----------

    org.springframework.boot.autoconfigure.amqp.RabbitAutoConfiguration


Unconditional classes:
----------------------

    org.springframework.boot.autoconfigure.context.ConfigurationPropertiesAutoConfiguration

    org.springframework.boot.autoconfigure.ssl.SslAutoConfiguration

    org.springframework.boot.autoconfigure.context.PropertyPlaceholderAutoConfiguration

    org.springframework.boot.autoconfigure.context.LifecycleAutoConfiguration

    org.springframework.boot.autoconfigure.availability.ApplicationAvailabilityAutoConfiguration

    org.springframework.boot.autoconfigure.info.ProjectInfoAutoConfiguration



2026-04-13 19:09:37.573 [restartedMain] DEBUG o.s.boot.availability.ApplicationAvailabilityBean - Application availability state LivenessState changed to CORRECT
2026-04-13 19:09:37.575 [restartedMain] DEBUG c.b.mybatisplus.autoconfigure.DdlApplicationRunner -   ...  DDL start create  ...  
2026-04-13 19:09:37.576 [restartedMain] DEBUG c.b.mybatisplus.autoconfigure.DdlApplicationRunner -   ...  DDL end create  ...  
2026-04-13 19:09:37.576 [restartedMain] DEBUG o.springframework.boot.devtools.restart.Restarter - Creating new Restarter for thread Thread[#1,main,5,main]
2026-04-13 19:09:37.576 [restartedMain] DEBUG o.springframework.boot.devtools.restart.Restarter - Immediately restarting application
2026-04-13 19:09:37.576 [restartedMain] DEBUG o.springframework.boot.devtools.restart.Restarter - Starting application com.qkplm.clinic.clinicserver.ClinicServerApplication with URLs [file:/D:/Wcke/000SourceCode/IDEAProjects/Clinic-Server/target/classes/]
2026-04-13 19:09:37.576 [restartedMain] DEBUG o.s.boot.availability.ApplicationAvailabilityBean - Application availability state ReadinessState changed to ACCEPTING_TRAFFIC
